Area,ISO 3 code,Year,Area type,Electricity source,Is aggregated source,Generation (TWh),Generation YoY change (TWh),Generation YoY change (%),Share of generation (%),Share of generation YoY change (% points),Capacity (GW),Emissions (MtCO2e),Emissions YoY change (MtCO2e),Emissions YoY change (%),Share of emissions (%),Emissions intensity (gCO2e/kWh),Continent,Ember region,EU member,OECD member,G20 member,G7 member,ASEAN member,Clean_Country
Egypt,EGY,1985,Country or economy,Wind,False,0.0,,,0.0,,,0.0,,,0.0,,Africa,Africa,False,False,False,False,False,Egypt
Egypt,EGY,1985,Country or economy,Hydro,False,9.15,,,30.238,,,0.217,,,1.554,23.716,Africa,Africa,False,False,False,False,False,Egypt
Egypt,EGY,1985,Country or economy,Nuclear,False,0.0,,,0.0,,,0.0,,,0.0,,Africa,Africa,False,False,False,False,False,Egypt
Egypt,EGY,1985,Country or economy,Coal,False,0.0,,,0.0,,,0.0,,,0.0,,Africa,Africa,False,False,False,False,False,Egypt
Egypt,EGY,1985,Country or economy,Gas,False,9.24,,,30.535,,,5.935,,,42.505,642.316,Africa,Africa,False,False,False,False,False,Egypt
Egypt,EGY,1985,Country or economy,Other fossil,False,11.87,,,39.227,,,7.81,,,55.933,657.961,Africa,Africa,False,False,False,False,False,Egypt
Egypt,EGY,1985,Country or economy,Wind and solar,True,0.0,,,0.0,,,0.0,,,0.0,,Africa,Africa,False,False,False,False,False,Egypt
Egypt,EGY,1985,Country or economy,"Hydro, bioenergy and other renewables",True,9.15,,,30.238,,,0.217,,,1.554,23.716,Africa,Africa,False,False,False,False,False,Egypt
Egypt,EGY,1985,Country or economy,Renewables,True,9.15,,,30.238,,,0.217,,,1.554,23.716,Africa,Africa,False,False,False,False,False,Egypt
Egypt,EGY,1985,Country or economy,Clean,True,9.15,,,30.238,,,0.217,,,1.554,23.716,Africa,Africa,False,False,False,False,False,Egypt
Egypt,EGY,1985,Country or economy,Fossil,True,21.11,,,69.762,,,13.746,,,98.444,651.161,Africa,Africa,False,False,False,False,False,Egypt
Egypt,EGY,1985,Country or economy,Total generation,True,30.26,,,100.0,,,13.963,,,99.998,461.434,Africa,Africa,False,False,False,False,False,Egypt
Egypt,EGY,1985,Country or economy,Demand,True,30.26,,,100.0,,,,,,,,Africa,Africa,False,False,False,False,False,Egypt
Egypt,EGY,1986,Country or economy,Wind,False,0.0,0.0,,0.0,0.0,,0.0,0.0,,0.0,,Africa,Africa,False,False,False,False,False,Egypt
Egypt,EGY,1986,Country or economy,Hydro,False,8.97,-0.18,-1.967,27.634,-2.604,,0.213,-0.004,-1.843,1.373,23.746,Africa,Africa,False,False,False,False,False,Egypt
Egypt,EGY,1986,Country or economy,Nuclear,False,0.0,0.0,,0.0,0.0,,0.0,0.0,,0.0,,Africa,Africa,False,False,False,False,False,Egypt
Egypt,EGY,1986,Country or economy,Coal,False,0.0,0.0,,0.0,0.0,,0.0,0.0,,0.0,,Africa,Africa,False,False,False,False,False,Egypt
Egypt,EGY,1986,Country or economy,Gas,False,10.29,1.05,11.364,31.701,1.166,,6.61,0.675,11.373,42.622,642.371,Africa,Africa,False,False,False,False,False,Egypt
Egypt,EGY,1986,Country or economy,Other fossil,False,13.2,1.33,11.205,40.665,1.438,,8.686,0.876,11.216,56.008,658.03,Africa,Africa,False,False,False,False,False,Egypt
Egypt,EGY,1986,Country or economy,Wind and solar,True,0.0,0.0,,0.0,0.0,,0.0,0.0,,0.0,,Africa,Africa,False,False,False,False,False,Egypt
Egypt,EGY,1986,Country or economy,"Hydro, bioenergy and other renewables",True,8.97,-0.18,-1.967,27.634,-2.604,,0.213,-0.004,-1.843,1.373,23.746,Africa,Africa,False,False,False,False,False,Egypt
Egypt,EGY,1986,Country or economy,Renewables,True,8.97,-0.18,-1.967,27.634,-2.604,,0.213,-0.004,-1.843,1.373,23.746,Africa,Africa,False,False,False,False,False,Egypt
Egypt,EGY,1986,Country or economy,Clean,True,8.97,-0.18,-1.967,27.634,-2.604,,0.213,-0.004,-1.843,1.373,23.746,Africa,Africa,False,False,False,False,False,Egypt
Egypt,EGY,1986,Country or economy,Fossil,True,23.49,2.38,11.274,72.366,2.604,,15.295,1.549,11.269,98.623,651.128,Africa,Africa,False,False,False,False,False,Egypt
Egypt,EGY,1986,Country or economy,Total generation,True,32.46,2.2,7.27,100.0,0.0,,15.509,1.546,11.072,100.003,477.788,Africa,Africa,False,False,False,False,False,Egypt
Egypt,EGY,1986,Country or economy,Demand,True,32.46,2.2,7.27,100.0,0.0,,,,,,,Africa,Africa,False,False,False,False,False,Egypt
Egypt,EGY,1987,Country or economy,Wind,False,0.0,0.0,,0.0,0.0,,0.0,0.0,,0.0,,Africa,Africa,False,False,False,False,False,Egypt
Egypt,EGY,1987,Country or economy,Hydro,False,8.97,0.0,0.0,25.154,-2.48,,0.213,0.0,0.0,1.211,23.746,Africa,Africa,False,False,False,False,False,Egypt
Egypt,EGY,1987,Country or economy,Nuclear,False,0.0,0.0,,0.0,0.0,,0.0,0.0,,0.0,,Africa,Africa,False,False,False,False,False,Egypt
Egypt,EGY,1987,Country or economy,Coal,False,0.0,0.0,,0.0,0.0,,0.0,0.0,,0.0,,Africa,Africa,False,False,False,False,False,Egypt
Egypt,EGY,1987,Country or economy,Gas,False,11.72,1.43,13.897,32.866,1.165,,7.528,0.918,13.888,42.793,642.321,Africa,Africa,False,False,False,False,False,Egypt
Egypt,EGY,1987,Country or economy,Other fossil,False,14.97,1.77,13.409,41.98,1.315,,9.85,1.164,13.401,55.992,657.983,Africa,Africa,False,False,False,False,False,Egypt
Egypt,EGY,1987,Country or economy,Wind and solar,True,0.0,0.0,,0.0,0.0,,0.0,0.0,,0.0,,Africa,Africa,False,False,False,False,False,Egypt
Egypt,EGY,1987,Country or economy,"Hydro, bioenergy and other renewables",True,8.97,0.0,0.0,25.154,-2.48,,0.213,0.0,0.0,1.211,23.746,Africa,Africa,False,False,False,False,False,Egypt
Egypt,EGY,1987,Country or economy,Renewables,True,8.97,0.0,0.0,25.154,-2.48,,0.213,0.0,0.0,1.211,23.746,Africa,Africa,False,False,False,False,False,Egypt
Egypt,EGY,1987,Country or economy,Clean,True,8.97,0.0,0.0,25.154,-2.48,,0.213,0.0,0.0,1.211,23.746,Africa,Africa,False,False,False,False,False,Egypt
Egypt,EGY,1987,Country or economy,Fossil,True,26.69,3.2,13.623,74.846,2.48,,17.379,2.084,13.625,98.79,651.143,Africa,Africa,False,False,False,False,False,Egypt
Egypt,EGY,1987,Country or economy,Total generation,True,35.66,3.2,9.858,100.0,0.0,,17.592,2.083,13.431,100.001,493.326,Africa,Africa,False,False,False,False,False,Egypt
Egypt,EGY,1987,Country or economy,Demand,True,35.66,3.2,9.858,100.0,0.0,,,,,,,Africa,Africa,False,False,False,False,False,Egypt
Egypt,EGY,1988,Country or economy,Wind,False,0.0,0.0,,0.0,0.0,,0.0,0.0,,0.0,,Africa,Africa,False,False,False,False,False,Egypt
Egypt,EGY,1988,Country or economy,Hydro,False,8.83,-0.14,-1.561,22.805,-2.349,,0.21,-0.003,-1.408,1.068,23.783,Africa,Africa,False,False,False,False,False,Egypt
Egypt,EGY,1988,Country or economy,Nuclear,False,0.0,0.0,,0.0,0.0,,0.0,0.0,,0.0,,Africa,Africa,False,False,False,False,False,Egypt
Egypt,EGY,1988,Country or economy,Coal,False,0.0,0.0,,0.0,0.0,,0.0,0.0,,0.0,,Africa,Africa,False,False,False,False,False,Egypt
Egypt,EGY,1988,Country or economy,Gas,False,13.16,1.44,12.287,33.988,1.122,,8.453,0.925,12.287,42.971,642.325,Africa,Africa,False,False,False,False,False,Egypt
Egypt,EGY,1988,Country or economy,Other fossil,False,16.73,1.76,11.757,43.208,1.228,,11.008,1.158,11.756,55.959,657.98,Africa,Africa,False,False,False,False,False,Egypt
Egypt,EGY,1988,Country or economy,Wind and solar,True,0.0,0.0,,0.0,0.0,,0.0,0.0,,0.0,,Africa,Africa,False,False,False,False,False,Egypt
Egypt,EGY,1988,Country or economy,"Hydro, bioenergy and other renewables",True,8.83,-0.14,-1.561,22.805,-2.349,,0.21,-0.003,-1.408,1.068,23.783,Africa,Africa,False,False,False,False,False,Egypt
Egypt,EGY,1988,Country or economy,Renewables,True,8.83,-0.14,-1.561,22.805,-2.349,,0.21,-0.003,-1.408,1.068,23.783,Africa,Africa,False,False,False,False,False,Egypt
Egypt,EGY,1988,Country or economy,Clean,True,8.83,-0.14,-1.561,22.805,-2.349,,0.21,-0.003,-1.408,1.068,23.783,Africa,Africa,False,False,False,False,False,Egypt
Egypt,EGY,1988,Country or economy,Fossil,True,29.89,3.2,11.99,77.195,2.349,,19.462,2.083,11.986,98.935,651.121,Africa,Africa,False,False,False,False,False,Egypt
Egypt,EGY,1988,Country or economy,Total generation,True,38.72,3.06,8.581,100.0,0.0,,19.672,2.08,11.824,100.002,508.058,Africa,Africa,False,False,False,False,False,Egypt
Egypt,EGY,1988,Country or economy,Demand,True,38.72,3.06,8.581,100.0,0.0,,,,,,,Africa,Africa,False,False,False,False,False,Egypt
Egypt,EGY,1989,Country or economy,Wind,False,0.0,0.0,,0.0,0.0,,0.0,0.0,,0.0,,Africa,Africa,False,False,False,False,False,Egypt
Egypt,EGY,1989,Country or economy,Hydro,False,9.49,0.66,7.475,23.363,0.558,,0.225,0.015,7.143,1.098,23.709,Africa,Africa,False,False,False,False,False,Egypt
Egypt,EGY,1989,Country or economy,Nuclear,False,0.0,0.0,,0.0,0.0,,0.0,0.0,,0.0,,Africa,Africa,False,False,False,False,False,Egypt
Egypt,EGY,1989,Country or economy,Coal,False,0.0,0.0,,0.0,0.0,,0.0,0.0,,0.0,,Africa,Africa,False,False,False,False,False,Egypt
Egypt,EGY,1989,Country or economy,Gas,False,13.72,0.56,4.255,33.776,-0.212,,8.813,0.36,4.259,43.002,642.347,Africa,Africa,False,False,False,False,False,Egypt
Egypt,EGY,1989,Country or economy,Other fossil,False,17.41,0.68,4.065,42.861,-0.347,,11.456,0.448,4.07,55.898,658.013,Africa,Africa,False,False,False,False,False,Egypt
Egypt,EGY,1989,Country or economy,Wind and solar,True,0.0,0.0,,0.0,0.0,,0.0,0.0,,0.0,,Africa,Africa,False,False,False,False,False,Egypt
Egypt,EGY,1989,Country or economy,"Hydro, bioenergy and other renewables",True,9.49,0.66,7.475,23.363,0.558,,0.225,0.015,7.143,1.098,23.709,Africa,Africa,False,False,False,False,False,Egypt
Egypt,EGY,1989,Country or economy,Renewables,True,9.49,0.66,7.475,23.363,0.558,,0.225,0.015,7.143,1.098,23.709,Africa,Africa,False,False,False,False,False,Egypt
Egypt,EGY,1989,Country or economy,Clean,True,9.49,0.66,7.475,23.363,0.558,,0.225,0.015,7.143,1.098,23.709,Africa,Africa,False,False,False,False,False,Egypt
Egypt,EGY,1989,Country or economy,Fossil,True,31.13,1.24,4.149,76.637,-0.558,,20.269,0.807,4.147,98.9,651.108,Africa,Africa,False,False,False,False,False,Egypt
Egypt,EGY,1989,Country or economy,Total generation,True,40.62,1.9,4.907,100.0,0.0,,20.494,0.822,4.179,99.998,504.53,Africa,Africa,False,False,False,False,False,Egypt
Egypt,EGY,1989,Country or economy,Demand,True,40.62,1.9,4.907,100.0,0.0,,,,,,,Africa,Africa,False,False,False,False,False,Egypt
Egypt,EGY,1990,Country or economy,Solar,False,0.0,,,0.0,,,0.0,,,0.0,,Africa,Africa,False,False,False,False,False,Egypt
Egypt,EGY,1990,Country or economy,Wind,False,0.0,0.0,,0.0,0.0,,0.0,0.0,,0.0,,Africa,Africa,False,False,False,False,False,Egypt
Egypt,EGY,1990,Country or economy,Hydro,False,9.95,0.46,4.847,23.719,0.356,,0.236,0.011,4.889,1.122,23.719,Africa,Africa,False,False,False,False,False,Egypt
Egypt,EGY,1990,Country or economy,Bioenergy,False,0.0,,,0.0,,,0.0,,,0.0,,Africa,Africa,False,False,False,False,False,Egypt
Egypt,EGY,1990,Country or economy,Nuclear,False,0.0,0.0,,0.0,0.0,,0.0,0.0,,0.0,,Africa,Africa,False,False,False,False,False,Egypt
Egypt,EGY,1990,Country or economy,Coal,False,0.0,0.0,,0.0,0.0,,0.0,0.0,,0.0,,Africa,Africa,False,False,False,False,False,Egypt
Egypt,EGY,1990,Country or economy,Gas,False,16.45,2.73,19.898,39.213,5.437,,10.567,1.754,19.902,50.235,642.371,Africa,Africa,False,False,False,False,False,Egypt
Egypt,EGY,1990,Country or economy,Other fossil,False,15.55,-1.86,-10.684,37.068,-5.793,,10.232,-1.224,-10.684,48.643,658.006,Africa,Africa,False,False,False,False,False,Egypt
Egypt,EGY,1990,Country or economy,Wind and solar,True,0.0,0.0,,0.0,0.0,,0.0,0.0,,0.0,,Africa,Africa,False,False,False,False,False,Egypt
Egypt,EGY,1990,Country or economy,"Hydro, bioenergy and other renewables",True,9.95,0.46,4.847,23.719,0.356,,0.236,0.011,4.889,1.122,23.719,Africa,Africa,False,False,False,False,False,Egypt
Egypt,EGY,1990,Country or economy,Renewables,True,9.95,0.46,4.847,23.719,0.356,,0.236,0.011,4.889,1.122,23.719,Africa,Africa,False,False,False,False,False,Egypt
Egypt,EGY,1990,Country or economy,Clean,True,9.95,0.46,4.847,23.719,0.356,,0.236,0.011,4.889,1.122,23.719,Africa,Africa,False,False,False,False,False,Egypt
Egypt,EGY,1990,Country or economy,Fossil,True,32.0,0.87,2.795,76.281,-0.356,,20.799,0.53,2.615,98.878,649.969,Africa,Africa,False,False,False,False,False,Egypt
Egypt,EGY,1990,Country or economy,Total generation,True,41.95,1.33,3.274,100.0,0.0,,21.035,0.541,2.64,100.0,501.43,Africa,Africa,False,False,False,False,False,Egypt
Egypt,EGY,1990,Country or economy,Demand,True,41.95,1.33,3.274,100.0,0.0,,,,,,,Africa,Africa,False,False,False,False,False,Egypt
Egypt,EGY,1991,Country or economy,Solar,False,0.0,0.0,,0.0,0.0,,0.0,0.0,,0.0,,Africa,Africa,False,False,False,False,False,Egypt
Egypt,EGY,1991,Country or economy,Wind,False,0.0,0.0,,0.0,0.0,,0.0,0.0,,0.0,,Africa,Africa,False,False,False,False,False,Egypt
Egypt,EGY,1991,Country or economy,Hydro,False,9.92,-0.03,-0.302,22.921,-0.798,,0.236,0.0,0.0,1.079,23.79,Africa,Africa,False,False,False,False,False,Egypt
Egypt,EGY,1991,Country or economy,Bioenergy,False,0.0,0.0,,0.0,0.0,,0.0,0.0,,0.0,,Africa,Africa,False,False,False,False,False,Egypt
Egypt,EGY,1991,Country or economy,Nuclear,False,0.0,0.0,,0.0,0.0,,0.0,0.0,,0.0,,Africa,Africa,False,False,False,False,False,Egypt
Egypt,EGY,1991,Country or economy,Coal,False,0.0,0.0,,0.0,0.0,,0.0,0.0,,0.0,,Africa,Africa,False,False,False,False,False,Egypt
Egypt,EGY,1991,Country or economy,Gas,False,20.41,3.96,24.073,47.158,7.945,,13.11,2.543,24.065,59.953,642.332,Africa,Africa,False,False,False,False,False,Egypt
Egypt,EGY,1991,Country or economy,Other fossil,False,12.95,-2.6,-16.72,29.921,-7.147,,8.521,-1.711,-16.722,38.967,657.992,Africa,Africa,False,False,False,False,False,Egypt
Egypt,EGY,1991,Country or economy,Wind and solar,True,0.0,0.0,,0.0,0.0,,0.0,0.0,,0.0,,Africa,Africa,False,False,False,False,False,Egypt
Egypt,EGY,1991,Country or economy,"Hydro, bioenergy and other renewables",True,9.92,-0.03,-0.302,22.921,-0.798,,0.236,0.0,0.0,1.079,23.79,Africa,Africa,False,False,False,False,False,Egypt
Egypt,EGY,1991,Country or economy,Renewables,True,9.92,-0.03,-0.302,22.921,-0.798,,0.236,0.0,0.0,1.079,23.79,Africa,Africa,False,False,False,False,False,Egypt
Egypt,EGY,1991,Country or economy,Clean,True,9.92,-0.03,-0.302,22.921,-0.798,,0.236,0.0,0.0,1.079,23.79,Africa,Africa,False,False,False,False,False,Egypt
Egypt,EGY,1991,Country or economy,Fossil,True,33.36,1.36,4.25,77.079,0.798,,21.632,0.833,4.005,98.924,648.441,Africa,Africa,False,False,False,False,False,Egypt
Egypt,EGY,1991,Country or economy,Total generation,True,43.28,1.33,3.17,100.0,0.0,,21.867,0.832,3.955,99.999,505.245,Africa,Africa,False,False,False,False,False,Egypt
Egypt,EGY,1991,Country or economy,Demand,True,43.28,1.33,3.17,100.0,0.0,,,,,,,Africa,Africa,False,False,False,False,False,Egypt
Egypt,EGY,1992,Country or economy,Solar,False,0.0,0.0,,0.0,0.0,,0.0,0.0,,0.0,,Africa,Africa,False,False,False,False,False,Egypt
Egypt,EGY,1992,Country or economy,Wind,False,0.0,0.0,,0.0,0.0,,0.0,0.0,,0.0,,Africa,Africa,False,False,False,False,False,Egypt
Egypt,EGY,1992,Country or economy,Hydro,False,9.8,-0.12,-1.21,21.787,-1.134,,0.233,-0.003,-1.271,1.012,23.776,Africa,Africa,False,False,False,False,False,Egypt
Egypt,EGY,1992,Country or economy,Bioenergy,False,0.0,0.0,,0.0,0.0,,0.0,0.0,,0.0,,Africa,Africa,False,False,False,False,False,Egypt
Egypt,EGY,1992,Country or economy,Nuclear,False,0.0,0.0,,0.0,0.0,,0.0,0.0,,0.0,,Africa,Africa,False,False,False,False,False,Egypt
Egypt,EGY,1992,Country or economy,Coal,False,0.0,0.0,,0.0,0.0,,0.0,0.0,,0.0,,Africa,Africa,False,False,False,False,False,Egypt
Egypt,EGY,1992,Country or economy,Gas,False,22.94,2.53,12.396,51.0,3.842,,14.736,1.626,12.403,64.007,642.371,Africa,Africa,False,False,False,False,False,Egypt
Egypt,EGY,1992,Country or economy,Other fossil,False,12.24,-0.71,-5.483,27.212,-2.709,,8.054,-0.467,-5.481,34.983,658.007,Africa,Africa,False,False,False,False,False,Egypt
Egypt,EGY,1992,Country or economy,Wind and solar,True,0.0,0.0,,0.0,0.0,,0.0,0.0,,0.0,,Africa,Africa,False,False,False,False,False,Egypt
Egypt,EGY,1992,Country or economy,"Hydro, bioenergy and other renewables",True,9.8,-0.12,-1.21,21.787,-1.134,,0.233,-0.003,-1.271,1.012,23.776,Africa,Africa,False,False,False,False,False,Egypt
Egypt,EGY,1992,Country or economy,Renewables,True,9.8,-0.12,-1.21,21.787,-1.134,,0.233,-0.003,-1.271,1.012,23.776,Africa,Africa,False,False,False,False,False,Egypt
Egypt,EGY,1992,Country or economy,Clean,True,9.8,-0.12,-1.21,21.787,-1.134,,0.233,-0.003,-1.271,1.012,23.776,Africa,Africa,False,False,False,False,False,Egypt
Egypt,EGY,1992,Country or economy,Fossil,True,35.18,1.82,5.456,78.213,1.134,,22.79,1.158,5.353,98.991,647.811,Africa,Africa,False,False,False,False,False,Egypt
Egypt,EGY,1992,Country or economy,Total generation,True,44.98,1.7,3.928,100.0,0.0,,23.022,1.155,5.282,99.998,511.827,Africa,Africa,False,False,False,False,False,Egypt
Egypt,EGY,1992,Country or economy,Demand,True,44.98,1.7,3.928,100.0,0.0,,,,,,,Africa,Africa,False,False,False,False,False,Egypt
Egypt,EGY,1993,Country or economy,Solar,False,0.0,0.0,,0.0,0.0,,0.0,0.0,,0.0,,Africa,Africa,False,False,False,False,False,Egypt
Egypt,EGY,1993,Country or economy,Wind,False,0.0,0.0,,0.0,0.0,,0.0,0.0,,0.0,,Africa,Africa,False,False,False,False,False,Egypt
Egypt,EGY,1993,Country or economy,Hydro,False,10.09,0.29,2.959,21.592,-0.195,,0.24,0.007,3.004,1.003,23.786,Africa,Africa,False,False,False,False,False,Egypt
Egypt,EGY,1993,Country or economy,Bioenergy,False,0.0,0.0,,0.0,0.0,,0.0,0.0,,0.0,,Africa,Africa,False,False,False,False,False,Egypt
Egypt,EGY,1993,Country or economy,Nuclear,False,0.0,0.0,,0.0,0.0,,0.0,0.0,,0.0,,Africa,Africa,False,False,False,False,False,Egypt
Egypt,EGY,1993,Country or economy,Coal,False,0.0,0.0,,0.0,0.0,,0.0,0.0,,0.0,,Africa,Africa,False,False,False,False,False,Egypt
Egypt,EGY,1993,Country or economy,Gas,False,26.17,3.23,14.08,56.003,5.003,,16.81,2.074,14.074,70.219,642.339,Africa,Africa,False,False,False,False,False,Egypt
Egypt,EGY,1993,Country or economy,Other fossil,False,10.47,-1.77,-14.461,22.405,-4.807,,6.889,-1.165,-14.465,28.777,657.975,Africa,Africa,False,False,False,False,False,Egypt
Egypt,EGY,1993,Country or economy,Wind and solar,True,0.0,0.0,,0.0,0.0,,0.0,0.0,,0.0,,Africa,Africa,False,False,False,False,False,Egypt
Egypt,EGY,1993,Country or economy,"Hydro, bioenergy and other renewables",True,10.09,0.29,2.959,21.592,-0.195,,0.24,0.007,3.004,1.003,23.786,Africa,Africa,False,False,False,False,False,Egypt
Egypt,EGY,1993,Country or economy,Renewables,True,10.09,0.29,2.959,21.592,-0.195,,0.24,0.007,3.004,1.003,23.786,Africa,Africa,False,False,False,False,False,Egypt
Egypt,EGY,1993,Country or economy,Clean,True,10.09,0.29,2.959,21.592,-0.195,,0.24,0.007,3.004,1.003,23.786,Africa,Africa,False,False,False,False,False,Egypt
Egypt,EGY,1993,Country or economy,Fossil,True,36.64,1.46,4.15,78.408,0.195,,23.7,0.91,3.993,99.0,646.834,Africa,Africa,False,False,False,False,False,Egypt
Egypt,EGY,1993,Country or economy,Total generation,True,46.73,1.75,3.891,100.0,0.0,,23.939,0.917,3.983,99.998,512.283,Africa,Africa,False,False,False,False,False,Egypt
Egypt,EGY,1993,Country or economy,Demand,True,46.73,1.75,3.891,100.0,0.0,,,,,,,Africa,Africa,False,False,False,False,False,Egypt
Egypt,EGY,1994,Country or economy,Solar,False,0.0,0.0,,0.0,0.0,,0.0,0.0,,0.0,,Africa,Africa,False,False,False,False,False,Egypt
Egypt,EGY,1994,Country or economy,Wind,False,0.0,0.0,,0.0,0.0,,0.0,0.0,,0.0,,Africa,Africa,False,False,False,False,False,Egypt
Egypt,EGY,1994,Country or economy,Hydro,False,10.73,0.64,6.343,22.101,0.509,,0.255,0.015,6.25,1.033,23.765,Africa,Africa,False,False,False,False,False,Egypt
Egypt,EGY,1994,Country or economy,Bioenergy,False,0.0,0.0,,0.0,0.0,,0.0,0.0,,0.0,,Africa,Africa,False,False,False,False,False,Egypt
Egypt,EGY,1994,Country or economy,Nuclear,False,0.0,0.0,,0.0,0.0,,0.0,0.0,,0.0,,Africa,Africa,False,False,False,False,False,Egypt
Egypt,EGY,1994,Country or economy,Coal,False,0.0,0.0,,0.0,0.0,,0.0,0.0,,0.0,,Africa,Africa,False,False,False,False,False,Egypt
Egypt,EGY,1994,Country or economy,Gas,False,29.29,3.12,11.922,60.33,4.327,,18.815,2.005,11.927,76.229,642.369,Africa,Africa,False,False,False,False,False,Egypt
Egypt,EGY,1994,Country or economy,Other fossil,False,8.53,-1.94,-18.529,17.57,-4.835,,5.613,-1.276,-18.522,22.741,658.03,Africa,Africa,False,False,False,False,False,Egypt
Egypt,EGY,1994,Country or economy,Wind and solar,True,0.0,0.0,,0.0,0.0,,0.0,0.0,,0.0,,Africa,Africa,False,False,False,False,False,Egypt
Egypt,EGY,1994,Country or economy,"Hydro, bioenergy and other renewables",True,10.73,0.64,6.343,22.101,0.509,,0.255,0.015,6.25,1.033,23.765,Africa,Africa,False,False,False,False,False,Egypt
Egypt,EGY,1994,Country or economy,Renewables,True,10.73,0.64,6.343,22.101,0.509,,0.255,0.015,6.25,1.033,23.765,Africa,Africa,False,False,False,False,False,Egypt
Egypt,EGY,1994,Country or economy,Clean,True,10.73,0.64,6.343,22.101,0.509,,0.255,0.015,6.25,1.033,23.765,Africa,Africa,False,False,False,False,False,Egypt
Egypt,EGY,1994,Country or economy,Fossil,True,37.82,1.18,3.221,77.899,-0.509,,24.427,0.727,3.068,98.966,645.875,Africa,Africa,False,False,False,False,False,Egypt
Egypt,EGY,1994,Country or economy,Total generation,True,48.55,1.82,3.895,100.0,0.0,,24.682,0.743,3.104,99.999,508.383,Africa,Africa,False,False,False,False,False,Egypt
Egypt,EGY,1994,Country or economy,Demand,True,48.55,1.82,3.895,100.0,0.0,,,,,,,Africa,Africa,False,False,False,False,False,Egypt
Egypt,EGY,1995,Country or economy,Solar,False,0.0,0.0,,0.0,0.0,,0.0,0.0,,0.0,,Africa,Africa,False,False,False,False,False,Egypt
Egypt,EGY,1995,Country or economy,Wind,False,0.0,0.0,,0.0,0.0,,0.0,0.0,,0.0,,Africa,Africa,False,False,False,False,False,Egypt
Egypt,EGY,1995,Country or economy,Hydro,False,11.19,0.46,4.287,22.093,-0.008,,0.266,0.011,4.314,1.033,23.771,Africa,Africa,False,False,False,False,False,Egypt
Egypt,EGY,1995,Country or economy,Bioenergy,False,0.0,0.0,,0.0,0.0,,0.0,0.0,,0.0,,Africa,Africa,False,False,False,False,False,Egypt
Egypt,EGY,1995,Country or economy,Nuclear,False,0.0,0.0,,0.0,0.0,,0.0,0.0,,0.0,,Africa,Africa,False,False,False,False,False,Egypt
Egypt,EGY,1995,Country or economy,Coal,False,0.0,0.0,,0.0,0.0,,0.0,0.0,,0.0,,Africa,Africa,False,False,False,False,False,Egypt
Egypt,EGY,1995,Country or economy,Gas,False,30.45,1.16,3.96,60.118,-0.212,,19.56,0.745,3.96,75.949,642.365,Africa,Africa,False,False,False,False,False,Egypt
Egypt,EGY,1995,Country or economy,Other fossil,False,9.01,0.48,5.627,17.789,0.219,,5.929,0.316,5.63,23.022,658.047,Africa,Africa,False,False,False,False,False,Egypt
Egypt,EGY,1995,Country or economy,Wind and solar,True,0.0,0.0,,0.0,0.0,,0.0,0.0,,0.0,,Africa,Africa,False,False,False,False,False,Egypt
Egypt,EGY,1995,Country or economy,"Hydro, bioenergy and other renewables",True,11.19,0.46,4.287,22.093,-0.008,,0.266,0.011,4.314,1.033,23.771,Africa,Africa,False,False,False,False,False,Egypt
Egypt,EGY,1995,Country or economy,Renewables,True,11.19,0.46,4.287,22.093,-0.008,,0.266,0.011,4.314,1.033,23.771,Africa,Africa,False,False,False,False,False,Egypt
Egypt,EGY,1995,Country or economy,Clean,True,11.19,0.46,4.287,22.093,-0.008,,0.266,0.011,4.314,1.033,23.771,Africa,Africa,False,False,False,False,False,Egypt
Egypt,EGY,1995,Country or economy,Fossil,True,39.46,1.64,4.336,77.907,0.008,,25.488,1.061,4.344,98.967,645.92,Africa,Africa,False,False,False,False,False,Egypt
Egypt,EGY,1995,Country or economy,Total generation,True,50.65,2.1,4.325,100.0,0.0,,25.754,1.072,4.343,99.999,508.47,Africa,Africa,False,False,False,False,False,Egypt
Egypt,EGY,1995,Country or economy,Demand,True,50.65,2.1,4.325,100.0,0.0,,,,,,,Africa,Africa,False,False,False,False,False,Egypt
Egypt,EGY,1996,Country or economy,Solar,False,0.0,0.0,,0.0,0.0,,0.0,0.0,,0.0,,Africa,Africa,False,False,False,False,False,Egypt
Egypt,EGY,1996,Country or economy,Wind,False,0.0,0.0,,0.0,0.0,,0.0,0.0,,0.0,,Africa,Africa,False,False,False,False,False,Egypt
Egypt,EGY,1996,Country or economy,Hydro,False,11.48,0.29,2.592,21.434,-0.659,,0.273,0.007,2.632,0.994,23.78,Africa,Africa,False,False,False,False,False,Egypt
Egypt,EGY,1996,Country or economy,Bioenergy,False,0.0,0.0,,0.0,0.0,,0.0,0.0,,0.0,,Africa,Africa,False,False,False,False,False,Egypt
Egypt,EGY,1996,Country or economy,Nuclear,False,0.0,0.0,,0.0,0.0,,0.0,0.0,,0.0,,Africa,Africa,False,False,False,False,False,Egypt
Egypt,EGY,1996,Country or economy,Coal,False,0.0,0.0,,0.0,0.0,,0.0,0.0,,0.0,,Africa,Africa,False,False,False,False,False,Egypt
Egypt,EGY,1996,Country or economy,Gas,False,31.51,1.06,3.481,58.831,-1.287,,20.241,0.681,3.482,73.688,642.368,Africa,Africa,False,False,False,False,False,Egypt
Egypt,EGY,1996,Country or economy,Other fossil,False,10.57,1.56,17.314,19.735,1.946,,6.955,1.026,17.305,25.32,657.994,Africa,Africa,False,False,False,False,False,Egypt
Egypt,EGY,1996,Country or economy,Wind and solar,True,0.0,0.0,,0.0,0.0,,0.0,0.0,,0.0,,Africa,Africa,False,False,False,False,False,Egypt
Egypt,EGY,1996,Country or economy,"Hydro, bioenergy and other renewables",True,11.48,0.29,2.592,21.434,-0.659,,0.273,0.007,2.632,0.994,23.78,Africa,Africa,False,False,False,False,False,Egypt
Egypt,EGY,1996,Country or economy,Renewables,True,11.48,0.29,2.592,21.434,-0.659,,0.273,0.007,2.632,0.994,23.78,Africa,Africa,False,False,False,False,False,Egypt
Egypt,EGY,1996,Country or economy,Clean,True,11.48,0.29,2.592,21.434,-0.659,,0.273,0.007,2.632,0.994,23.78,Africa,Africa,False,False,False,False,False,Egypt
Egypt,EGY,1996,Country or economy,Fossil,True,42.08,2.62,6.64,78.566,0.659,,27.196,1.708,6.701,99.008,646.293,Africa,Africa,False,False,False,False,False,Egypt
Egypt,EGY,1996,Country or economy,Total generation,True,53.56,2.91,5.745,100.0,0.0,,27.468,1.714,6.655,99.998,512.845,Africa,Africa,False,False,False,False,False,Egypt
Egypt,EGY,1996,Country or economy,Demand,True,53.56,2.91,5.745,100.0,0.0,,,,,,,Africa,Africa,False,False,False,False,False,Egypt
Egypt,EGY,1997,Country or economy,Solar,False,0.0,0.0,,0.0,0.0,,0.0,0.0,,0.0,,Africa,Africa,False,False,False,False,False,Egypt
Egypt,EGY,1997,Country or economy,Wind,False,0.0,0.0,,0.0,0.0,,0.0,0.0,,0.0,,Africa,Africa,False,False,False,False,False,Egypt
Egypt,EGY,1997,Country or economy,Hydro,False,11.77,0.29,2.526,20.729,-0.705,,0.28,0.007,2.564,0.953,23.789,Africa,Africa,False,False,False,False,False,Egypt
Egypt,EGY,1997,Country or economy,Bioenergy,False,0.0,0.0,,0.0,0.0,,0.0,0.0,,0.0,,Africa,Africa,False,False,False,False,False,Egypt
Egypt,EGY,1997,Country or economy,Nuclear,False,0.0,0.0,,0.0,0.0,,0.0,0.0,,0.0,,Africa,Africa,False,False,False,False,False,Egypt
Egypt,EGY,1997,Country or economy,Coal,False,0.0,0.0,,0.0,0.0,,0.0,0.0,,0.0,,Africa,Africa,False,False,False,False,False,Egypt
Egypt,EGY,1997,Country or economy,Gas,False,32.68,1.17,3.713,57.555,-1.276,,20.992,0.751,3.71,71.438,642.35,Africa,Africa,False,False,False,False,False,Egypt
Egypt,EGY,1997,Country or economy,Other fossil,False,12.33,1.76,16.651,21.715,1.98,,8.113,1.158,16.65,27.609,657.989,Africa,Africa,False,False,False,False,False,Egypt
Egypt,EGY,1997,Country or economy,Wind and solar,True,0.0,0.0,,0.0,0.0,,0.0,0.0,,0.0,,Africa,Africa,False,False,False,False,False,Egypt
Egypt,EGY,1997,Country or economy,"Hydro, bioenergy and other renewables",True,11.77,0.29,2.526,20.729,-0.705,,0.28,0.007,2.564,0.953,23.789,Africa,Africa,False,False,False,False,False,Egypt
Egypt,EGY,1997,Country or economy,Renewables,True,11.77,0.29,2.526,20.729,-0.705,,0.28,0.007,2.564,0.953,23.789,Africa,Africa,False,False,False,False,False,Egypt
Egypt,EGY,1997,Country or economy,Clean,True,11.77,0.29,2.526,20.729,-0.705,,0.28,0.007,2.564,0.953,23.789,Africa,Africa,False,False,False,False,False,Egypt
Egypt,EGY,1997,Country or economy,Fossil,True,45.01,2.93,6.963,79.271,0.705,,29.105,1.909,7.019,99.047,646.634,Africa,Africa,False,False,False,False,False,Egypt
Egypt,EGY,1997,Country or economy,Total generation,True,56.78,3.22,6.012,100.0,0.0,,29.385,1.917,6.979,100.0,517.524,Africa,Africa,False,False,False,False,False,Egypt
Egypt,EGY,1997,Country or economy,Demand,True,56.78,3.22,6.012,100.0,0.0,,,,,,,Africa,Africa,False,False,False,False,False,Egypt
Egypt,EGY,1998,Country or economy,Solar,False,0.0,0.0,,0.0,0.0,,0.0,0.0,,0.0,,Africa,Africa,False,False,False,False,False,Egypt
Egypt,EGY,1998,Country or economy,Wind,False,0.0,0.0,,0.0,0.0,,0.0,0.0,,0.0,,Africa,Africa,False,False,False,False,False,Egypt
Egypt,EGY,1998,Country or economy,Hydro,False,12.1,0.33,2.804,19.937,-0.792,,0.287,0.007,2.5,0.904,23.719,Africa,Africa,False,False,False,False,False,Egypt
Egypt,EGY,1998,Country or economy,Bioenergy,False,0.0,0.0,,0.0,0.0,,0.0,0.0,,0.0,,Africa,Africa,False,False,False,False,False,Egypt
Egypt,EGY,1998,Country or economy,Nuclear,False,0.0,0.0,,0.0,0.0,,0.0,0.0,,0.0,,Africa,Africa,False,False,False,False,False,Egypt
Egypt,EGY,1998,Country or economy,Coal,False,0.0,0.0,,0.0,0.0,,0.0,0.0,,0.0,,Africa,Africa,False,False,False,False,False,Egypt
Egypt,EGY,1998,Country or economy,Gas,False,32.53,-0.15,-0.459,53.6,-3.955,,20.896,-0.096,-0.457,65.813,642.361,Africa,Africa,False,False,False,False,False,Egypt
Egypt,EGY,1998,Country or economy,Other fossil,False,16.06,3.73,30.251,26.462,4.747,,10.567,2.454,30.248,33.281,657.97,Africa,Africa,False,False,False,False,False,Egypt
Egypt,EGY,1998,Country or economy,Wind and solar,True,0.0,0.0,,0.0,0.0,,0.0,0.0,,0.0,,Africa,Africa,False,False,False,False,False,Egypt
Egypt,EGY,1998,Country or economy,"Hydro, bioenergy and other renewables",True,12.1,0.33,2.804,19.937,-0.792,,0.287,0.007,2.5,0.904,23.719,Africa,Africa,False,False,False,False,False,Egypt
Egypt,EGY,1998,Country or economy,Renewables,True,12.1,0.33,2.804,19.937,-0.792,,0.287,0.007,2.5,0.904,23.719,Africa,Africa,False,False,False,False,False,Egypt
Egypt,EGY,1998,Country or economy,Clean,True,12.1,0.33,2.804,19.937,-0.792,,0.287,0.007,2.5,0.904,23.719,Africa,Africa,False,False,False,False,False,Egypt
Egypt,EGY,1998,Country or economy,Fossil,True,48.59,3.58,7.954,80.063,0.792,,31.463,2.358,8.102,99.094,647.52,Africa,Africa,False,False,False,False,False,Egypt
Egypt,EGY,1998,Country or economy,Total generation,True,60.69,3.91,6.886,100.0,0.0,,31.751,2.366,8.052,100.001,523.167,Africa,Africa,False,False,False,False,False,Egypt
Egypt,EGY,1998,Country or economy,Demand,True,60.69,3.91,6.886,100.0,0.0,,,,,,,Africa,Africa,False,False,False,False,False,Egypt
Egypt,EGY,1999,Country or economy,Solar,False,0.0,0.0,,0.0,0.0,,0.0,0.0,,0.0,,Africa,Africa,False,False,False,False,False,Egypt
Egypt,EGY,1999,Country or economy,Wind,False,0.01,0.01,,0.015,0.015,,0.0,0.0,,0.0,0.0,Africa,Africa,False,False,False,False,False,Egypt
Egypt,EGY,1999,Country or economy,Hydro,False,13.44,1.34,11.074,20.447,0.51,,0.319,0.032,11.15,0.934,23.735,Africa,Africa,False,False,False,False,False,Egypt
Egypt,EGY,1999,Country or economy,Bioenergy,False,0.0,0.0,,0.0,0.0,,0.0,0.0,,0.0,,Africa,Africa,False,False,False,False,False,Egypt
Egypt,EGY,1999,Country or economy,Nuclear,False,0.0,0.0,,0.0,0.0,,0.0,0.0,,0.0,,Africa,Africa,False,False,False,False,False,Egypt
Egypt,EGY,1999,Country or economy,Coal,False,0.0,0.0,,0.0,0.0,,0.0,0.0,,0.0,,Africa,Africa,False,False,False,False,False,Egypt
Egypt,EGY,1999,Country or economy,Gas,False,37.23,4.7,14.448,56.641,3.041,,23.915,3.019,14.448,70.056,642.358,Africa,Africa,False,False,False,False,False,Egypt
Egypt,EGY,1999,Country or economy,Other fossil,False,15.05,-1.01,-6.289,22.897,-3.565,,9.903,-0.664,-6.284,29.009,658.007,Africa,Africa,False,False,False,False,False,Egypt
Egypt,EGY,1999,Country or economy,Wind and solar,True,0.01,0.01,,0.015,0.015,,0.0,0.0,,0.0,0.0,Africa,Africa,False,False,False,False,False,Egypt
Egypt,EGY,1999,Country or economy,"Hydro, bioenergy and other renewables",True,13.44,1.34,11.074,20.447,0.51,,0.319,0.032,11.15,0.934,23.735,Africa,Africa,False,False,False,False,False,Egypt
Egypt,EGY,1999,Country or economy,Renewables,True,13.45,1.35,11.157,20.462,0.525,,0.319,0.032,11.15,0.934,23.717,Africa,Africa,False,False,False,False,False,Egypt
Egypt,EGY,1999,Country or economy,Clean,True,13.45,1.35,11.157,20.462,0.525,,0.319,0.032,11.15,0.934,23.717,Africa,Africa,False,False,False,False,False,Egypt
Egypt,EGY,1999,Country or economy,Fossil,True,52.28,3.69,7.594,79.538,-0.525,,33.818,2.355,7.485,99.065,646.863,Africa,Africa,False,False,False,False,False,Egypt
Egypt,EGY,1999,Country or economy,Total generation,True,65.73,5.04,8.304,100.0,0.0,,34.137,2.386,7.515,99.999,519.352,Africa,Africa,False,False,False,False,False,Egypt
Egypt,EGY,1999,Country or economy,Demand,True,65.73,5.04,8.304,100.0,0.0,,,,,,,Africa,Africa,False,False,False,False,False,Egypt
Egypt,EGY,2000,Country or economy,Solar,False,0.0,0.0,,0.0,0.0,0.0,0.0,0.0,,0.0,,Africa,Africa,False,False,False,False,False,Egypt
Egypt,EGY,2000,Country or economy,Wind,False,0.08,0.07,700.0,0.109,0.094,0.07,0.001,0.001,,0.003,12.5,Africa,Africa,False,False,False,False,False,Egypt
Egypt,EGY,2000,Country or economy,Hydro,False,14.18,0.74,5.506,19.34,-1.107,2.79,0.337,0.018,5.643,0.874,23.766,Africa,Africa,False,False,False,False,False,Egypt
Egypt,EGY,2000,Country or economy,Bioenergy,False,0.0,0.0,,0.0,0.0,0.07,0.0,0.0,,0.0,,Africa,Africa,False,False,False,False,False,Egypt
Egypt,EGY,2000,Country or economy,Coal,False,0.0,0.0,,0.0,0.0,,0.0,0.0,,0.0,,Africa,Africa,False,False,False,False,False,Egypt
Egypt,EGY,2000,Country or economy,Gas,False,42.19,4.96,13.323,57.542,0.901,10.21,27.101,3.186,13.322,70.321,642.356,Africa,Africa,False,False,False,False,False,Egypt
Egypt,EGY,2000,Country or economy,Other fossil,False,16.87,1.82,12.093,23.009,0.112,0.0,11.1,1.197,12.087,28.802,657.973,Africa,Africa,False,False,False,False,False,Egypt
Egypt,EGY,2000,Country or economy,Net imports,False,-0.15,,,-0.205,,,0.0,,,0.0,0.0,Africa,Africa,False,False,False,False,False,Egypt
Egypt,EGY,2000,Country or economy,Wind and solar,True,0.08,0.07,700.0,0.109,0.094,0.07,0.001,0.001,,0.003,12.5,Africa,Africa,False,False,False,False,False,Egypt
Egypt,EGY,2000,Country or economy,"Hydro, bioenergy and other renewables",True,14.18,0.74,5.506,19.34,-1.107,2.86,0.337,0.018,5.643,0.874,23.766,Africa,Africa,False,False,False,False,False,Egypt
Egypt,EGY,2000,Country or economy,Renewables,True,14.26,0.81,6.022,19.449,-1.013,2.93,0.338,0.019,5.956,0.877,23.703,Africa,Africa,False,False,False,False,False,Egypt
Egypt,EGY,2000,Country or economy,Clean,True,14.26,0.81,6.022,19.449,-1.013,2.93,0.338,0.019,5.956,0.877,23.703,Africa,Africa,False,False,False,False,False,Egypt
Egypt,EGY,2000,Country or economy,Fossil,True,59.06,6.78,12.969,80.551,1.013,10.21,38.201,4.383,12.961,99.123,646.817,Africa,Africa,False,False,False,False,False,Egypt
Egypt,EGY,2000,Country or economy,Total generation,True,73.32,7.59,11.547,100.0,0.0,13.14,38.539,4.402,12.895,100.0,525.627,Africa,Africa,False,False,False,False,False,Egypt
Egypt,EGY,2000,Country or economy,Demand,True,73.17,7.44,11.319,99.795,-0.205,,,,,,,Africa,Africa,False,False,False,False,False,Egypt
Egypt,EGY,2001,Country or economy,Solar,False,0.0,0.0,,0.0,0.0,0.0,0.0,0.0,,0.0,,Africa,Africa,False,False,False,False,False,Egypt
Egypt,EGY,2001,Country or economy,Wind,False,0.18,0.1,125.0,0.223,0.114,0.07,0.002,0.001,100.0,0.005,11.111,Africa,Africa,False,False,False,False,False,Egypt
Egypt,EGY,2001,Country or economy,Hydro,False,14.41,0.23,1.622,17.854,-1.486,2.79,0.342,0.005,1.484,0.794,23.734,Africa,Africa,False,False,False,False,False,Egypt
Egypt,EGY,2001,Country or economy,Bioenergy,False,0.0,0.0,,0.0,0.0,0.07,0.0,0.0,,0.0,,Africa,Africa,False,False,False,False,False,Egypt
Egypt,EGY,2001,Country or economy,Coal,False,0.0,0.0,,0.0,0.0,,0.0,0.0,,0.0,,Africa,Africa,False,False,False,False,False,Egypt
Egypt,EGY,2001,Country or economy,Gas,False,48.47,6.28,14.885,60.055,2.513,10.91,31.135,4.034,14.885,72.251,642.356,Africa,Africa,False,False,False,False,False,Egypt
Egypt,EGY,2001,Country or economy,Other fossil,False,17.65,0.78,4.624,21.868,-1.141,0.0,11.614,0.514,4.631,26.951,658.017,Africa,Africa,False,False,False,False,False,Egypt
Egypt,EGY,2001,Country or economy,Net imports,False,-0.21,-0.06,40.0,-0.26,-0.055,,0.0,0.0,,0.0,0.0,Africa,Africa,False,False,False,False,False,Egypt
Egypt,EGY,2001,Country or economy,Wind and solar,True,0.18,0.1,125.0,0.223,0.114,0.07,0.002,0.001,100.0,0.005,11.111,Africa,Africa,False,False,False,False,False,Egypt
Egypt,EGY,2001,Country or economy,"Hydro, bioenergy and other renewables",True,14.41,0.23,1.622,17.854,-1.486,2.86,0.342,0.005,1.484,0.794,23.734,Africa,Africa,False,False,False,False,False,Egypt
Egypt,EGY,2001,Country or economy,Renewables,True,14.59,0.33,2.314,18.077,-1.372,2.93,0.344,0.006,1.775,0.798,23.578,Africa,Africa,False,False,False,False,False,Egypt
Egypt,EGY,2001,Country or economy,Clean,True,14.59,0.33,2.314,18.077,-1.372,2.93,0.344,0.006,1.775,0.798,23.578,Africa,Africa,False,False,False,False,False,Egypt
Egypt,EGY,2001,Country or economy,Fossil,True,66.12,7.06,11.954,81.923,1.372,10.91,42.749,4.548,11.905,99.202,646.537,Africa,Africa,False,False,False,False,False,Egypt
Egypt,EGY,2001,Country or economy,Total generation,True,80.71,7.39,10.079,100.0,0.0,13.84,43.093,4.554,11.817,100.001,533.924,Africa,Africa,False,False,False,False,False,Egypt
Egypt,EGY,2001,Country or economy,Demand,True,80.5,7.33,10.018,99.74,-0.055,,,,,,,Africa,Africa,False,False,False,False,False,Egypt
Egypt,EGY,2002,Country or economy,Solar,False,0.0,0.0,,0.0,0.0,0.0,0.0,0.0,,0.0,,Africa,Africa,False,False,False,False,False,Egypt
Egypt,EGY,2002,Country or economy,Wind,False,0.21,0.03,16.667,0.244,0.021,0.07,0.002,0.0,0.0,0.004,9.524,Africa,Africa,False,False,False,False,False,Egypt
Egypt,EGY,2002,Country or economy,Hydro,False,13.99,-0.42,-2.915,16.224,-1.63,2.79,0.332,-0.01,-2.924,0.709,23.731,Africa,Africa,False,False,False,False,False,Egypt
Egypt,EGY,2002,Country or economy,Bioenergy,False,0.0,0.0,,0.0,0.0,0.07,0.0,0.0,,0.0,,Africa,Africa,False,False,False,False,False,Egypt
Egypt,EGY,2002,Country or economy,Coal,False,0.0,0.0,,0.0,0.0,,0.0,0.0,,0.0,,Africa,Africa,False,False,False,False,False,Egypt
Egypt,EGY,2002,Country or economy,Gas,False,57.45,8.98,18.527,66.624,6.569,11.6,36.903,5.768,18.526,78.8,642.35,Africa,Africa,False,False,False,False,False,Egypt
Egypt,EGY,2002,Country or economy,Other fossil,False,14.58,-3.07,-17.394,16.908,-4.96,0.0,9.594,-2.02,-17.393,20.486,658.025,Africa,Africa,False,False,False,False,False,Egypt
Egypt,EGY,2002,Country or economy,Net imports,False,-0.78,-0.57,271.429,-0.905,-0.645,,0.0,0.0,,0.0,0.0,Africa,Africa,False,False,False,False,False,Egypt
Egypt,EGY,2002,Country or economy,Wind and solar,True,0.21,0.03,16.667,0.244,0.021,0.07,0.002,0.0,0.0,0.004,9.524,Africa,Africa,False,False,False,False,False,Egypt
Egypt,EGY,2002,Country or economy,"Hydro, bioenergy and other renewables",True,13.99,-0.42,-2.915,16.224,-1.63,2.86,0.332,-0.01,-2.924,0.709,23.731,Africa,Africa,False,False,False,False,False,Egypt
Egypt,EGY,2002,Country or economy,Renewables,True,14.2,-0.39,-2.673,16.468,-1.609,2.93,0.334,-0.01,-2.907,0.713,23.521,Africa,Africa,False,False,False,False,False,Egypt
Egypt,EGY,2002,Country or economy,Clean,True,14.2,-0.39,-2.673,16.468,-1.609,2.93,0.334,-0.01,-2.907,0.713,23.521,Africa,Africa,False,False,False,False,False,Egypt
Egypt,EGY,2002,Country or economy,Fossil,True,72.03,5.91,8.938,83.532,1.609,11.6,46.497,3.748,8.767,99.286,645.523,Africa,Africa,False,False,False,False,False,Egypt
Egypt,EGY,2002,Country or economy,Total generation,True,86.23,5.52,6.839,100.0,0.0,14.53,46.831,3.738,8.674,99.999,543.094,Africa,Africa,False,False,False,False,False,Egypt
Egypt,EGY,2002,Country or economy,Demand,True,85.45,4.95,6.149,99.095,-0.645,,,,,,,Africa,Africa,False,False,False,False,False,Egypt
Egypt,EGY,2003,Country or economy,Solar,False,0.0,0.0,,0.0,0.0,0.0,0.0,0.0,,0.0,,Africa,Africa,False,False,False,False,False,Egypt
Egypt,EGY,2003,Country or economy,Wind,False,0.29,0.08,38.095,0.315,0.071,0.07,0.003,0.001,50.0,0.006,10.345,Africa,Africa,False,False,False,False,False,Egypt
Egypt,EGY,2003,Country or economy,Hydro,False,12.94,-1.05,-7.505,14.036,-2.188,2.79,0.307,-0.025,-7.53,0.599,23.725,Africa,Africa,False,False,False,False,False,Egypt
Egypt,EGY,2003,Country or economy,Bioenergy,False,0.0,0.0,,0.0,0.0,0.07,0.0,0.0,,0.0,,Africa,Africa,False,False,False,False,False,Egypt
Egypt,EGY,2003,Country or economy,Coal,False,0.0,0.0,,0.0,0.0,,0.0,0.0,,0.0,,Africa,Africa,False,False,False,False,False,Egypt
Egypt,EGY,2003,Country or economy,Gas,False,64.02,6.57,11.436,69.444,2.82,12.96,41.124,4.221,11.438,80.22,642.362,Africa,Africa,False,False,False,False,False,Egypt
Egypt,EGY,2003,Country or economy,Other fossil,False,14.94,0.36,2.469,16.206,-0.702,0.0,9.831,0.237,2.47,19.177,658.032,Africa,Africa,False,False,False,False,False,Egypt
Egypt,EGY,2003,Country or economy,Net imports,False,-0.92,-0.14,17.949,-0.998,-0.093,,0.0,0.0,,0.0,0.0,Africa,Africa,False,False,False,False,False,Egypt
Egypt,EGY,2003,Country or economy,Wind and solar,True,0.29,0.08,38.095,0.315,0.071,0.07,0.003,0.001,50.0,0.006,10.345,Africa,Africa,False,False,False,False,False,Egypt
Egypt,EGY,2003,Country or economy,"Hydro, bioenergy and other renewables",True,12.94,-1.05,-7.505,14.036,-2.188,2.86,0.307,-0.025,-7.53,0.599,23.725,Africa,Africa,False,False,False,False,False,Egypt
Egypt,EGY,2003,Country or economy,Renewables,True,13.23,-0.97,-6.831,14.351,-2.117,2.93,0.31,-0.024,-7.186,0.605,23.432,Africa,Africa,False,False,False,False,False,Egypt
Egypt,EGY,2003,Country or economy,Clean,True,13.23,-0.97,-6.831,14.351,-2.117,2.93,0.31,-0.024,-7.186,0.605,23.432,Africa,Africa,False,False,False,False,False,Egypt
Egypt,EGY,2003,Country or economy,Fossil,True,78.96,6.93,9.621,85.649,2.117,12.96,50.954,4.457,9.586,99.395,645.314,Africa,Africa,False,False,False,False,False,Egypt
Egypt,EGY,2003,Country or economy,Total generation,True,92.19,5.96,6.912,100.0,0.0,15.89,51.264,4.433,9.466,99.999,556.069,Africa,Africa,False,False,False,False,False,Egypt
Egypt,EGY,2003,Country or economy,Demand,True,91.27,5.82,6.811,99.002,-0.093,,,,,,,Africa,Africa,False,False,False,False,False,Egypt
Egypt,EGY,2004,Country or economy,Solar,False,0.0,0.0,,0.0,0.0,0.0,0.0,0.0,,0.0,,Africa,Africa,False,False,False,False,False,Egypt
Egypt,EGY,2004,Country or economy,Wind,False,0.5,0.21,72.414,0.509,0.194,0.15,0.005,0.002,66.667,0.009,10.0,Africa,Africa,False,False,False,False,False,Egypt
Egypt,EGY,2004,Country or economy,Hydro,False,12.83,-0.11,-0.85,13.059,-0.977,2.79,0.305,-0.002,-0.651,0.554,23.772,Africa,Africa,False,False,False,False,False,Egypt
Egypt,EGY,2004,Country or economy,Bioenergy,False,0.0,0.0,,0.0,0.0,0.07,0.0,0.0,,0.0,,Africa,Africa,False,False,False,False,False,Egypt
Egypt,EGY,2004,Country or economy,Coal,False,0.0,0.0,,0.0,0.0,,0.0,0.0,,0.0,,Africa,Africa,False,False,False,False,False,Egypt
Egypt,EGY,2004,Country or economy,Gas,False,74.45,10.43,16.292,75.776,6.332,12.96,47.823,6.699,16.29,86.916,642.351,Africa,Africa,False,False,False,False,False,Egypt
Egypt,EGY,2004,Country or economy,Other fossil,False,10.47,-4.47,-29.92,10.656,-5.55,0.0,6.889,-2.942,-29.926,12.52,657.975,Africa,Africa,False,False,False,False,False,Egypt
Egypt,EGY,2004,Country or economy,Net imports,False,-0.7,0.22,-23.913,-0.712,0.286,,0.0,0.0,,0.0,0.0,Africa,Africa,False,False,False,False,False,Egypt
Egypt,EGY,2004,Country or economy,Wind and solar,True,0.5,0.21,72.414,0.509,0.194,0.15,0.005,0.002,66.667,0.009,10.0,Africa,Africa,False,False,False,False,False,Egypt
Egypt,EGY,2004,Country or economy,"Hydro, bioenergy and other renewables",True,12.83,-0.11,-0.85,13.059,-0.977,2.86,0.305,-0.002,-0.651,0.554,23.772,Africa,Africa,False,False,False,False,False,Egypt
Egypt,EGY,2004,Country or economy,Renewables,True,13.33,0.1,0.756,13.567,-0.784,3.01,0.31,0.0,0.0,0.563,23.256,Africa,Africa,False,False,False,False,False,Egypt
Egypt,EGY,2004,Country or economy,Clean,True,13.33,0.1,0.756,13.567,-0.784,3.01,0.31,0.0,0.0,0.563,23.256,Africa,Africa,False,False,False,False,False,Egypt
Egypt,EGY,2004,Country or economy,Fossil,True,84.92,5.96,7.548,86.433,0.784,12.96,54.713,3.759,7.377,99.438,644.289,Africa,Africa,False,False,False,False,False,Egypt
Egypt,EGY,2004,Country or economy,Total generation,True,98.25,6.06,6.573,100.0,0.0,15.97,55.022,3.758,7.331,100.0,560.02,Africa,Africa,False,False,False,False,False,Egypt
Egypt,EGY,2004,Country or economy,Demand,True,97.55,6.28,6.881,99.288,0.286,,,,,,,Africa,Africa,False,False,False,False,False,Egypt
Egypt,EGY,2005,Country or economy,Solar,False,0.0,0.0,,0.0,0.0,0.0,0.0,0.0,,0.0,,Africa,Africa,False,False,False,False,False,Egypt
Egypt,EGY,2005,Country or economy,Wind,False,0.51,0.01,2.0,0.486,-0.023,0.15,0.005,0.0,0.0,0.008,9.804,Africa,Africa,False,False,False,False,False,Egypt
Egypt,EGY,2005,Country or economy,Hydro,False,12.64,-0.19,-1.481,12.045,-1.014,2.79,0.3,-0.005,-1.639,0.504,23.734,Africa,Africa,False,False,False,False,False,Egypt
Egypt,EGY,2005,Country or economy,Bioenergy,False,0.0,0.0,,0.0,0.0,0.07,0.0,0.0,,0.0,,Africa,Africa,False,False,False,False,False,Egypt
Egypt,EGY,2005,Country or economy,Coal,False,0.0,0.0,,0.0,0.0,,0.0,0.0,,0.0,,Africa,Africa,False,False,False,False,False,Egypt
Egypt,EGY,2005,Country or economy,Gas,False,76.79,2.34,3.143,73.175,-2.601,12.96,49.326,1.503,3.143,82.899,642.349,Africa,Africa,False,False,False,False,False,Egypt
Egypt,EGY,2005,Country or economy,Other fossil,False,15.0,4.53,43.266,14.294,3.638,0.0,9.87,2.981,43.272,16.588,658.0,Africa,Africa,False,False,False,False,False,Egypt
Egypt,EGY,2005,Country or economy,Net imports,False,-0.78,-0.08,11.429,-0.743,-0.031,,0.0,0.0,,0.0,0.0,Africa,Africa,False,False,False,False,False,Egypt
Egypt,EGY,2005,Country or economy,Wind and solar,True,0.51,0.01,2.0,0.486,-0.023,0.15,0.005,0.0,0.0,0.008,9.804,Africa,Africa,False,False,False,False,False,Egypt
Egypt,EGY,2005,Country or economy,"Hydro, bioenergy and other renewables",True,12.64,-0.19,-1.481,12.045,-1.014,2.86,0.3,-0.005,-1.639,0.504,23.734,Africa,Africa,False,False,False,False,False,Egypt
Egypt,EGY,2005,Country or economy,Renewables,True,13.15,-0.18,-1.35,12.531,-1.036,3.01,0.305,-0.005,-1.613,0.513,23.194,Africa,Africa,False,False,False,False,False,Egypt
Egypt,EGY,2005,Country or economy,Clean,True,13.15,-0.18,-1.35,12.531,-1.036,3.01,0.305,-0.005,-1.613,0.513,23.194,Africa,Africa,False,False,False,False,False,Egypt
Egypt,EGY,2005,Country or economy,Fossil,True,91.79,6.87,8.09,87.469,1.036,12.96,59.196,4.483,8.194,99.486,644.907,Africa,Africa,False,False,False,False,False,Egypt
Egypt,EGY,2005,Country or economy,Total generation,True,104.94,6.69,6.809,100.0,0.0,15.97,59.502,4.48,8.142,100.001,567.01,Africa,Africa,False,False,False,False,False,Egypt
Egypt,EGY,2005,Country or economy,Demand,True,104.16,6.61,6.776,99.257,-0.031,,,,,,,Africa,Africa,False,False,False,False,False,Egypt
Egypt,EGY,2006,Country or economy,Solar,False,0.0,0.0,,0.0,0.0,0.0,0.0,0.0,,0.0,,Africa,Africa,False,False,False,False,False,Egypt
Egypt,EGY,2006,Country or economy,Wind,False,0.61,0.1,19.608,0.546,0.06,0.23,0.006,0.001,20.0,0.009,9.836,Africa,Africa,False,False,False,False,False,Egypt
Egypt,EGY,2006,Country or economy,Hydro,False,12.78,0.14,1.108,11.445,-0.6,2.79,0.304,0.004,1.333,0.477,23.787,Africa,Africa,False,False,False,False,False,Egypt
Egypt,EGY,2006,Country or economy,Bioenergy,False,0.0,0.0,,0.0,0.0,0.07,0.0,0.0,,0.0,,Africa,Africa,False,False,False,False,False,Egypt
Egypt,EGY,2006,Country or economy,Coal,False,0.0,0.0,,0.0,0.0,,0.0,0.0,,0.0,,Africa,Africa,False,False,False,False,False,Egypt
Egypt,EGY,2006,Country or economy,Gas,False,83.06,6.27,8.165,74.387,1.212,14.46,53.354,4.028,8.166,83.796,642.355,Africa,Africa,False,False,False,False,False,Egypt
Egypt,EGY,2006,Country or economy,Other fossil,False,15.21,0.21,1.4,13.622,-0.672,0.0,10.008,0.138,1.398,15.718,657.988,Africa,Africa,False,False,False,False,False,Egypt
Egypt,EGY,2006,Country or economy,Net imports,False,-0.35,0.43,-55.128,-0.313,0.43,,0.0,0.0,,0.0,0.0,Africa,Africa,False,False,False,False,False,Egypt
Egypt,EGY,2006,Country or economy,Wind and solar,True,0.61,0.1,19.608,0.546,0.06,0.23,0.006,0.001,20.0,0.009,9.836,Africa,Africa,False,False,False,False,False,Egypt
Egypt,EGY,2006,Country or economy,"Hydro, bioenergy and other renewables",True,12.78,0.14,1.108,11.445,-0.6,2.86,0.304,0.004,1.333,0.477,23.787,Africa,Africa,False,False,False,False,False,Egypt
Egypt,EGY,2006,Country or economy,Renewables,True,13.39,0.24,1.825,11.992,-0.539,3.09,0.309,0.004,1.311,0.485,23.077,Africa,Africa,False,False,False,False,False,Egypt
Egypt,EGY,2006,Country or economy,Clean,True,13.39,0.24,1.825,11.992,-0.539,3.09,0.309,0.004,1.311,0.485,23.077,Africa,Africa,False,False,False,False,False,Egypt
Egypt,EGY,2006,Country or economy,Fossil,True,98.27,6.48,7.06,88.008,0.539,14.46,63.362,4.166,7.038,99.514,644.775,Africa,Africa,False,False,False,False,False,Egypt
Egypt,EGY,2006,Country or economy,Total generation,True,111.66,6.72,6.404,100.0,0.0,17.55,63.672,4.17,7.008,100.001,570.231,Africa,Africa,False,False,False,False,False,Egypt
Egypt,EGY,2006,Country or economy,Demand,True,111.31,7.15,6.864,99.687,0.43,,,,,,,Africa,Africa,False,False,False,False,False,Egypt
Egypt,EGY,2007,Country or economy,Solar,False,0.0,0.0,,0.0,0.0,0.0,0.0,0.0,,0.0,,Africa,Africa,False,False,False,False,False,Egypt
Egypt,EGY,2007,Country or economy,Wind,False,0.66,0.05,8.197,0.551,0.005,0.31,0.006,0.0,0.0,0.009,9.091,Africa,Africa,False,False,False,False,False,Egypt
Egypt,EGY,2007,Country or economy,Hydro,False,14.22,1.44,11.268,11.864,0.419,2.79,0.338,0.034,11.184,0.497,23.769,Africa,Africa,False,False,False,False,False,Egypt
Egypt,EGY,2007,Country or economy,Bioenergy,False,0.0,0.0,,0.0,0.0,0.07,0.0,0.0,,0.0,,Africa,Africa,False,False,False,False,False,Egypt
Egypt,EGY,2007,Country or economy,Coal,False,0.0,0.0,,0.0,0.0,,0.0,0.0,,0.0,,Africa,Africa,False,False,False,False,False,Egypt
Egypt,EGY,2007,Country or economy,Gas,False,89.21,6.15,7.404,74.428,0.041,14.46,57.304,3.95,7.403,84.239,642.35,Africa,Africa,False,False,False,False,False,Egypt
Egypt,EGY,2007,Country or economy,Other fossil,False,15.77,0.56,3.682,13.157,-0.465,0.0,10.377,0.369,3.687,15.255,658.022,Africa,Africa,False,False,False,False,False,Egypt
Egypt,EGY,2007,Country or economy,Net imports,False,-0.56,-0.21,60.0,-0.467,-0.154,,0.0,0.0,,0.0,0.0,Africa,Africa,False,False,False,False,False,Egypt
Egypt,EGY,2007,Country or economy,Wind and solar,True,0.66,0.05,8.197,0.551,0.005,0.31,0.006,0.0,0.0,0.009,9.091,Africa,Africa,False,False,False,False,False,Egypt
Egypt,EGY,2007,Country or economy,"Hydro, bioenergy and other renewables",True,14.22,1.44,11.268,11.864,0.419,2.86,0.338,0.034,11.184,0.497,23.769,Africa,Africa,False,False,False,False,False,Egypt
Egypt,EGY,2007,Country or economy,Renewables,True,14.88,1.49,11.128,12.414,0.422,3.17,0.344,0.035,11.327,0.506,23.118,Africa,Africa,False,False,False,False,False,Egypt
Egypt,EGY,2007,Country or economy,Clean,True,14.88,1.49,11.128,12.414,0.422,3.17,0.344,0.035,11.327,0.506,23.118,Africa,Africa,False,False,False,False,False,Egypt
Egypt,EGY,2007,Country or economy,Fossil,True,104.98,6.71,6.828,87.586,-0.422,14.46,67.681,4.319,6.816,99.494,644.704,Africa,Africa,False,False,False,False,False,Egypt
Egypt,EGY,2007,Country or economy,Total generation,True,119.86,8.2,7.344,100.0,0.0,17.63,68.025,4.353,6.837,100.0,567.537,Africa,Africa,False,False,False,False,False,Egypt
Egypt,EGY,2007,Country or economy,Demand,True,119.3,7.99,7.178,99.533,-0.154,,,,,,,Africa,Africa,False,False,False,False,False,Egypt
Egypt,EGY,2008,Country or economy,Solar,False,0.0,0.0,,0.0,0.0,0.0,0.0,0.0,,0.0,,Africa,Africa,False,False,False,False,False,Egypt
Egypt,EGY,2008,Country or economy,Wind,False,0.93,0.27,40.909,0.722,0.171,0.4,0.009,0.003,50.0,0.012,9.677,Africa,Africa,False,False,False,False,False,Egypt
Egypt,EGY,2008,Country or economy,Hydro,False,15.1,0.88,6.188,11.724,-0.14,2.8,0.359,0.021,6.213,0.491,23.775,Africa,Africa,False,False,False,False,False,Egypt
Egypt,EGY,2008,Country or economy,Bioenergy,False,0.0,0.0,,0.0,0.0,0.07,0.0,0.0,,0.0,,Africa,Africa,False,False,False,False,False,Egypt
Egypt,EGY,2008,Country or economy,Coal,False,0.0,0.0,,0.0,0.0,,0.0,0.0,,0.0,,Africa,Africa,False,False,False,False,False,Egypt
Egypt,EGY,2008,Country or economy,Gas,False,94.86,5.65,6.333,73.649,-0.779,15.96,60.934,3.63,6.335,83.373,642.357,Africa,Africa,False,False,False,False,False,Egypt
Egypt,EGY,2008,Country or economy,Other fossil,False,17.91,2.14,13.57,13.905,0.748,0.0,11.785,1.408,13.568,16.125,658.012,Africa,Africa,False,False,False,False,False,Egypt
Egypt,EGY,2008,Country or economy,Net imports,False,-0.9,-0.34,60.714,-0.699,-0.232,,0.0,0.0,,0.0,0.0,Africa,Africa,False,False,False,False,False,Egypt
Egypt,EGY,2008,Country or economy,Wind and solar,True,0.93,0.27,40.909,0.722,0.171,0.4,0.009,0.003,50.0,0.012,9.677,Africa,Africa,False,False,False,False,False,Egypt
Egypt,EGY,2008,Country or economy,"Hydro, bioenergy and other renewables",True,15.1,0.88,6.188,11.724,-0.14,2.87,0.359,0.021,6.213,0.491,23.775,Africa,Africa,False,False,False,False,False,Egypt
Egypt,EGY,2008,Country or economy,Renewables,True,16.03,1.15,7.728,12.446,0.032,3.27,0.368,0.024,6.977,0.504,22.957,Africa,Africa,False,False,False,False,False,Egypt
Egypt,EGY,2008,Country or economy,Clean,True,16.03,1.15,7.728,12.446,0.032,3.27,0.368,0.024,6.977,0.504,22.957,Africa,Africa,False,False,False,False,False,Egypt
Egypt,EGY,2008,Country or economy,Fossil,True,112.77,7.79,7.42,87.554,-0.032,15.96,72.719,5.038,7.444,99.498,644.843,Africa,Africa,False,False,False,False,False,Egypt
Egypt,EGY,2008,Country or economy,Total generation,True,128.8,8.94,7.459,100.0,0.0,19.23,73.086,5.061,7.44,100.0,567.438,Africa,Africa,False,False,False,False,False,Egypt
Egypt,EGY,2008,Country or economy,Demand,True,127.9,8.6,7.209,99.301,-0.232,,,,,,,Africa,Africa,False,False,False,False,False,Egypt
Egypt,EGY,2009,Country or economy,Solar,False,0.0,0.0,,0.0,0.0,0.0,0.0,0.0,,0.0,,Africa,Africa,False,False,False,False,False,Egypt
Egypt,EGY,2009,Country or economy,Wind,False,1.04,0.11,11.828,0.775,0.053,0.44,0.01,0.001,11.111,0.013,9.615,Africa,Africa,False,False,False,False,False,Egypt
Egypt,EGY,2009,Country or economy,Hydro,False,13.77,-1.33,-8.808,10.255,-1.469,2.8,0.327,-0.032,-8.914,0.422,23.747,Africa,Africa,False,False,False,False,False,Egypt
Egypt,EGY,2009,Country or economy,Bioenergy,False,0.0,0.0,,0.0,0.0,0.07,0.0,0.0,,0.0,,Africa,Africa,False,False,False,False,False,Egypt
Egypt,EGY,2009,Country or economy,Coal,False,0.0,0.0,,0.0,0.0,,0.0,0.0,,0.0,,Africa,Africa,False,False,False,False,False,Egypt
Egypt,EGY,2009,Country or economy,Gas,False,98.74,3.88,4.09,73.538,-0.111,16.71,63.426,2.492,4.09,81.949,642.354,Africa,Africa,False,False,False,False,False,Egypt
Egypt,EGY,2009,Country or economy,Other fossil,False,20.72,2.81,15.69,15.432,1.527,0.0,13.634,1.849,15.689,17.616,658.012,Africa,Africa,False,False,False,False,False,Egypt
Egypt,EGY,2009,Country or economy,Net imports,False,-0.94,-0.04,4.444,-0.7,-0.001,,0.0,0.0,,0.0,0.0,Africa,Africa,False,False,False,False,False,Egypt
Egypt,EGY,2009,Country or economy,Wind and solar,True,1.04,0.11,11.828,0.775,0.053,0.44,0.01,0.001,11.111,0.013,9.615,Africa,Africa,False,False,False,False,False,Egypt
Egypt,EGY,2009,Country or economy,"Hydro, bioenergy and other renewables",True,13.77,-1.33,-8.808,10.255,-1.469,2.87,0.327,-0.032,-8.914,0.422,23.747,Africa,Africa,False,False,False,False,False,Egypt
Egypt,EGY,2009,Country or economy,Renewables,True,14.81,-1.22,-7.611,11.03,-1.416,3.31,0.337,-0.031,-8.424,0.435,22.755,Africa,Africa,False,False,False,False,False,Egypt
Egypt,EGY,2009,Country or economy,Clean,True,14.81,-1.22,-7.611,11.03,-1.416,3.31,0.337,-0.031,-8.424,0.435,22.755,Africa,Africa,False,False,False,False,False,Egypt
Egypt,EGY,2009,Country or economy,Fossil,True,119.46,6.69,5.932,88.97,1.416,16.71,77.06,4.341,5.97,99.565,645.069,Africa,Africa,False,False,False,False,False,Egypt
Egypt,EGY,2009,Country or economy,Total generation,True,134.27,5.47,4.247,100.0,0.0,20.020000000000003,77.397,4.311,5.899,100.0,576.428,Africa,Africa,False,False,False,False,False,Egypt
Egypt,EGY,2009,Country or economy,Demand,True,133.33,5.43,4.246,99.3,-0.001,,,,,,,Africa,Africa,False,False,False,False,False,Egypt
Egypt,EGY,2010,Country or economy,Solar,False,0.03,0.03,,0.021,0.021,0.01,0.001,0.001,,0.001,33.333,Africa,Africa,False,False,False,False,False,Egypt
Egypt,EGY,2010,Country or economy,Wind,False,1.41,0.37,35.577,0.976,0.201,0.56,0.013,0.003,30.0,0.015,9.22,Africa,Africa,False,False,False,False,False,Egypt
Egypt,EGY,2010,Country or economy,Hydro,False,12.95,-0.82,-5.955,8.966,-1.289,2.8,0.308,-0.019,-5.81,0.366,23.784,Africa,Africa,False,False,False,False,False,Egypt
Egypt,EGY,2010,Country or economy,Bioenergy,False,0.0,0.0,,0.0,0.0,0.07,0.0,0.0,,0.0,,Africa,Africa,False,False,False,False,False,Egypt
Egypt,EGY,2010,Country or economy,Coal,False,0.0,0.0,,0.0,0.0,,0.0,0.0,,0.0,,Africa,Africa,False,False,False,False,False,Egypt
Egypt,EGY,2010,Country or economy,Gas,False,110.1,11.36,11.505,76.231,2.693,20.41,70.723,7.297,11.505,84.028,642.352,Africa,Africa,False,False,False,False,False,Egypt
Egypt,EGY,2010,Country or economy,Other fossil,False,19.94,-0.78,-3.764,13.806,-1.626,0.0,13.121,-0.513,-3.763,15.589,658.024,Africa,Africa,False,False,False,False,False,Egypt
Egypt,EGY,2010,Country or economy,Net imports,False,-1.44,-0.5,53.191,-0.997,-0.297,,0.0,0.0,,0.0,0.0,Africa,Africa,False,False,False,False,False,Egypt
Egypt,EGY,2010,Country or economy,Wind and solar,True,1.44,0.4,38.462,0.997,0.222,0.5700000000000001,0.015,0.005,50.0,0.018,10.417,Africa,Africa,False,False,False,False,False,Egypt
Egypt,EGY,2010,Country or economy,"Hydro, bioenergy and other renewables",True,12.95,-0.82,-5.955,8.966,-1.289,2.87,0.308,-0.019,-5.81,0.366,23.784,Africa,Africa,False,False,False,False,False,Egypt
Egypt,EGY,2010,Country or economy,Renewables,True,14.39,-0.42,-2.836,9.963,-1.067,3.4399999999999995,0.323,-0.014,-4.154,0.384,22.446,Africa,Africa,False,False,False,False,False,Egypt
Egypt,EGY,2010,Country or economy,Clean,True,14.39,-0.42,-2.836,9.963,-1.067,3.4399999999999995,0.323,-0.014,-4.154,0.384,22.446,Africa,Africa,False,False,False,False,False,Egypt
Egypt,EGY,2010,Country or economy,Fossil,True,130.04,10.58,8.857,90.037,1.067,20.41,83.844,6.784,8.804,99.617,644.755,Africa,Africa,False,False,False,False,False,Egypt
Egypt,EGY,2010,Country or economy,Total generation,True,144.43,10.16,7.567,100.0,0.0,23.85,84.166,6.769,8.746,100.0,582.746,Africa,Africa,False,False,False,False,False,Egypt
Egypt,EGY,2010,Country or economy,Demand,True,142.99,9.66,7.245,99.003,-0.297,,,,,,,Africa,Africa,False,False,False,False,False,Egypt
Egypt,EGY,2011,Country or economy,Solar,False,0.24,0.21,700.0,0.16,0.139,0.03,0.011,0.01,1000.0,0.013,45.833,Africa,Africa,False,False,False,False,False,Egypt
Egypt,EGY,2011,Country or economy,Wind,False,1.49,0.08,5.674,0.996,0.02,0.56,0.014,0.001,7.692,0.016,9.396,Africa,Africa,False,False,False,False,False,Egypt
Egypt,EGY,2011,Country or economy,Hydro,False,12.99,0.04,0.309,8.685,-0.281,2.8,0.309,0.001,0.325,0.354,23.788,Africa,Africa,False,False,False,False,False,Egypt
Egypt,EGY,2011,Country or economy,Bioenergy,False,0.0,0.0,,0.0,0.0,0.07,0.0,0.0,,0.0,,Africa,Africa,False,False,False,False,False,Egypt
Egypt,EGY,2011,Country or economy,Coal,False,0.0,0.0,,0.0,0.0,,0.0,0.0,,0.0,,Africa,Africa,False,False,False,False,False,Egypt
Egypt,EGY,2011,Country or economy,Gas,False,117.46,7.36,6.685,78.537,2.306,22.84,75.451,4.728,6.685,86.505,642.355,Africa,Africa,False,False,False,False,False,Egypt
Egypt,EGY,2011,Country or economy,Other fossil,False,17.38,-2.56,-12.839,11.621,-2.185,0.0,11.436,-1.685,-12.842,13.111,657.998,Africa,Africa,False,False,False,False,False,Egypt
Egypt,EGY,2011,Country or economy,Net imports,False,-1.58,-0.14,9.722,-1.056,-0.059,,0.0,0.0,,0.0,0.0,Africa,Africa,False,False,False,False,False,Egypt
Egypt,EGY,2011,Country or economy,Wind and solar,True,1.73,0.29,20.139,1.157,0.16,0.5900000000000001,0.026,0.011,73.333,0.03,15.029,Africa,Africa,False,False,False,False,False,Egypt
Egypt,EGY,2011,Country or economy,"Hydro, bioenergy and other renewables",True,12.99,0.04,0.309,8.685,-0.281,2.87,0.309,0.001,0.325,0.354,23.788,Africa,Africa,False,False,False,False,False,Egypt
Egypt,EGY,2011,Country or economy,Renewables,True,14.72,0.33,2.293,9.842,-0.121,3.4599999999999995,0.334,0.011,3.406,0.383,22.69,Africa,Africa,False,False,False,False,False,Egypt
Egypt,EGY,2011,Country or economy,Clean,True,14.72,0.33,2.293,9.842,-0.121,3.4599999999999995,0.334,0.011,3.406,0.383,22.69,Africa,Africa,False,False,False,False,False,Egypt
Egypt,EGY,2011,Country or economy,Fossil,True,134.84,4.8,3.691,90.158,0.121,22.84,86.887,3.043,3.629,99.617,644.371,Africa,Africa,False,False,False,False,False,Egypt
Egypt,EGY,2011,Country or economy,Total generation,True,149.56,5.13,3.552,100.0,0.0,26.3,87.221,3.055,3.63,100.0,583.184,Africa,Africa,False,False,False,False,False,Egypt
Egypt,EGY,2011,Country or economy,Demand,True,147.98,4.99,3.49,98.944,-0.059,,,,,,,Africa,Africa,False,False,False,False,False,Egypt
Egypt,EGY,2012,Country or economy,Solar,False,0.5,0.26,108.333,0.307,0.147,0.03,0.024,0.013,118.182,0.025,48.0,Africa,Africa,False,False,False,False,False,Egypt
Egypt,EGY,2012,Country or economy,Wind,False,1.34,-0.15,-10.067,0.823,-0.173,0.56,0.013,-0.001,-7.143,0.014,9.701,Africa,Africa,False,False,False,False,False,Egypt
Egypt,EGY,2012,Country or economy,Hydro,False,13.03,0.04,0.308,8.002,-0.683,2.8,0.31,0.001,0.324,0.324,23.791,Africa,Africa,False,False,False,False,False,Egypt
Egypt,EGY,2012,Country or economy,Bioenergy,False,0.0,0.0,,0.0,0.0,0.07,0.0,0.0,,0.0,,Africa,Africa,False,False,False,False,False,Egypt
Egypt,EGY,2012,Country or economy,Coal,False,0.0,0.0,,0.0,0.0,,0.0,0.0,,0.0,,Africa,Africa,False,False,False,False,False,Egypt
Egypt,EGY,2012,Country or economy,Gas,False,126.56,9.1,7.747,77.72,-0.817,24.09,81.296,5.845,7.747,84.922,642.351,Africa,Africa,False,False,False,False,False,Egypt
Egypt,EGY,2012,Country or economy,Other fossil,False,21.41,4.03,23.188,13.148,1.527,0.0,14.088,2.652,23.19,14.716,658.01,Africa,Africa,False,False,False,False,False,Egypt
Egypt,EGY,2012,Country or economy,Net imports,False,-0.4,1.18,-74.684,-0.246,0.81,,0.0,0.0,,0.0,0.0,Africa,Africa,False,False,False,False,False,Egypt
Egypt,EGY,2012,Country or economy,Wind and solar,True,1.84,0.11,6.358,1.13,-0.027,0.5900000000000001,0.037,0.011,42.308,0.039,20.109,Africa,Africa,False,False,False,False,False,Egypt
Egypt,EGY,2012,Country or economy,"Hydro, bioenergy and other renewables",True,13.03,0.04,0.308,8.002,-0.683,2.87,0.31,0.001,0.324,0.324,23.791,Africa,Africa,False,False,False,False,False,Egypt
Egypt,EGY,2012,Country or economy,Renewables,True,14.87,0.15,1.019,9.132,-0.71,3.4599999999999995,0.346,0.012,3.593,0.361,23.268,Africa,Africa,False,False,False,False,False,Egypt
Egypt,EGY,2012,Country or economy,Clean,True,14.87,0.15,1.019,9.132,-0.71,3.4599999999999995,0.346,0.012,3.593,0.361,23.268,Africa,Africa,False,False,False,False,False,Egypt
Egypt,EGY,2012,Country or economy,Fossil,True,147.97,13.13,9.737,90.868,0.71,24.09,95.384,8.497,9.779,99.638,644.617,Africa,Africa,False,False,False,False,False,Egypt
Egypt,EGY,2012,Country or economy,Total generation,True,162.84,13.28,8.879,100.0,0.0,27.55,95.73,8.509,9.756,100.0,587.878,Africa,Africa,False,False,False,False,False,Egypt
Egypt,EGY,2012,Country or economy,Demand,True,162.44,14.46,9.772,99.754,0.81,,,,,,,Africa,Africa,False,False,False,False,False,Egypt
Egypt,EGY,2013,Country or economy,Solar,False,0.03,-0.47,-94.0,0.018,-0.289,0.03,0.001,-0.023,-95.833,0.001,33.333,Africa,Africa,False,False,False,False,False,Egypt
Egypt,EGY,2013,Country or economy,Wind,False,1.58,0.24,17.91,0.957,0.134,0.56,0.015,0.002,15.385,0.015,9.494,Africa,Africa,False,False,False,False,False,Egypt
Egypt,EGY,2013,Country or economy,Hydro,False,13.24,0.21,1.612,8.02,0.018,2.8,0.315,0.005,1.613,0.324,23.792,Africa,Africa,False,False,False,False,False,Egypt
Egypt,EGY,2013,Country or economy,Bioenergy,False,0.0,0.0,,0.0,0.0,0.07,0.0,0.0,,0.0,,Africa,Africa,False,False,False,False,False,Egypt
Egypt,EGY,2013,Country or economy,Coal,False,0.0,0.0,,0.0,0.0,,0.0,0.0,,0.0,,Africa,Africa,False,False,False,False,False,Egypt
Egypt,EGY,2013,Country or economy,Gas,False,123.17,-3.39,-2.679,74.612,-3.108,24.74,79.119,-2.177,-2.678,81.352,642.356,Africa,Africa,False,False,False,False,False,Egypt
Egypt,EGY,2013,Country or economy,Other fossil,False,27.06,5.65,26.39,16.392,3.244,0.0,17.805,3.717,26.384,18.307,657.982,Africa,Africa,False,False,False,False,False,Egypt
Egypt,EGY,2013,Country or economy,Net imports,False,-0.4,0.0,0.0,-0.242,0.004,,0.0,0.0,,0.0,0.0,Africa,Africa,False,False,False,False,False,Egypt
Egypt,EGY,2013,Country or economy,Wind and solar,True,1.61,-0.23,-12.5,0.975,-0.155,0.5900000000000001,0.016,-0.021,-56.757,0.016,9.938,Africa,Africa,False,False,False,False,False,Egypt
Egypt,EGY,2013,Country or economy,"Hydro, bioenergy and other renewables",True,13.24,0.21,1.612,8.02,0.018,2.87,0.315,0.005,1.613,0.324,23.792,Africa,Africa,False,False,False,False,False,Egypt
Egypt,EGY,2013,Country or economy,Renewables,True,14.85,-0.02,-0.134,8.996,-0.136,3.4599999999999995,0.331,-0.015,-4.335,0.34,22.29,Africa,Africa,False,False,False,False,False,Egypt
Egypt,EGY,2013,Country or economy,Clean,True,14.85,-0.02,-0.134,8.996,-0.136,3.4599999999999995,0.331,-0.015,-4.335,0.34,22.29,Africa,Africa,False,False,False,False,False,Egypt
Egypt,EGY,2013,Country or economy,Fossil,True,150.23,2.26,1.527,91.004,0.136,24.74,96.924,1.54,1.615,99.659,645.171,Africa,Africa,False,False,False,False,False,Egypt
Egypt,EGY,2013,Country or economy,Total generation,True,165.08,2.24,1.376,100.0,0.0,28.2,97.255,1.525,1.593,100.0,589.139,Africa,Africa,False,False,False,False,False,Egypt
Egypt,EGY,2013,Country or economy,Demand,True,164.68,2.24,1.379,99.758,0.004,,,,,,,Africa,Africa,False,False,False,False,False,Egypt
Egypt,EGY,2014,Country or economy,Solar,False,0.14,0.11,366.667,0.082,0.064,0.03,0.007,0.006,600.0,0.007,50.0,Africa,Africa,False,False,False,False,False,Egypt
Egypt,EGY,2014,Country or economy,Wind,False,1.03,-0.55,-34.81,0.601,-0.356,0.56,0.01,-0.005,-33.333,0.01,9.709,Africa,Africa,False,False,False,False,False,Egypt
Egypt,EGY,2014,Country or economy,Hydro,False,13.59,0.35,2.644,7.936,-0.084,2.8,0.323,0.008,2.54,0.319,23.767,Africa,Africa,False,False,False,False,False,Egypt
Egypt,EGY,2014,Country or economy,Bioenergy,False,0.0,0.0,,0.0,0.0,0.07,0.0,0.0,,0.0,,Africa,Africa,False,False,False,False,False,Egypt
Egypt,EGY,2014,Country or economy,Coal,False,0.0,0.0,,0.0,0.0,,0.0,0.0,,0.0,,Africa,Africa,False,False,False,False,False,Egypt
Egypt,EGY,2014,Country or economy,Gas,False,124.64,1.47,1.193,72.787,-1.825,25.49,80.063,0.944,1.193,78.994,642.354,Africa,Africa,False,False,False,False,False,Egypt
Egypt,EGY,2014,Country or economy,Other fossil,False,31.84,4.78,17.664,18.594,2.202,0.0,20.951,3.146,17.669,20.671,658.009,Africa,Africa,False,False,False,False,False,Egypt
Egypt,EGY,2014,Country or economy,Net imports,False,-0.68,-0.28,70.0,-0.397,-0.155,,0.0,0.0,,0.0,0.0,Africa,Africa,False,False,False,False,False,Egypt
Egypt,EGY,2014,Country or economy,Wind and solar,True,1.17,-0.44,-27.329,0.683,-0.292,0.5900000000000001,0.016,0.0,0.0,0.016,13.675,Africa,Africa,False,False,False,False,False,Egypt
Egypt,EGY,2014,Country or economy,"Hydro, bioenergy and other renewables",True,13.59,0.35,2.644,7.936,-0.084,2.87,0.323,0.008,2.54,0.319,23.767,Africa,Africa,False,False,False,False,False,Egypt
Egypt,EGY,2014,Country or economy,Renewables,True,14.76,-0.09,-0.606,8.619,-0.377,3.4599999999999995,0.339,0.008,2.417,0.334,22.967,Africa,Africa,False,False,False,False,False,Egypt
Egypt,EGY,2014,Country or economy,Clean,True,14.76,-0.09,-0.606,8.619,-0.377,3.4599999999999995,0.339,0.008,2.417,0.334,22.967,Africa,Africa,False,False,False,False,False,Egypt
Egypt,EGY,2014,Country or economy,Fossil,True,156.48,6.25,4.16,91.381,0.377,25.49,101.014,4.09,4.22,99.665,645.539,Africa,Africa,False,False,False,False,False,Egypt
Egypt,EGY,2014,Country or economy,Total generation,True,171.24,6.16,3.732,100.0,0.0,28.95,101.353,4.098,4.214,100.0,591.877,Africa,Africa,False,False,False,False,False,Egypt
Egypt,EGY,2014,Country or economy,Demand,True,170.56,5.88,3.571,99.603,-0.155,,,,,,,Africa,Africa,False,False,False,False,False,Egypt
Egypt,EGY,2015,Country or economy,Solar,False,0.04,-0.1,-71.429,0.022,-0.06,0.04,0.002,-0.005,-71.429,0.002,50.0,Africa,Africa,False,False,False,False,False,Egypt
Egypt,EGY,2015,Country or economy,Wind,False,1.89,0.86,83.495,1.039,0.438,0.75,0.018,0.008,80.0,0.017,9.524,Africa,Africa,False,False,False,False,False,Egypt
Egypt,EGY,2015,Country or economy,Hydro,False,13.68,0.09,0.662,7.524,-0.412,2.8,0.325,0.002,0.619,0.302,23.757,Africa,Africa,False,False,False,False,False,Egypt
Egypt,EGY,2015,Country or economy,Bioenergy,False,0.0,0.0,,0.0,0.0,0.07,0.0,0.0,,0.0,,Africa,Africa,False,False,False,False,False,Egypt
Egypt,EGY,2015,Country or economy,Coal,False,0.0,0.0,,0.0,0.0,,0.0,0.0,,0.0,,Africa,Africa,False,False,False,False,False,Egypt
Egypt,EGY,2015,Country or economy,Gas,False,129.81,5.17,4.148,71.391,-1.396,29.68,83.384,3.321,4.148,77.432,642.354,Africa,Africa,False,False,False,False,False,Egypt
Egypt,EGY,2015,Country or economy,Other fossil,False,36.41,4.57,14.353,20.024,1.43,0.5,23.958,3.007,14.353,22.248,658.006,Africa,Africa,False,False,False,False,False,Egypt
Egypt,EGY,2015,Country or economy,Net imports,False,-0.69,-0.01,1.471,-0.379,0.018,,0.0,0.0,,0.0,0.0,Africa,Africa,False,False,False,False,False,Egypt
Egypt,EGY,2015,Country or economy,Wind and solar,True,1.93,0.76,64.957,1.061,0.378,0.79,0.02,0.004,25.0,0.019,10.363,Africa,Africa,False,False,False,False,False,Egypt
Egypt,EGY,2015,Country or economy,"Hydro, bioenergy and other renewables",True,13.68,0.09,0.662,7.524,-0.412,2.87,0.325,0.002,0.619,0.302,23.757,Africa,Africa,False,False,False,False,False,Egypt
Egypt,EGY,2015,Country or economy,Renewables,True,15.61,0.85,5.759,8.585,-0.034,3.66,0.345,0.006,1.77,0.32,22.101,Africa,Africa,False,False,False,False,False,Egypt
Egypt,EGY,2015,Country or economy,Clean,True,15.61,0.85,5.759,8.585,-0.034,3.66,0.345,0.006,1.77,0.32,22.101,Africa,Africa,False,False,False,False,False,Egypt
Egypt,EGY,2015,Country or economy,Fossil,True,166.22,9.74,6.224,91.415,0.034,30.18,107.342,6.328,6.264,99.68,645.783,Africa,Africa,False,False,False,False,False,Egypt
Egypt,EGY,2015,Country or economy,Total generation,True,181.83,10.59,6.184,100.0,0.0,33.84,107.687,6.334,6.249,100.0,592.24,Africa,Africa,False,False,False,False,False,Egypt
Egypt,EGY,2015,Country or economy,Demand,True,181.14,10.58,6.203,99.621,0.018,,,,,,,Africa,Africa,False,False,False,False,False,Egypt
Egypt,EGY,2016,Country or economy,Solar,False,0.23,0.19,475.0,0.122,0.1,0.06,0.011,0.009,450.0,0.01,47.826,Africa,Africa,False,False,False,False,False,Egypt
Egypt,EGY,2016,Country or economy,Wind,False,2.4,0.51,26.984,1.275,0.236,0.75,0.023,0.005,27.778,0.021,9.583,Africa,Africa,False,False,False,False,False,Egypt
Egypt,EGY,2016,Country or economy,Hydro,False,13.2,-0.48,-3.509,7.014,-0.51,2.8,0.314,-0.011,-3.385,0.281,23.788,Africa,Africa,False,False,False,False,False,Egypt
Egypt,EGY,2016,Country or economy,Bioenergy,False,0.0,0.0,,0.0,0.0,0.07,0.0,0.0,,0.0,,Africa,Africa,False,False,False,False,False,Egypt
Egypt,EGY,2016,Country or economy,Coal,False,0.0,0.0,,0.0,0.0,,0.0,0.0,,0.0,,Africa,Africa,False,False,False,False,False,Egypt
Egypt,EGY,2016,Country or economy,Gas,False,138.47,8.66,6.671,73.58,2.189,30.02,88.947,5.563,6.672,79.706,642.356,Africa,Africa,False,False,False,False,False,Egypt
Egypt,EGY,2016,Country or economy,Other fossil,False,33.89,-2.52,-6.921,18.008,-2.016,0.79,22.3,-1.658,-6.92,19.983,658.011,Africa,Africa,False,False,False,False,False,Egypt
Egypt,EGY,2016,Country or economy,Net imports,False,-0.27,0.42,-60.87,-0.143,0.236,,0.0,0.0,,0.0,0.0,Africa,Africa,False,False,False,False,False,Egypt
Egypt,EGY,2016,Country or economy,Wind and solar,True,2.63,0.7,36.269,1.398,0.337,0.81,0.034,0.014,70.0,0.03,12.928,Africa,Africa,False,False,False,False,False,Egypt
Egypt,EGY,2016,Country or economy,"Hydro, bioenergy and other renewables",True,13.2,-0.48,-3.509,7.014,-0.51,2.87,0.314,-0.011,-3.385,0.281,23.788,Africa,Africa,False,False,False,False,False,Egypt
Egypt,EGY,2016,Country or economy,Renewables,True,15.83,0.22,1.409,8.412,-0.173,3.68,0.347,0.002,0.58,0.311,21.92,Africa,Africa,False,False,False,False,False,Egypt
Egypt,EGY,2016,Country or economy,Clean,True,15.83,0.22,1.409,8.412,-0.173,3.68,0.347,0.002,0.58,0.311,21.92,Africa,Africa,False,False,False,False,False,Egypt
Egypt,EGY,2016,Country or economy,Fossil,True,172.36,6.14,3.694,91.588,0.173,30.81,111.247,3.905,3.638,99.689,645.434,Africa,Africa,False,False,False,False,False,Egypt
Egypt,EGY,2016,Country or economy,Total generation,True,188.19,6.36,3.498,100.0,0.0,34.49,111.594,3.907,3.628,100.0,592.986,Africa,Africa,False,False,False,False,False,Egypt
Egypt,EGY,2016,Country or economy,Demand,True,187.92,6.78,3.743,99.857,0.236,,,,,,,Africa,Africa,False,False,False,False,False,Egypt
Egypt,EGY,2017,Country or economy,Solar,False,0.6,0.37,160.87,0.311,0.189,0.18,0.029,0.018,163.636,0.025,48.333,Africa,Africa,False,False,False,False,False,Egypt
Egypt,EGY,2017,Country or economy,Wind,False,2.11,-0.29,-12.083,1.092,-0.183,0.75,0.02,-0.003,-13.043,0.017,9.479,Africa,Africa,False,False,False,False,False,Egypt
Egypt,EGY,2017,Country or economy,Hydro,False,12.79,-0.41,-3.106,6.62,-0.394,2.8,0.304,-0.01,-3.185,0.265,23.769,Africa,Africa,False,False,False,False,False,Egypt
Egypt,EGY,2017,Country or economy,Bioenergy,False,0.0,0.0,,0.0,0.0,0.07,0.0,0.0,,0.0,,Africa,Africa,False,False,False,False,False,Egypt
Egypt,EGY,2017,Country or economy,Coal,False,0.0,0.0,,0.0,0.0,,0.0,0.0,,0.0,,Africa,Africa,False,False,False,False,False,Egypt
Egypt,EGY,2017,Country or economy,Gas,False,151.93,13.46,9.721,78.635,5.055,33.59,97.593,8.646,9.72,84.931,642.355,Africa,Africa,False,False,False,False,False,Egypt
Egypt,EGY,2017,Country or economy,Other fossil,False,25.78,-8.11,-23.93,13.343,-4.665,0.79,16.963,-5.337,-23.933,14.762,657.991,Africa,Africa,False,False,False,False,False,Egypt
Egypt,EGY,2017,Country or economy,Net imports,False,-0.34,-0.07,25.926,-0.176,-0.033,,0.0,0.0,,0.0,0.0,Africa,Africa,False,False,False,False,False,Egypt
Egypt,EGY,2017,Country or economy,Wind and solar,True,2.71,0.08,3.042,1.403,0.005,0.93,0.049,0.015,44.118,0.043,18.081,Africa,Africa,False,False,False,False,False,Egypt
Egypt,EGY,2017,Country or economy,"Hydro, bioenergy and other renewables",True,12.79,-0.41,-3.106,6.62,-0.394,2.87,0.304,-0.01,-3.185,0.265,23.769,Africa,Africa,False,False,False,False,False,Egypt
Egypt,EGY,2017,Country or economy,Renewables,True,15.5,-0.33,-2.085,8.022,-0.39,3.8,0.352,0.005,1.441,0.306,22.71,Africa,Africa,False,False,False,False,False,Egypt
Egypt,EGY,2017,Country or economy,Clean,True,15.5,-0.33,-2.085,8.022,-0.39,3.8,0.352,0.005,1.441,0.306,22.71,Africa,Africa,False,False,False,False,False,Egypt
Egypt,EGY,2017,Country or economy,Fossil,True,177.71,5.35,3.104,91.978,0.39,34.38,114.556,3.309,2.974,99.693,644.623,Africa,Africa,False,False,False,False,False,Egypt
Egypt,EGY,2017,Country or economy,Total generation,True,193.21,5.02,2.668,100.0,0.0,38.18,114.909,3.315,2.971,100.0,594.736,Africa,Africa,False,False,False,False,False,Egypt
Egypt,EGY,2017,Country or economy,Demand,True,192.87,4.95,2.634,99.824,-0.033,,,,,,,Africa,Africa,False,False,False,False,False,Egypt
Egypt,EGY,2018,Country or economy,Solar,False,0.55,-0.05,-8.333,0.276,-0.035,0.76,0.026,-0.003,-10.345,0.022,47.273,Africa,Africa,False,False,False,False,False,Egypt
Egypt,EGY,2018,Country or economy,Wind,False,2.99,0.88,41.706,1.5,0.408,1.13,0.028,0.008,40.0,0.024,9.365,Africa,Africa,False,False,False,False,False,Egypt
Egypt,EGY,2018,Country or economy,Hydro,False,12.92,0.13,1.016,6.48,-0.14,2.83,0.307,0.003,0.987,0.26,23.762,Africa,Africa,False,False,False,False,False,Egypt
Egypt,EGY,2018,Country or economy,Bioenergy,False,0.0,0.0,,0.0,0.0,0.07,0.0,0.0,,0.0,,Africa,Africa,False,False,False,False,False,Egypt
Egypt,EGY,2018,Country or economy,Coal,False,0.0,0.0,,0.0,0.0,,0.0,0.0,,0.0,,Africa,Africa,False,False,False,False,False,Egypt
Egypt,EGY,2018,Country or economy,Gas,False,167.18,15.25,10.038,83.846,5.211,49.24,107.389,9.796,10.038,90.92,642.356,Africa,Africa,False,False,False,False,False,Egypt
Egypt,EGY,2018,Country or economy,Other fossil,False,15.75,-10.03,-38.906,7.899,-5.444,0.79,10.364,-6.599,-38.902,8.775,658.032,Africa,Africa,False,False,False,False,False,Egypt
Egypt,EGY,2018,Country or economy,Net imports,False,-0.57,-0.23,67.647,-0.286,-0.11,,0.0,0.0,,0.0,0.0,Africa,Africa,False,False,False,False,False,Egypt
Egypt,EGY,2018,Country or economy,Wind and solar,True,3.54,0.83,30.627,1.775,0.372,1.89,0.055,0.006,12.245,0.047,15.537,Africa,Africa,False,False,False,False,False,Egypt
Egypt,EGY,2018,Country or economy,"Hydro, bioenergy and other renewables",True,12.92,0.13,1.016,6.48,-0.14,2.9,0.307,0.003,0.987,0.26,23.762,Africa,Africa,False,False,False,False,False,Egypt
Egypt,EGY,2018,Country or economy,Renewables,True,16.46,0.96,6.194,8.255,0.233,4.79,0.362,0.01,2.841,0.306,21.993,Africa,Africa,False,False,False,False,False,Egypt
Egypt,EGY,2018,Country or economy,Clean,True,16.46,0.96,6.194,8.255,0.233,4.79,0.362,0.01,2.841,0.306,21.993,Africa,Africa,False,False,False,False,False,Egypt
Egypt,EGY,2018,Country or economy,Fossil,True,182.93,5.22,2.937,91.745,-0.233,50.03,117.752,3.196,2.79,99.694,643.7,Africa,Africa,False,False,False,False,False,Egypt
Egypt,EGY,2018,Country or economy,Total generation,True,199.39,6.18,3.199,100.0,0.0,54.82,118.114,3.205,2.789,100.0,592.377,Africa,Africa,False,False,False,False,False,Egypt
Egypt,EGY,2018,Country or economy,Demand,True,198.82,5.95,3.085,99.714,-0.11,,,,,,,Africa,Africa,False,False,False,False,False,Egypt
Egypt,EGY,2019,Country or economy,Solar,False,1.49,0.94,170.909,0.743,0.467,1.65,0.071,0.045,173.077,0.061,47.651,Africa,Africa,False,False,False,False,False,Egypt
Egypt,EGY,2019,Country or economy,Wind,False,4.98,1.99,66.555,2.483,0.983,1.13,0.047,0.019,67.857,0.04,9.438,Africa,Africa,False,False,False,False,False,Egypt
Egypt,EGY,2019,Country or economy,Hydro,False,13.12,0.2,1.548,6.541,0.061,2.83,0.312,0.005,1.629,0.267,23.78,Africa,Africa,False,False,False,False,False,Egypt
Egypt,EGY,2019,Country or economy,Bioenergy,False,0.0,0.0,,0.0,0.0,0.08,0.0,0.0,,0.0,,Africa,Africa,False,False,False,False,False,Egypt
Egypt,EGY,2019,Country or economy,Coal,False,0.0,0.0,,0.0,0.0,,0.0,0.0,,0.0,,Africa,Africa,False,False,False,False,False,Egypt
Egypt,EGY,2019,Country or economy,Gas,False,171.82,4.64,2.775,85.666,1.82,52.21,110.369,2.98,2.775,94.472,642.352,Africa,Africa,False,False,False,False,False,Egypt
Egypt,EGY,2019,Country or economy,Other fossil,False,9.16,-6.59,-41.841,4.567,-3.332,0.79,6.027,-4.337,-41.847,5.159,657.969,Africa,Africa,False,False,False,False,False,Egypt
Egypt,EGY,2019,Country or economy,Net imports,False,-0.79,-0.22,38.596,-0.394,-0.108,,0.0,0.0,,0.0,0.0,Africa,Africa,False,False,False,False,False,Egypt
Egypt,EGY,2019,Country or economy,Wind and solar,True,6.47,2.93,82.768,3.226,1.451,2.78,0.118,0.063,114.545,0.101,18.238,Africa,Africa,False,False,False,False,False,Egypt
Egypt,EGY,2019,Country or economy,"Hydro, bioenergy and other renewables",True,13.12,0.2,1.548,6.541,0.061,2.91,0.312,0.005,1.629,0.267,23.78,Africa,Africa,False,False,False,False,False,Egypt
Egypt,EGY,2019,Country or economy,Renewables,True,19.59,3.13,19.016,9.767,1.512,5.69,0.43,0.068,18.785,0.368,21.95,Africa,Africa,False,False,False,False,False,Egypt
Egypt,EGY,2019,Country or economy,Clean,True,19.59,3.13,19.016,9.767,1.512,5.69,0.43,0.068,18.785,0.368,21.95,Africa,Africa,False,False,False,False,False,Egypt
Egypt,EGY,2019,Country or economy,Fossil,True,180.98,-1.95,-1.066,90.233,-1.512,53.0,116.397,-1.355,-1.151,99.632,643.148,Africa,Africa,False,False,False,False,False,Egypt
Egypt,EGY,2019,Country or economy,Total generation,True,200.57,1.18,0.592,100.0,0.0,58.69,116.827,-1.287,-1.09,100.0,582.475,Africa,Africa,False,False,False,False,False,Egypt
Egypt,EGY,2019,Country or economy,Demand,True,199.78,0.96,0.483,99.606,-0.108,,,,,,,Africa,Africa,False,False,False,False,False,Egypt
Egypt,EGY,2020,Country or economy,Solar,False,4.45,2.96,198.658,2.241,1.498,1.64,0.211,0.14,197.183,0.187,47.416,Africa,Africa,False,False,False,False,False,Egypt
Egypt,EGY,2020,Country or economy,Wind,False,5.23,0.25,5.02,2.633,0.15,1.38,0.05,0.003,6.383,0.044,9.56,Africa,Africa,False,False,False,False,False,Egypt
Egypt,EGY,2020,Country or economy,Hydro,False,14.08,0.96,7.317,7.09,0.549,2.83,0.335,0.023,7.372,0.296,23.793,Africa,Africa,False,False,False,False,False,Egypt
Egypt,EGY,2020,Country or economy,Bioenergy,False,0.0,0.0,,0.0,0.0,0.08,0.0,0.0,,0.0,,Africa,Africa,False,False,False,False,False,Egypt
Egypt,EGY,2020,Country or economy,Coal,False,0.0,0.0,,0.0,0.0,,0.0,0.0,,0.0,,Africa,Africa,False,False,False,False,False,Egypt
Egypt,EGY,2020,Country or economy,Gas,False,166.86,-4.96,-2.887,84.018,-1.648,52.96,107.183,-3.186,-2.887,94.827,642.353,Africa,Africa,False,False,False,False,False,Egypt
Egypt,EGY,2020,Country or economy,Other fossil,False,7.98,-1.18,-12.882,4.018,-0.549,0.79,5.251,-0.776,-12.875,4.646,658.02,Africa,Africa,False,False,False,False,False,Egypt
Egypt,EGY,2020,Country or economy,Net imports,False,-1.42,-0.63,79.747,-0.715,-0.321,,0.0,0.0,,0.0,0.0,Africa,Africa,False,False,False,False,False,Egypt
Egypt,EGY,2020,Country or economy,Wind and solar,True,9.68,3.21,49.614,4.874,1.648,3.02,0.261,0.143,121.186,0.231,26.963,Africa,Africa,False,False,False,False,False,Egypt
Egypt,EGY,2020,Country or economy,"Hydro, bioenergy and other renewables",True,14.08,0.96,7.317,7.09,0.549,2.91,0.335,0.023,7.372,0.296,23.793,Africa,Africa,False,False,False,False,False,Egypt
Egypt,EGY,2020,Country or economy,Renewables,True,23.76,4.17,21.286,11.964,2.197,5.93,0.596,0.166,38.605,0.527,25.084,Africa,Africa,False,False,False,False,False,Egypt
Egypt,EGY,2020,Country or economy,Clean,True,23.76,4.17,21.286,11.964,2.197,5.93,0.596,0.166,38.605,0.527,25.084,Africa,Africa,False,False,False,False,False,Egypt
Egypt,EGY,2020,Country or economy,Fossil,True,174.84,-6.14,-3.393,88.036,-2.197,53.75,112.434,-3.963,-3.405,99.473,643.068,Africa,Africa,False,False,False,False,False,Egypt
Egypt,EGY,2020,Country or economy,Total generation,True,198.6,-1.97,-0.982,100.0,0.0,59.68,113.03,-3.797,-3.25,100.0,569.134,Africa,Africa,False,False,False,False,False,Egypt
Egypt,EGY,2020,Country or economy,Demand,True,197.18,-2.6,-1.301,99.285,-0.321,,,,,,,Africa,Africa,False,False,False,False,False,Egypt
Egypt,EGY,2021,Country or economy,Solar,False,4.97,0.52,11.685,2.371,0.13,1.66,0.236,0.025,11.848,0.198,47.485,Africa,Africa,False,False,False,False,False,Egypt
Egypt,EGY,2021,Country or economy,Wind,False,5.49,0.26,4.971,2.619,-0.014,1.64,0.052,0.002,4.0,0.044,9.472,Africa,Africa,False,False,False,False,False,Egypt
Egypt,EGY,2021,Country or economy,Hydro,False,14.9,0.82,5.824,7.107,0.017,2.83,0.354,0.019,5.672,0.297,23.758,Africa,Africa,False,False,False,False,False,Egypt
Egypt,EGY,2021,Country or economy,Bioenergy,False,0.0,0.0,,0.0,0.0,0.12,0.0,0.0,,0.0,,Africa,Africa,False,False,False,False,False,Egypt
Egypt,EGY,2021,Country or economy,Coal,False,0.0,0.0,,0.0,0.0,,0.0,0.0,,0.0,,Africa,Africa,False,False,False,False,False,Egypt
Egypt,EGY,2021,Country or economy,Gas,False,179.45,12.59,7.545,85.591,1.573,53.99,115.271,8.088,7.546,96.782,642.357,Africa,Africa,False,False,False,False,False,Egypt
Egypt,EGY,2021,Country or economy,Other fossil,False,4.85,-3.13,-39.223,2.313,-1.705,0.79,3.191,-2.06,-39.231,2.679,657.938,Africa,Africa,False,False,False,False,False,Egypt
Egypt,EGY,2021,Country or economy,Net imports,False,-1.47,-0.05,3.521,-0.701,0.014,,0.0,0.0,,0.0,0.0,Africa,Africa,False,False,False,False,False,Egypt
Egypt,EGY,2021,Country or economy,Wind and solar,True,10.46,0.78,8.058,4.989,0.115,3.3,0.288,0.027,10.345,0.242,27.533,Africa,Africa,False,False,False,False,False,Egypt
Egypt,EGY,2021,Country or economy,"Hydro, bioenergy and other renewables",True,14.9,0.82,5.824,7.107,0.017,2.95,0.354,0.019,5.672,0.297,23.758,Africa,Africa,False,False,False,False,False,Egypt
Egypt,EGY,2021,Country or economy,Renewables,True,25.36,1.6,6.734,12.096,0.132,6.25,0.642,0.046,7.718,0.539,25.315,Africa,Africa,False,False,False,False,False,Egypt
Egypt,EGY,2021,Country or economy,Clean,True,25.36,1.6,6.734,12.096,0.132,6.25,0.642,0.046,7.718,0.539,25.315,Africa,Africa,False,False,False,False,False,Egypt
Egypt,EGY,2021,Country or economy,Fossil,True,184.3,9.46,5.411,87.904,-0.132,54.78,118.462,6.028,5.361,99.461,642.767,Africa,Africa,False,False,False,False,False,Egypt
Egypt,EGY,2021,Country or economy,Total generation,True,209.66,11.06,5.569,100.0,0.0,61.03,119.104,6.074,5.374,100.0,568.082,Africa,Africa,False,False,False,False,False,Egypt
Egypt,EGY,2021,Country or economy,Demand,True,208.19,11.01,5.584,99.299,0.014,,,,,,,Africa,Africa,False,False,False,False,False,Egypt
Egypt,EGY,2022,Country or economy,Solar,False,5.0,0.03,0.604,2.307,-0.064,1.69,0.238,0.002,0.847,0.193,47.6,Africa,Africa,False,False,False,False,False,Egypt
Egypt,EGY,2022,Country or economy,Wind,False,5.9,0.41,7.468,2.722,0.103,1.64,0.056,0.004,7.692,0.045,9.492,Africa,Africa,False,False,False,False,False,Egypt
Egypt,EGY,2022,Country or economy,Hydro,False,14.71,-0.19,-1.275,6.788,-0.319,2.83,0.35,-0.004,-1.13,0.283,23.793,Africa,Africa,False,False,False,False,False,Egypt
Egypt,EGY,2022,Country or economy,Bioenergy,False,0.0,0.0,,0.0,0.0,0.12,0.0,0.0,,0.0,,Africa,Africa,False,False,False,False,False,Egypt
Egypt,EGY,2022,Country or economy,Coal,False,0.0,0.0,,0.0,0.0,,0.0,0.0,,0.0,,Africa,Africa,False,False,False,False,False,Egypt
Egypt,EGY,2022,Country or economy,Gas,False,183.07,3.62,2.017,84.473,-1.118,53.82,117.596,2.325,2.017,95.197,642.355,Africa,Africa,False,False,False,False,False,Egypt
Egypt,EGY,2022,Country or economy,Other fossil,False,8.04,3.19,65.773,3.71,1.397,0.79,5.29,2.099,65.779,4.282,657.96,Africa,Africa,False,False,False,False,False,Egypt
Egypt,EGY,2022,Country or economy,Net imports,False,-1.57,-0.1,6.803,-0.724,-0.023,,0.0,0.0,,0.0,0.0,Africa,Africa,False,False,False,False,False,Egypt
Egypt,EGY,2022,Country or economy,Wind and solar,True,10.9,0.44,4.207,5.03,0.041,3.33,0.294,0.006,2.083,0.238,26.972,Africa,Africa,False,False,False,False,False,Egypt
Egypt,EGY,2022,Country or economy,"Hydro, bioenergy and other renewables",True,14.71,-0.19,-1.275,6.788,-0.319,2.95,0.35,-0.004,-1.13,0.283,23.793,Africa,Africa,False,False,False,False,False,Egypt
Egypt,EGY,2022,Country or economy,Renewables,True,25.61,0.25,0.986,11.817,-0.279,6.28,0.643,0.001,0.156,0.521,25.107,Africa,Africa,False,False,False,False,False,Egypt
Egypt,EGY,2022,Country or economy,Clean,True,25.61,0.25,0.986,11.817,-0.279,6.28,0.643,0.001,0.156,0.521,25.107,Africa,Africa,False,False,False,False,False,Egypt
Egypt,EGY,2022,Country or economy,Fossil,True,191.11,6.81,3.695,88.183,0.279,54.61,122.886,4.424,3.735,99.479,643.012,Africa,Africa,False,False,False,False,False,Egypt
Egypt,EGY,2022,Country or economy,Total generation,True,216.72,7.06,3.367,100.0,0.0,60.88999999999999,123.53,4.426,3.716,100.0,569.998,Africa,Africa,False,False,False,False,False,Egypt
Egypt,EGY,2022,Country or economy,Demand,True,215.15,6.96,3.343,99.276,-0.023,,,,,,,Africa,Africa,False,False,False,False,False,Egypt
Egypt,EGY,2023,Country or economy,Solar,False,4.93,-0.07,-1.4,2.222,-0.085,1.82,0.234,-0.004,-1.681,0.185,47.465,Africa,Africa,False,False,False,False,False,Egypt
Egypt,EGY,2023,Country or economy,Wind,False,5.99,0.09,1.525,2.699,-0.023,1.89,0.057,0.001,1.786,0.045,9.516,Africa,Africa,False,False,False,False,False,Egypt
Egypt,EGY,2023,Country or economy,Hydro,False,15.05,0.34,2.311,6.782,-0.006,2.83,0.358,0.008,2.286,0.282,23.787,Africa,Africa,False,False,False,False,False,Egypt
Egypt,EGY,2023,Country or economy,Bioenergy,False,0.0,0.0,,0.0,0.0,0.13,0.0,0.0,,0.0,,Africa,Africa,False,False,False,False,False,Egypt
Egypt,EGY,2023,Country or economy,Coal,False,0.0,0.0,,0.0,0.0,,0.0,0.0,,0.0,,Africa,Africa,False,False,False,False,False,Egypt
Egypt,EGY,2023,Country or economy,Gas,False,179.37,-3.7,-2.021,80.826,-3.647,53.43,115.219,-2.377,-2.021,90.883,642.354,Africa,Africa,False,False,False,False,False,Egypt
Egypt,EGY,2023,Country or economy,Other fossil,False,16.58,8.54,106.219,7.471,3.761,0.79,10.91,5.62,106.238,8.606,658.022,Africa,Africa,False,False,False,False,False,Egypt
Egypt,EGY,2023,Country or economy,Net imports,False,-1.39,0.18,-11.465,-0.626,0.098,,0.0,0.0,,0.0,0.0,Africa,Africa,False,False,False,False,False,Egypt
Egypt,EGY,2023,Country or economy,Wind and solar,True,10.92,0.02,0.183,4.921,-0.109,3.71,0.291,-0.003,-1.02,0.23,26.648,Africa,Africa,False,False,False,False,False,Egypt
Egypt,EGY,2023,Country or economy,"Hydro, bioenergy and other renewables",True,15.05,0.34,2.311,6.782,-0.006,2.96,0.358,0.008,2.286,0.282,23.787,Africa,Africa,False,False,False,False,False,Egypt
Egypt,EGY,2023,Country or economy,Renewables,True,25.97,0.36,1.406,11.702,-0.115,6.67,0.649,0.006,0.933,0.512,24.99,Africa,Africa,False,False,False,False,False,Egypt
Egypt,EGY,2023,Country or economy,Clean,True,25.97,0.36,1.406,11.702,-0.115,6.67,0.649,0.006,0.933,0.512,24.99,Africa,Africa,False,False,False,False,False,Egypt
Egypt,EGY,2023,Country or economy,Fossil,True,195.95,4.84,2.533,88.298,0.115,54.22,126.129,3.243,2.639,99.488,643.68,Africa,Africa,False,False,False,False,False,Egypt
Egypt,EGY,2023,Country or economy,Total generation,True,221.92,5.2,2.399,100.0,0.0,60.89,126.778,3.248,2.629,100.0,571.278,Africa,Africa,False,False,False,False,False,Egypt
Egypt,EGY,2023,Country or economy,Demand,True,220.53,5.38,2.501,99.374,0.098,,,,,,,Africa,Africa,False,False,False,False,False,Egypt
Egypt,EGY,2024,Country or economy,Solar,False,6.07,1.14,23.124,2.557,0.335,2.55,0.288,0.054,23.077,0.211,47.446,Africa,Africa,False,False,False,False,False,Egypt
Egypt,EGY,2024,Country or economy,Wind,False,6.14,0.15,2.504,2.586,-0.113,2.2,0.058,0.001,1.754,0.043,9.446,Africa,Africa,False,False,False,False,False,Egypt
Egypt,EGY,2024,Country or economy,Hydro,False,14.37,-0.68,-4.518,6.053,-0.729,2.83,0.341,-0.017,-4.749,0.25,23.73,Africa,Africa,False,False,False,False,False,Egypt
Egypt,EGY,2024,Country or economy,Bioenergy,False,0.0,0.0,,0.0,0.0,0.13,0.0,0.0,,0.0,,Africa,Africa,False,False,False,False,False,Egypt
Egypt,EGY,2024,Country or economy,Coal,False,0.0,0.0,,0.0,0.0,,0.0,0.0,,0.0,,Africa,Africa,False,False,False,False,False,Egypt
Egypt,EGY,2024,Country or economy,Gas,False,192.98,13.61,7.588,81.292,0.466,53.43,123.962,8.743,7.588,90.893,642.357,Africa,Africa,False,False,False,False,False,Egypt
Egypt,EGY,2024,Country or economy,Other fossil,False,17.83,1.25,7.539,7.511,0.04,0.79,11.732,0.822,7.534,8.602,657.992,Africa,Africa,False,False,False,False,False,Egypt
Egypt,EGY,2024,Country or economy,Net imports,False,-1.4,-0.01,0.719,-0.59,0.036,,0.0,0.0,,0.0,0.0,Africa,Africa,False,False,False,False,False,Egypt
Egypt,EGY,2024,Country or economy,Wind and solar,True,12.21,1.29,11.813,5.143,0.222,4.75,0.347,0.056,19.244,0.254,28.419,Africa,Africa,False,False,False,False,False,Egypt
Egypt,EGY,2024,Country or economy,"Hydro, bioenergy and other renewables",True,14.37,-0.68,-4.518,6.053,-0.729,2.96,0.341,-0.017,-4.749,0.25,23.73,Africa,Africa,False,False,False,False,False,Egypt
Egypt,EGY,2024,Country or economy,Renewables,True,26.58,0.61,2.349,11.197,-0.505,7.71,0.688,0.039,6.009,0.504,25.884,Africa,Africa,False,False,False,False,False,Egypt
Egypt,EGY,2024,Country or economy,Clean,True,26.58,0.61,2.349,11.197,-0.505,7.71,0.688,0.039,6.009,0.504,25.884,Africa,Africa,False,False,False,False,False,Egypt
Egypt,EGY,2024,Country or economy,Fossil,True,210.81,14.86,7.584,88.803,0.505,54.22,135.694,9.565,7.584,99.495,643.679,Africa,Africa,False,False,False,False,False,Egypt
Egypt,EGY,2024,Country or economy,Total generation,True,237.39,15.47,6.971,100.0,0.0,61.93,136.382,9.604,7.575,100.0,574.506,Africa,Africa,False,False,False,False,False,Egypt
Egypt,EGY,2024,Country or economy,Demand,True,235.99,15.46,7.01,99.41,0.036,,,,,,,Africa,Africa,False,False,False,False,False,Egypt
Egypt,EGY,2025,Country or economy,Solar,False,7.598,1.528,25.173,3.093,0.536,3.27,0.361,0.073,25.347,0.261,47.513,Africa,Africa,False,False,False,False,False,Egypt
Egypt,EGY,2025,Country or economy,Wind,False,9.286,3.146,51.238,3.78,1.194,3.03,0.088,0.03,51.724,0.064,9.477,Africa,Africa,False,False,False,False,False,Egypt
Egypt,EGY,2025,Country or economy,Hydro,False,15.07,0.7,4.871,6.134,0.081,2.83,0.358,0.017,4.985,0.259,23.756,Africa,Africa,False,False,False,False,False,Egypt
Egypt,EGY,2025,Country or economy,Bioenergy,False,0.0,0.0,,0.0,0.0,0.13,0.0,0.0,,0.0,,Africa,Africa,False,False,False,False,False,Egypt
Egypt,EGY,2025,Country or economy,Coal,False,0.0,0.0,,0.0,0.0,,0.0,0.0,,0.0,,Africa,Africa,False,False,False,False,False,Egypt
Egypt,EGY,2025,Country or economy,Gas,False,195.571,2.591,1.343,79.601,-1.691,53.43,125.626,1.664,1.342,90.779,642.355,Africa,Africa,False,False,False,False,False,Egypt
Egypt,EGY,2025,Country or economy,Other fossil,False,18.166,0.336,1.884,7.394,-0.117,0.79,11.953,0.221,1.884,8.637,657.987,Africa,Africa,False,False,False,False,False,Egypt
Egypt,EGY,2025,Country or economy,Net imports,False,-1.4,0.0,0.0,-0.57,0.02,,0.0,0.0,,0.0,0.0,Africa,Africa,False,False,False,False,False,Egypt
Egypt,EGY,2025,Country or economy,Wind and solar,True,16.884,4.674,38.28,6.872,1.729,6.3,0.449,0.102,29.395,0.324,26.593,Africa,Africa,False,False,False,False,False,Egypt
Egypt,EGY,2025,Country or economy,"Hydro, bioenergy and other renewables",True,15.07,0.7,4.871,6.134,0.081,2.96,0.358,0.017,4.985,0.259,23.756,Africa,Africa,False,False,False,False,False,Egypt
Egypt,EGY,2025,Country or economy,Renewables,True,31.954,5.374,20.218,13.006,1.809,9.26,0.808,0.12,17.442,0.584,25.286,Africa,Africa,False,False,False,False,False,Egypt
Egypt,EGY,2025,Country or economy,Clean,True,31.954,5.374,20.218,13.006,1.809,9.26,0.808,0.12,17.442,0.584,25.286,Africa,Africa,False,False,False,False,False,Egypt
Egypt,EGY,2025,Country or economy,Fossil,True,213.736,2.926,1.388,86.994,-1.809,54.22,137.579,1.885,1.389,99.417,643.687,Africa,Africa,False,False,False,False,False,Egypt
Egypt,EGY,2025,Country or economy,Total generation,True,245.69,8.3,3.496,100.0,0.0,63.48,138.386,2.004,1.469,100.0,563.255,Africa,Africa,False,False,False,False,False,Egypt
Egypt,EGY,2025,Country or economy,Demand,True,244.29,8.3,3.517,99.43,0.02,,,,,,,Africa,Africa,False,False,False,False,False,Egypt
Ethiopia,ETH,2000,Country or economy,Solar,False,0.0,,,0.0,,0.0,0.0,,,0.0,,Africa,Africa,False,False,False,False,False,Ethiopia
Ethiopia,ETH,2000,Country or economy,Wind,False,0.0,,,0.0,,0.0,0.0,,,0.0,,Africa,Africa,False,False,False,False,False,Ethiopia
Ethiopia,ETH,2000,Country or economy,Hydro,False,1.63,,,96.45,,0.38,0.039,,,64.424,23.926,Africa,Africa,False,False,False,False,False,Ethiopia
Ethiopia,ETH,2000,Country or economy,Bioenergy,False,0.04,,,2.367,,0.02,0.009,,,14.867,225.0,Africa,Africa,False,False,False,False,False,Ethiopia
Ethiopia,ETH,2000,Country or economy,Other renewables,False,0.0,,,0.0,,0.0,0.0,,,0.0,,Africa,Africa,False,False,False,False,False,Ethiopia
Ethiopia,ETH,2000,Country or economy,Nuclear,False,0.0,,,0.0,,0.0,0.0,,,0.0,,Africa,Africa,False,False,False,False,False,Ethiopia
Ethiopia,ETH,2000,Country or economy,Coal,False,0.0,,,0.0,,,0.0,,,0.0,,Africa,Africa,False,False,False,False,False,Ethiopia
Ethiopia,ETH,2000,Country or economy,Gas,False,0.0,,,0.0,,,0.0,,,0.0,,Africa,Africa,False,False,False,False,False,Ethiopia
Ethiopia,ETH,2000,Country or economy,Other fossil,False,0.02,,,1.183,,0.16,0.013,,,21.475,650.0,Africa,Africa,False,False,False,False,False,Ethiopia
Ethiopia,ETH,2000,Country or economy,Net imports,False,0.0,,,0.0,,,0.0,,,0.0,,Africa,Africa,False,False,False,False,False,Ethiopia
Ethiopia,ETH,2000,Country or economy,Wind and solar,True,0.0,,,0.0,,0.0,0.0,,,0.0,,Africa,Africa,False,False,False,False,False,Ethiopia
Ethiopia,ETH,2000,Country or economy,"Hydro, bioenergy and other renewables",True,1.67,,,98.817,,0.4,0.047,,,77.639,28.144,Africa,Africa,False,False,False,False,False,Ethiopia
Ethiopia,ETH,2000,Country or economy,Renewables,True,1.67,,,98.817,,0.4,0.047,,,77.639,28.144,Africa,Africa,False,False,False,False,False,Ethiopia
Ethiopia,ETH,2000,Country or economy,Clean,True,1.67,,,98.817,,0.4,0.047,,,77.639,28.144,Africa,Africa,False,False,False,False,False,Ethiopia
Ethiopia,ETH,2000,Country or economy,Fossil,True,0.02,,,1.183,,0.16,0.013,,,21.475,650.0,Africa,Africa,False,False,False,False,False,Ethiopia
Ethiopia,ETH,2000,Country or economy,Total generation,True,1.69,,,100.0,,0.56,0.061,,,100.765,36.095,Africa,Africa,False,False,False,False,False,Ethiopia
Ethiopia,ETH,2000,Country or economy,Demand,True,1.69,,,100.0,,,,,,,,Africa,Africa,False,False,False,False,False,Ethiopia
Ethiopia,ETH,2001,Country or economy,Solar,False,0.0,0.0,,0.0,0.0,0.0,0.0,0.0,,0.0,,Africa,Africa,False,False,False,False,False,Ethiopia
Ethiopia,ETH,2001,Country or economy,Wind,False,0.0,0.0,,0.0,0.0,0.0,0.0,0.0,,0.0,,Africa,Africa,False,False,False,False,False,Ethiopia
Ethiopia,ETH,2001,Country or economy,Hydro,False,1.97,0.34,20.859,96.569,0.119,0.45,0.047,0.008,20.513,66.406,23.858,Africa,Africa,False,False,False,False,False,Ethiopia
Ethiopia,ETH,2001,Country or economy,Bioenergy,False,0.05,0.01,25.0,2.451,0.084,0.02,0.011,0.002,22.222,15.542,220.0,Africa,Africa,False,False,False,False,False,Ethiopia
Ethiopia,ETH,2001,Country or economy,Other renewables,False,0.0,0.0,,0.0,0.0,0.0,0.0,0.0,,0.0,,Africa,Africa,False,False,False,False,False,Ethiopia
Ethiopia,ETH,2001,Country or economy,Nuclear,False,0.0,0.0,,0.0,0.0,0.0,0.0,0.0,,0.0,,Africa,Africa,False,False,False,False,False,Ethiopia
Ethiopia,ETH,2001,Country or economy,Coal,False,0.0,0.0,,0.0,0.0,,0.0,0.0,,0.0,,Africa,Africa,False,False,False,False,False,Ethiopia
Ethiopia,ETH,2001,Country or economy,Gas,False,0.0,0.0,,0.0,0.0,,0.0,0.0,,0.0,,Africa,Africa,False,False,False,False,False,Ethiopia
Ethiopia,ETH,2001,Country or economy,Other fossil,False,0.02,0.0,0.0,0.98,-0.203,0.21,0.013,0.0,0.0,18.367,650.0,Africa,Africa,False,False,False,False,False,Ethiopia
Ethiopia,ETH,2001,Country or economy,Net imports,False,0.0,0.0,,0.0,0.0,,0.0,0.0,,0.0,,Africa,Africa,False,False,False,False,False,Ethiopia
Ethiopia,ETH,2001,Country or economy,Wind and solar,True,0.0,0.0,,0.0,0.0,0.0,0.0,0.0,,0.0,,Africa,Africa,False,False,False,False,False,Ethiopia
Ethiopia,ETH,2001,Country or economy,"Hydro, bioenergy and other renewables",True,2.02,0.35,20.958,99.02,0.203,0.47,0.058,0.011,23.404,81.947,28.713,Africa,Africa,False,False,False,False,False,Ethiopia
Ethiopia,ETH,2001,Country or economy,Renewables,True,2.02,0.35,20.958,99.02,0.203,0.47,0.058,0.011,23.404,81.947,28.713,Africa,Africa,False,False,False,False,False,Ethiopia
Ethiopia,ETH,2001,Country or economy,Clean,True,2.02,0.35,20.958,99.02,0.203,0.47,0.058,0.011,23.404,81.947,28.713,Africa,Africa,False,False,False,False,False,Ethiopia
Ethiopia,ETH,2001,Country or economy,Fossil,True,0.02,0.0,0.0,0.98,-0.203,0.21,0.013,0.0,0.0,18.367,650.0,Africa,Africa,False,False,False,False,False,Ethiopia
Ethiopia,ETH,2001,Country or economy,Total generation,True,2.04,0.35,20.71,100.0,0.0,0.68,0.071,0.01,16.393,100.315,34.804,Africa,Africa,False,False,False,False,False,Ethiopia
Ethiopia,ETH,2001,Country or economy,Demand,True,2.04,0.35,20.71,100.0,0.0,,,,,,,Africa,Africa,False,False,False,False,False,Ethiopia
Ethiopia,ETH,2002,Country or economy,Solar,False,0.0,0.0,,0.0,0.0,0.0,0.0,0.0,,0.0,,Africa,Africa,False,False,False,False,False,Ethiopia
Ethiopia,ETH,2002,Country or economy,Wind,False,0.0,0.0,,0.0,0.0,0.0,0.0,0.0,,0.0,,Africa,Africa,False,False,False,False,False,Ethiopia
Ethiopia,ETH,2002,Country or economy,Hydro,False,2.0,0.03,1.523,97.087,0.518,0.45,0.048,0.001,2.128,69.236,24.0,Africa,Africa,False,False,False,False,False,Ethiopia
Ethiopia,ETH,2002,Country or economy,Bioenergy,False,0.04,-0.01,-20.0,1.942,-0.509,0.02,0.009,-0.002,-18.182,12.982,225.0,Africa,Africa,False,False,False,False,False,Ethiopia
Ethiopia,ETH,2002,Country or economy,Other renewables,False,0.0,0.0,,0.0,0.0,0.0,0.0,0.0,,0.0,,Africa,Africa,False,False,False,False,False,Ethiopia
Ethiopia,ETH,2002,Country or economy,Nuclear,False,0.0,0.0,,0.0,0.0,0.0,0.0,0.0,,0.0,,Africa,Africa,False,False,False,False,False,Ethiopia
Ethiopia,ETH,2002,Country or economy,Coal,False,0.0,0.0,,0.0,0.0,,0.0,0.0,,0.0,,Africa,Africa,False,False,False,False,False,Ethiopia
Ethiopia,ETH,2002,Country or economy,Gas,False,0.0,0.0,,0.0,0.0,,0.0,0.0,,0.0,,Africa,Africa,False,False,False,False,False,Ethiopia
Ethiopia,ETH,2002,Country or economy,Other fossil,False,0.02,0.0,0.0,0.971,-0.009,0.2,0.013,0.0,0.0,18.751,650.0,Africa,Africa,False,False,False,False,False,Ethiopia
Ethiopia,ETH,2002,Country or economy,Net imports,False,0.0,0.0,,0.0,0.0,,0.0,0.0,,0.0,,Africa,Africa,False,False,False,False,False,Ethiopia
Ethiopia,ETH,2002,Country or economy,Wind and solar,True,0.0,0.0,,0.0,0.0,0.0,0.0,0.0,,0.0,,Africa,Africa,False,False,False,False,False,Ethiopia
Ethiopia,ETH,2002,Country or economy,"Hydro, bioenergy and other renewables",True,2.04,0.02,0.99,99.029,0.009,0.47,0.056,-0.002,-3.448,80.775,27.451,Africa,Africa,False,False,False,False,False,Ethiopia
Ethiopia,ETH,2002,Country or economy,Renewables,True,2.04,0.02,0.99,99.029,0.009,0.47,0.056,-0.002,-3.448,80.775,27.451,Africa,Africa,False,False,False,False,False,Ethiopia
Ethiopia,ETH,2002,Country or economy,Clean,True,2.04,0.02,0.99,99.029,0.009,0.47,0.056,-0.002,-3.448,80.775,27.451,Africa,Africa,False,False,False,False,False,Ethiopia
Ethiopia,ETH,2002,Country or economy,Fossil,True,0.02,0.0,0.0,0.971,-0.009,0.2,0.013,0.0,0.0,18.751,650.0,Africa,Africa,False,False,False,False,False,Ethiopia
Ethiopia,ETH,2002,Country or economy,Total generation,True,2.06,0.02,0.98,100.0,0.0,0.67,0.069,-0.002,-2.817,99.527,33.495,Africa,Africa,False,False,False,False,False,Ethiopia
Ethiopia,ETH,2002,Country or economy,Demand,True,2.06,0.02,0.98,100.0,0.0,,,,,,,Africa,Africa,False,False,False,False,False,Ethiopia
Ethiopia,ETH,2003,Country or economy,Solar,False,0.0,0.0,,0.0,0.0,0.0,0.0,0.0,,0.0,,Africa,Africa,False,False,False,False,False,Ethiopia
Ethiopia,ETH,2003,Country or economy,Wind,False,0.0,0.0,,0.0,0.0,0.0,0.0,0.0,,0.0,,Africa,Africa,False,False,False,False,False,Ethiopia
Ethiopia,ETH,2003,Country or economy,Hydro,False,2.26,0.26,13.0,96.996,-0.091,0.48,0.054,0.006,12.5,69.527,23.894,Africa,Africa,False,False,False,False,False,Ethiopia
Ethiopia,ETH,2003,Country or economy,Bioenergy,False,0.05,0.01,25.0,2.146,0.204,0.02,0.011,0.002,22.222,14.163,220.0,Africa,Africa,False,False,False,False,False,Ethiopia
Ethiopia,ETH,2003,Country or economy,Other renewables,False,0.0,0.0,,0.0,0.0,0.0,0.0,0.0,,0.0,,Africa,Africa,False,False,False,False,False,Ethiopia
Ethiopia,ETH,2003,Country or economy,Nuclear,False,0.0,0.0,,0.0,0.0,0.0,0.0,0.0,,0.0,,Africa,Africa,False,False,False,False,False,Ethiopia
Ethiopia,ETH,2003,Country or economy,Coal,False,0.0,0.0,,0.0,0.0,,0.0,0.0,,0.0,,Africa,Africa,False,False,False,False,False,Ethiopia
Ethiopia,ETH,2003,Country or economy,Gas,False,0.0,0.0,,0.0,0.0,,0.0,0.0,,0.0,,Africa,Africa,False,False,False,False,False,Ethiopia
Ethiopia,ETH,2003,Country or economy,Other fossil,False,0.02,0.0,0.0,0.858,-0.113,0.14,0.013,0.0,0.0,16.738,650.0,Africa,Africa,False,False,False,False,False,Ethiopia
Ethiopia,ETH,2003,Country or economy,Net imports,False,0.0,0.0,,0.0,0.0,,0.0,0.0,,0.0,,Africa,Africa,False,False,False,False,False,Ethiopia
Ethiopia,ETH,2003,Country or economy,Wind and solar,True,0.0,0.0,,0.0,0.0,0.0,0.0,0.0,,0.0,,Africa,Africa,False,False,False,False,False,Ethiopia
Ethiopia,ETH,2003,Country or economy,"Hydro, bioenergy and other renewables",True,2.31,0.27,13.235,99.142,0.113,0.5,0.065,0.009,16.071,83.69,28.139,Africa,Africa,False,False,False,False,False,Ethiopia
Ethiopia,ETH,2003,Country or economy,Renewables,True,2.31,0.27,13.235,99.142,0.113,0.5,0.065,0.009,16.071,83.69,28.139,Africa,Africa,False,False,False,False,False,Ethiopia
Ethiopia,ETH,2003,Country or economy,Clean,True,2.31,0.27,13.235,99.142,0.113,0.5,0.065,0.009,16.071,83.69,28.139,Africa,Africa,False,False,False,False,False,Ethiopia
Ethiopia,ETH,2003,Country or economy,Fossil,True,0.02,0.0,0.0,0.858,-0.113,0.14,0.013,0.0,0.0,16.738,650.0,Africa,Africa,False,False,False,False,False,Ethiopia
Ethiopia,ETH,2003,Country or economy,Total generation,True,2.33,0.27,13.107,100.0,0.0,0.64,0.078,0.009,13.043,100.428,33.476,Africa,Africa,False,False,False,False,False,Ethiopia
Ethiopia,ETH,2003,Country or economy,Demand,True,2.33,0.27,13.107,100.0,0.0,,,,,,,Africa,Africa,False,False,False,False,False,Ethiopia
Ethiopia,ETH,2004,Country or economy,Solar,False,0.0,0.0,,0.0,0.0,0.0,0.0,0.0,,0.0,,Africa,Africa,False,False,False,False,False,Ethiopia
Ethiopia,ETH,2004,Country or economy,Wind,False,0.0,0.0,,0.0,0.0,0.0,0.0,0.0,,0.0,,Africa,Africa,False,False,False,False,False,Ethiopia
Ethiopia,ETH,2004,Country or economy,Hydro,False,2.5,0.24,10.619,97.276,0.28,0.69,0.059,0.005,9.259,70.769,23.6,Africa,Africa,False,False,False,False,False,Ethiopia
Ethiopia,ETH,2004,Country or economy,Bioenergy,False,0.05,0.0,0.0,1.946,-0.2,0.02,0.011,0.0,0.0,13.194,220.0,Africa,Africa,False,False,False,False,False,Ethiopia
Ethiopia,ETH,2004,Country or economy,Other renewables,False,0.0,0.0,,0.0,0.0,0.0,0.0,0.0,,0.0,,Africa,Africa,False,False,False,False,False,Ethiopia
Ethiopia,ETH,2004,Country or economy,Nuclear,False,0.0,0.0,,0.0,0.0,0.0,0.0,0.0,,0.0,,Africa,Africa,False,False,False,False,False,Ethiopia
Ethiopia,ETH,2004,Country or economy,Coal,False,0.0,0.0,,0.0,0.0,,0.0,0.0,,0.0,,Africa,Africa,False,False,False,False,False,Ethiopia
Ethiopia,ETH,2004,Country or economy,Gas,False,0.0,0.0,,0.0,0.0,,0.0,0.0,,0.0,,Africa,Africa,False,False,False,False,False,Ethiopia
Ethiopia,ETH,2004,Country or economy,Other fossil,False,0.02,0.0,0.0,0.778,-0.08,0.2,0.013,0.0,0.0,15.593,650.0,Africa,Africa,False,False,False,False,False,Ethiopia
Ethiopia,ETH,2004,Country or economy,Net imports,False,0.0,0.0,,0.0,0.0,,0.0,0.0,,0.0,,Africa,Africa,False,False,False,False,False,Ethiopia
Ethiopia,ETH,2004,Country or economy,Wind and solar,True,0.0,0.0,,0.0,0.0,0.0,0.0,0.0,,0.0,,Africa,Africa,False,False,False,False,False,Ethiopia
Ethiopia,ETH,2004,Country or economy,"Hydro, bioenergy and other renewables",True,2.55,0.24,10.39,99.222,0.08,0.71,0.07,0.005,7.692,83.963,27.451,Africa,Africa,False,False,False,False,False,Ethiopia
Ethiopia,ETH,2004,Country or economy,Renewables,True,2.55,0.24,10.39,99.222,0.08,0.71,0.07,0.005,7.692,83.963,27.451,Africa,Africa,False,False,False,False,False,Ethiopia
Ethiopia,ETH,2004,Country or economy,Clean,True,2.55,0.24,10.39,99.222,0.08,0.71,0.07,0.005,7.692,83.963,27.451,Africa,Africa,False,False,False,False,False,Ethiopia
Ethiopia,ETH,2004,Country or economy,Fossil,True,0.02,0.0,0.0,0.778,-0.08,0.2,0.013,0.0,0.0,15.593,650.0,Africa,Africa,False,False,False,False,False,Ethiopia
Ethiopia,ETH,2004,Country or economy,Total generation,True,2.57,0.24,10.3,100.0,0.0,0.91,0.083,0.005,6.41,99.556,32.296,Africa,Africa,False,False,False,False,False,Ethiopia
Ethiopia,ETH,2004,Country or economy,Demand,True,2.57,0.24,10.3,100.0,0.0,,,,,,,Africa,Africa,False,False,False,False,False,Ethiopia
Ethiopia,ETH,2005,Country or economy,Solar,False,0.0,0.0,,0.0,0.0,0.0,0.0,0.0,,0.0,,Africa,Africa,False,False,False,False,False,Ethiopia
Ethiopia,ETH,2005,Country or economy,Wind,False,0.0,0.0,,0.0,0.0,0.0,0.0,0.0,,0.0,,Africa,Africa,False,False,False,False,False,Ethiopia
Ethiopia,ETH,2005,Country or economy,Hydro,False,2.81,0.31,12.4,97.569,0.293,0.69,0.067,0.008,13.559,77.62,23.843,Africa,Africa,False,False,False,False,False,Ethiopia
Ethiopia,ETH,2005,Country or economy,Bioenergy,False,0.06,0.01,20.0,2.083,0.137,0.02,0.013,0.002,18.182,15.061,216.667,Africa,Africa,False,False,False,False,False,Ethiopia
Ethiopia,ETH,2005,Country or economy,Other renewables,False,0.0,0.0,,0.0,0.0,0.0,0.0,0.0,,0.0,,Africa,Africa,False,False,False,False,False,Ethiopia
Ethiopia,ETH,2005,Country or economy,Nuclear,False,0.0,0.0,,0.0,0.0,0.0,0.0,0.0,,0.0,,Africa,Africa,False,False,False,False,False,Ethiopia
Ethiopia,ETH,2005,Country or economy,Coal,False,0.0,0.0,,0.0,0.0,,0.0,0.0,,0.0,,Africa,Africa,False,False,False,False,False,Ethiopia
Ethiopia,ETH,2005,Country or economy,Gas,False,0.0,0.0,,0.0,0.0,,0.0,0.0,,0.0,,Africa,Africa,False,False,False,False,False,Ethiopia
Ethiopia,ETH,2005,Country or economy,Other fossil,False,0.01,-0.01,-50.0,0.347,-0.431,0.2,0.007,-0.006,-46.154,8.11,700.0,Africa,Africa,False,False,False,False,False,Ethiopia
Ethiopia,ETH,2005,Country or economy,Net imports,False,0.0,0.0,,0.0,0.0,,0.0,0.0,,0.0,,Africa,Africa,False,False,False,False,False,Ethiopia
Ethiopia,ETH,2005,Country or economy,Wind and solar,True,0.0,0.0,,0.0,0.0,0.0,0.0,0.0,,0.0,,Africa,Africa,False,False,False,False,False,Ethiopia
Ethiopia,ETH,2005,Country or economy,"Hydro, bioenergy and other renewables",True,2.87,0.32,12.549,99.653,0.431,0.71,0.08,0.01,14.286,92.681,27.875,Africa,Africa,False,False,False,False,False,Ethiopia
Ethiopia,ETH,2005,Country or economy,Renewables,True,2.87,0.32,12.549,99.653,0.431,0.71,0.08,0.01,14.286,92.681,27.875,Africa,Africa,False,False,False,False,False,Ethiopia
Ethiopia,ETH,2005,Country or economy,Clean,True,2.87,0.32,12.549,99.653,0.431,0.71,0.08,0.01,14.286,92.681,27.875,Africa,Africa,False,False,False,False,False,Ethiopia
Ethiopia,ETH,2005,Country or economy,Fossil,True,0.01,-0.01,-50.0,0.347,-0.431,0.2,0.007,-0.006,-46.154,8.11,700.0,Africa,Africa,False,False,False,False,False,Ethiopia
Ethiopia,ETH,2005,Country or economy,Total generation,True,2.88,0.31,12.062,100.0,0.0,0.91,0.086,0.003,3.614,99.632,29.861,Africa,Africa,False,False,False,False,False,Ethiopia
Ethiopia,ETH,2005,Country or economy,Demand,True,2.88,0.31,12.062,100.0,0.0,,,,,,,Africa,Africa,False,False,False,False,False,Ethiopia
Ethiopia,ETH,2006,Country or economy,Solar,False,0.0,0.0,,0.0,0.0,0.0,0.0,0.0,,0.0,,Africa,Africa,False,False,False,False,False,Ethiopia
Ethiopia,ETH,2006,Country or economy,Wind,False,0.0,0.0,,0.0,0.0,0.0,0.0,0.0,,0.0,,Africa,Africa,False,False,False,False,False,Ethiopia
Ethiopia,ETH,2006,Country or economy,Hydro,False,3.23,0.42,14.947,97.583,0.014,0.69,0.077,0.01,14.925,74.847,23.839,Africa,Africa,False,False,False,False,False,Ethiopia
Ethiopia,ETH,2006,Country or economy,Bioenergy,False,0.06,0.0,0.0,1.813,-0.27,0.02,0.013,0.0,0.0,12.636,216.667,Africa,Africa,False,False,False,False,False,Ethiopia
Ethiopia,ETH,2006,Country or economy,Other renewables,False,0.0,0.0,,0.0,0.0,0.0,0.0,0.0,,0.0,,Africa,Africa,False,False,False,False,False,Ethiopia
Ethiopia,ETH,2006,Country or economy,Nuclear,False,0.0,0.0,,0.0,0.0,0.0,0.0,0.0,,0.0,,Africa,Africa,False,False,False,False,False,Ethiopia
Ethiopia,ETH,2006,Country or economy,Coal,False,0.0,0.0,,0.0,0.0,,0.0,0.0,,0.0,,Africa,Africa,False,False,False,False,False,Ethiopia
Ethiopia,ETH,2006,Country or economy,Gas,False,0.0,0.0,,0.0,0.0,,0.0,0.0,,0.0,,Africa,Africa,False,False,False,False,False,Ethiopia
Ethiopia,ETH,2006,Country or economy,Other fossil,False,0.02,0.01,100.0,0.604,0.257,0.2,0.013,0.006,85.714,12.636,650.0,Africa,Africa,False,False,False,False,False,Ethiopia
Ethiopia,ETH,2006,Country or economy,Net imports,False,0.0,0.0,,0.0,0.0,,0.0,0.0,,0.0,,Africa,Africa,False,False,False,False,False,Ethiopia
Ethiopia,ETH,2006,Country or economy,Wind and solar,True,0.0,0.0,,0.0,0.0,0.0,0.0,0.0,,0.0,,Africa,Africa,False,False,False,False,False,Ethiopia
Ethiopia,ETH,2006,Country or economy,"Hydro, bioenergy and other renewables",True,3.29,0.42,14.634,99.396,-0.257,0.71,0.09,0.01,12.5,87.483,27.356,Africa,Africa,False,False,False,False,False,Ethiopia
Ethiopia,ETH,2006,Country or economy,Renewables,True,3.29,0.42,14.634,99.396,-0.257,0.71,0.09,0.01,12.5,87.483,27.356,Africa,Africa,False,False,False,False,False,Ethiopia
Ethiopia,ETH,2006,Country or economy,Clean,True,3.29,0.42,14.634,99.396,-0.257,0.71,0.09,0.01,12.5,87.483,27.356,Africa,Africa,False,False,False,False,False,Ethiopia
Ethiopia,ETH,2006,Country or economy,Fossil,True,0.02,0.01,100.0,0.604,0.257,0.2,0.013,0.006,85.714,12.636,650.0,Africa,Africa,False,False,False,False,False,Ethiopia
Ethiopia,ETH,2006,Country or economy,Total generation,True,3.31,0.43,14.931,100.0,0.0,0.91,0.103,0.017,19.767,100.12,31.118,Africa,Africa,False,False,False,False,False,Ethiopia
Ethiopia,ETH,2006,Country or economy,Demand,True,3.31,0.43,14.931,100.0,0.0,,,,,,,Africa,Africa,False,False,False,False,False,Ethiopia
Ethiopia,ETH,2007,Country or economy,Solar,False,0.0,0.0,,0.0,0.0,0.0,0.0,0.0,,0.0,,Africa,Africa,False,False,False,False,False,Ethiopia
Ethiopia,ETH,2007,Country or economy,Wind,False,0.0,0.0,,0.0,0.0,0.0,0.0,0.0,,0.0,,Africa,Africa,False,False,False,False,False,Ethiopia
Ethiopia,ETH,2007,Country or economy,Hydro,False,3.35,0.12,3.715,97.668,0.085,0.69,0.08,0.003,3.896,69.83,23.881,Africa,Africa,False,False,False,False,False,Ethiopia
Ethiopia,ETH,2007,Country or economy,Bioenergy,False,0.04,-0.02,-33.333,1.166,-0.647,0.02,0.009,-0.004,-30.769,7.856,225.0,Africa,Africa,False,False,False,False,False,Ethiopia
Ethiopia,ETH,2007,Country or economy,Other renewables,False,0.0,0.0,,0.0,0.0,0.0,0.0,0.0,,0.0,,Africa,Africa,False,False,False,False,False,Ethiopia
Ethiopia,ETH,2007,Country or economy,Nuclear,False,0.0,0.0,,0.0,0.0,0.0,0.0,0.0,,0.0,,Africa,Africa,False,False,False,False,False,Ethiopia
Ethiopia,ETH,2007,Country or economy,Coal,False,0.0,0.0,,0.0,0.0,,0.0,0.0,,0.0,,Africa,Africa,False,False,False,False,False,Ethiopia
Ethiopia,ETH,2007,Country or economy,Gas,False,0.0,0.0,,0.0,0.0,,0.0,0.0,,0.0,,Africa,Africa,False,False,False,False,False,Ethiopia
Ethiopia,ETH,2007,Country or economy,Other fossil,False,0.04,0.02,100.0,1.166,0.562,0.15,0.026,0.013,100.0,22.695,650.0,Africa,Africa,False,False,False,False,False,Ethiopia
Ethiopia,ETH,2007,Country or economy,Net imports,False,0.0,0.0,,0.0,0.0,,0.0,0.0,,0.0,,Africa,Africa,False,False,False,False,False,Ethiopia
Ethiopia,ETH,2007,Country or economy,Wind and solar,True,0.0,0.0,,0.0,0.0,0.0,0.0,0.0,,0.0,,Africa,Africa,False,False,False,False,False,Ethiopia
Ethiopia,ETH,2007,Country or economy,"Hydro, bioenergy and other renewables",True,3.39,0.1,3.04,98.834,-0.562,0.71,0.088,-0.002,-2.222,76.813,25.959,Africa,Africa,False,False,False,False,False,Ethiopia
Ethiopia,ETH,2007,Country or economy,Renewables,True,3.39,0.1,3.04,98.834,-0.562,0.71,0.088,-0.002,-2.222,76.813,25.959,Africa,Africa,False,False,False,False,False,Ethiopia
Ethiopia,ETH,2007,Country or economy,Clean,True,3.39,0.1,3.04,98.834,-0.562,0.71,0.088,-0.002,-2.222,76.813,25.959,Africa,Africa,False,False,False,False,False,Ethiopia
Ethiopia,ETH,2007,Country or economy,Fossil,True,0.04,0.02,100.0,1.166,0.562,0.15,0.026,0.013,100.0,22.695,650.0,Africa,Africa,False,False,False,False,False,Ethiopia
Ethiopia,ETH,2007,Country or economy,Total generation,True,3.43,0.12,3.625,100.0,0.0,0.86,0.115,0.012,11.65,100.381,33.528,Africa,Africa,False,False,False,False,False,Ethiopia
Ethiopia,ETH,2007,Country or economy,Demand,True,3.43,0.12,3.625,100.0,0.0,,,,,,,Africa,Africa,False,False,False,False,False,Ethiopia
Ethiopia,ETH,2008,Country or economy,Solar,False,0.0,0.0,,0.0,0.0,0.0,0.0,0.0,,0.0,,Africa,Africa,False,False,False,False,False,Ethiopia
Ethiopia,ETH,2008,Country or economy,Wind,False,0.0,0.0,,0.0,0.0,0.0,0.0,0.0,,0.0,,Africa,Africa,False,False,False,False,False,Ethiopia
Ethiopia,ETH,2008,Country or economy,Hydro,False,3.26,-0.09,-2.687,97.898,0.23,0.69,0.077,-0.003,-3.75,80.862,23.62,Africa,Africa,False,False,False,False,False,Ethiopia
Ethiopia,ETH,2008,Country or economy,Bioenergy,False,0.05,0.01,25.0,1.502,0.336,0.02,0.011,0.002,22.222,11.552,220.0,Africa,Africa,False,False,False,False,False,Ethiopia
Ethiopia,ETH,2008,Country or economy,Other renewables,False,0.01,0.01,,0.3,0.3,0.0,0.0,0.0,,0.0,0.0,Africa,Africa,False,False,False,False,False,Ethiopia
Ethiopia,ETH,2008,Country or economy,Nuclear,False,0.0,0.0,,0.0,0.0,0.0,0.0,0.0,,0.0,,Africa,Africa,False,False,False,False,False,Ethiopia
Ethiopia,ETH,2008,Country or economy,Coal,False,0.0,0.0,,0.0,0.0,,0.0,0.0,,0.0,,Africa,Africa,False,False,False,False,False,Ethiopia
Ethiopia,ETH,2008,Country or economy,Gas,False,0.0,0.0,,0.0,0.0,,0.0,0.0,,0.0,,Africa,Africa,False,False,False,False,False,Ethiopia
Ethiopia,ETH,2008,Country or economy,Other fossil,False,0.01,-0.03,-75.0,0.3,-0.866,0.2,0.007,-0.019,-73.077,7.351,700.0,Africa,Africa,False,False,False,False,False,Ethiopia
Ethiopia,ETH,2008,Country or economy,Net imports,False,0.0,0.0,,0.0,0.0,,0.0,0.0,,0.0,,Africa,Africa,False,False,False,False,False,Ethiopia
Ethiopia,ETH,2008,Country or economy,Wind and solar,True,0.0,0.0,,0.0,0.0,0.0,0.0,0.0,,0.0,,Africa,Africa,False,False,False,False,False,Ethiopia
Ethiopia,ETH,2008,Country or economy,"Hydro, bioenergy and other renewables",True,3.32,-0.07,-2.065,99.7,0.866,0.71,0.089,0.001,1.136,93.464,26.807,Africa,Africa,False,False,False,False,False,Ethiopia
Ethiopia,ETH,2008,Country or economy,Renewables,True,3.32,-0.07,-2.065,99.7,0.866,0.71,0.089,0.001,1.136,93.464,26.807,Africa,Africa,False,False,False,False,False,Ethiopia
Ethiopia,ETH,2008,Country or economy,Clean,True,3.32,-0.07,-2.065,99.7,0.866,0.71,0.089,0.001,1.136,93.464,26.807,Africa,Africa,False,False,False,False,False,Ethiopia
Ethiopia,ETH,2008,Country or economy,Fossil,True,0.01,-0.03,-75.0,0.3,-0.866,0.2,0.007,-0.019,-73.077,7.351,700.0,Africa,Africa,False,False,False,False,False,Ethiopia
Ethiopia,ETH,2008,Country or economy,Total generation,True,3.33,-0.1,-2.915,100.0,0.0,0.91,0.095,-0.02,-17.391,99.765,28.529,Africa,Africa,False,False,False,False,False,Ethiopia
Ethiopia,ETH,2008,Country or economy,Demand,True,3.33,-0.1,-2.915,100.0,0.0,,,,,,,Africa,Africa,False,False,False,False,False,Ethiopia
Ethiopia,ETH,2009,Country or economy,Solar,False,0.0,0.0,,0.0,0.0,0.0,0.0,0.0,,0.0,,Africa,Africa,False,False,False,False,False,Ethiopia
Ethiopia,ETH,2009,Country or economy,Wind,False,0.0,0.0,,0.0,0.0,0.0,0.0,0.0,,0.0,,Africa,Africa,False,False,False,False,False,Ethiopia
Ethiopia,ETH,2009,Country or economy,Hydro,False,3.49,0.23,7.055,96.409,-1.489,1.41,0.083,0.006,7.792,61.957,23.782,Africa,Africa,False,False,False,False,False,Ethiopia
Ethiopia,ETH,2009,Country or economy,Bioenergy,False,0.05,0.0,0.0,1.381,-0.121,0.02,0.011,0.0,0.0,8.211,220.0,Africa,Africa,False,False,False,False,False,Ethiopia
Ethiopia,ETH,2009,Country or economy,Other renewables,False,0.02,0.01,100.0,0.552,0.252,0.0,0.001,0.001,,0.746,50.0,Africa,Africa,False,False,False,False,False,Ethiopia
Ethiopia,ETH,2009,Country or economy,Nuclear,False,0.0,0.0,,0.0,0.0,0.0,0.0,0.0,,0.0,,Africa,Africa,False,False,False,False,False,Ethiopia
Ethiopia,ETH,2009,Country or economy,Coal,False,0.0,0.0,,0.0,0.0,,0.0,0.0,,0.0,,Africa,Africa,False,False,False,False,False,Ethiopia
Ethiopia,ETH,2009,Country or economy,Gas,False,0.0,0.0,,0.0,0.0,,0.0,0.0,,0.0,,Africa,Africa,False,False,False,False,False,Ethiopia
Ethiopia,ETH,2009,Country or economy,Other fossil,False,0.06,0.05,500.0,1.657,1.357,0.19,0.039,0.032,457.143,29.112,650.0,Africa,Africa,False,False,False,False,False,Ethiopia
Ethiopia,ETH,2009,Country or economy,Net imports,False,0.0,0.0,,0.0,0.0,,0.0,0.0,,0.0,,Africa,Africa,False,False,False,False,False,Ethiopia
Ethiopia,ETH,2009,Country or economy,Wind and solar,True,0.0,0.0,,0.0,0.0,0.0,0.0,0.0,,0.0,,Africa,Africa,False,False,False,False,False,Ethiopia
Ethiopia,ETH,2009,Country or economy,"Hydro, bioenergy and other renewables",True,3.56,0.24,7.229,98.343,-1.357,1.43,0.094,0.005,5.618,70.168,26.404,Africa,Africa,False,False,False,False,False,Ethiopia
Ethiopia,ETH,2009,Country or economy,Renewables,True,3.56,0.24,7.229,98.343,-1.357,1.43,0.094,0.005,5.618,70.168,26.404,Africa,Africa,False,False,False,False,False,Ethiopia
Ethiopia,ETH,2009,Country or economy,Clean,True,3.56,0.24,7.229,98.343,-1.357,1.43,0.094,0.005,5.618,70.168,26.404,Africa,Africa,False,False,False,False,False,Ethiopia
Ethiopia,ETH,2009,Country or economy,Fossil,True,0.06,0.05,500.0,1.657,1.357,0.19,0.039,0.032,457.143,29.112,650.0,Africa,Africa,False,False,False,False,False,Ethiopia
Ethiopia,ETH,2009,Country or economy,Total generation,True,3.62,0.29,8.709,100.0,0.0,1.62,0.134,0.039,41.053,100.026,37.017,Africa,Africa,False,False,False,False,False,Ethiopia
Ethiopia,ETH,2009,Country or economy,Demand,True,3.62,0.29,8.709,100.0,0.0,,,,,,,Africa,Africa,False,False,False,False,False,Ethiopia
Ethiopia,ETH,2010,Country or economy,Solar,False,0.0,0.0,,0.0,0.0,0.0,0.0,0.0,,0.0,,Africa,Africa,False,False,False,False,False,Ethiopia
Ethiopia,ETH,2010,Country or economy,Wind,False,0.0,0.0,,0.0,0.0,0.0,0.0,0.0,,0.0,,Africa,Africa,False,False,False,False,False,Ethiopia
Ethiopia,ETH,2010,Country or economy,Hydro,False,4.88,1.39,39.828,97.405,0.996,1.87,0.116,0.033,39.759,71.352,23.77,Africa,Africa,False,False,False,False,False,Ethiopia
Ethiopia,ETH,2010,Country or economy,Bioenergy,False,0.06,0.01,20.0,1.198,-0.183,0.02,0.013,0.002,18.182,7.996,216.667,Africa,Africa,False,False,False,False,False,Ethiopia
Ethiopia,ETH,2010,Country or economy,Other renewables,False,0.02,0.0,0.0,0.399,-0.153,0.0,0.001,0.0,0.0,0.615,50.0,Africa,Africa,False,False,False,False,False,Ethiopia
Ethiopia,ETH,2010,Country or economy,Nuclear,False,0.0,0.0,,0.0,0.0,0.0,0.0,0.0,,0.0,,Africa,Africa,False,False,False,False,False,Ethiopia
Ethiopia,ETH,2010,Country or economy,Coal,False,0.0,0.0,,0.0,0.0,,0.0,0.0,,0.0,,Africa,Africa,False,False,False,False,False,Ethiopia
Ethiopia,ETH,2010,Country or economy,Gas,False,0.0,0.0,,0.0,0.0,,0.0,0.0,,0.0,,Africa,Africa,False,False,False,False,False,Ethiopia
Ethiopia,ETH,2010,Country or economy,Other fossil,False,0.05,-0.01,-16.667,0.998,-0.659,0.13,0.033,-0.006,-15.385,20.299,660.0,Africa,Africa,False,False,False,False,False,Ethiopia
Ethiopia,ETH,2010,Country or economy,Net imports,False,0.0,0.0,,0.0,0.0,,0.0,0.0,,0.0,,Africa,Africa,False,False,False,False,False,Ethiopia
Ethiopia,ETH,2010,Country or economy,Wind and solar,True,0.0,0.0,,0.0,0.0,0.0,0.0,0.0,,0.0,,Africa,Africa,False,False,False,False,False,Ethiopia
Ethiopia,ETH,2010,Country or economy,"Hydro, bioenergy and other renewables",True,4.96,1.4,39.326,99.002,0.659,1.89,0.13,0.036,38.298,79.964,26.21,Africa,Africa,False,False,False,False,False,Ethiopia
Ethiopia,ETH,2010,Country or economy,Renewables,True,4.96,1.4,39.326,99.002,0.659,1.89,0.13,0.036,38.298,79.964,26.21,Africa,Africa,False,False,False,False,False,Ethiopia
Ethiopia,ETH,2010,Country or economy,Clean,True,4.96,1.4,39.326,99.002,0.659,1.89,0.13,0.036,38.298,79.964,26.21,Africa,Africa,False,False,False,False,False,Ethiopia
Ethiopia,ETH,2010,Country or economy,Fossil,True,0.05,-0.01,-16.667,0.998,-0.659,0.13,0.033,-0.006,-15.385,20.299,660.0,Africa,Africa,False,False,False,False,False,Ethiopia
Ethiopia,ETH,2010,Country or economy,Total generation,True,5.01,1.39,38.398,100.0,0.0,2.02,0.163,0.029,21.642,100.263,32.535,Africa,Africa,False,False,False,False,False,Ethiopia
Ethiopia,ETH,2010,Country or economy,Demand,True,5.01,1.39,38.398,100.0,0.0,,,,,,,Africa,Africa,False,False,False,False,False,Ethiopia
Ethiopia,ETH,2011,Country or economy,Solar,False,0.0,0.0,,0.0,0.0,0.0,0.0,0.0,,0.0,,Africa,Africa,False,False,False,False,False,Ethiopia
Ethiopia,ETH,2011,Country or economy,Wind,False,0.03,0.03,,0.473,0.473,0.08,0.0,0.0,,0.0,0.0,Africa,Africa,False,False,False,False,False,Ethiopia
Ethiopia,ETH,2011,Country or economy,Hydro,False,6.2,1.32,27.049,97.792,0.387,1.97,0.147,0.031,26.724,76.687,23.71,Africa,Africa,False,False,False,False,False,Ethiopia
Ethiopia,ETH,2011,Country or economy,Bioenergy,False,0.05,-0.01,-16.667,0.789,-0.409,0.02,0.011,-0.002,-15.385,5.739,220.0,Africa,Africa,False,False,False,False,False,Ethiopia
Ethiopia,ETH,2011,Country or economy,Other renewables,False,0.01,-0.01,-50.0,0.158,-0.241,0.0,0.0,-0.001,-100.0,0.0,0.0,Africa,Africa,False,False,False,False,False,Ethiopia
Ethiopia,ETH,2011,Country or economy,Nuclear,False,0.0,0.0,,0.0,0.0,0.0,0.0,0.0,,0.0,,Africa,Africa,False,False,False,False,False,Ethiopia
Ethiopia,ETH,2011,Country or economy,Coal,False,0.0,0.0,,0.0,0.0,,0.0,0.0,,0.0,,Africa,Africa,False,False,False,False,False,Ethiopia
Ethiopia,ETH,2011,Country or economy,Gas,False,0.0,0.0,,0.0,0.0,,0.0,0.0,,0.0,,Africa,Africa,False,False,False,False,False,Ethiopia
Ethiopia,ETH,2011,Country or economy,Other fossil,False,0.05,0.0,0.0,0.789,-0.209,0.19,0.033,0.0,0.0,17.216,660.0,Africa,Africa,False,False,False,False,False,Ethiopia
Ethiopia,ETH,2011,Country or economy,Net imports,False,-0.33,-0.33,,-5.205,-5.205,,0.0,0.0,,0.0,0.0,Africa,Africa,False,False,False,False,False,Ethiopia
Ethiopia,ETH,2011,Country or economy,Wind and solar,True,0.03,0.03,,0.473,0.473,0.08,0.0,0.0,,0.0,0.0,Africa,Africa,False,False,False,False,False,Ethiopia
Ethiopia,ETH,2011,Country or economy,"Hydro, bioenergy and other renewables",True,6.26,1.3,26.21,98.738,-0.264,1.99,0.158,0.028,21.538,82.426,25.24,Africa,Africa,False,False,False,False,False,Ethiopia
Ethiopia,ETH,2011,Country or economy,Renewables,True,6.29,1.33,26.815,99.211,0.209,2.07,0.159,0.029,22.308,82.948,25.278,Africa,Africa,False,False,False,False,False,Ethiopia
Ethiopia,ETH,2011,Country or economy,Clean,True,6.29,1.33,26.815,99.211,0.209,2.07,0.159,0.029,22.308,82.948,25.278,Africa,Africa,False,False,False,False,False,Ethiopia
Ethiopia,ETH,2011,Country or economy,Fossil,True,0.05,0.0,0.0,0.789,-0.209,0.19,0.033,0.0,0.0,17.216,660.0,Africa,Africa,False,False,False,False,False,Ethiopia
Ethiopia,ETH,2011,Country or economy,Total generation,True,6.34,1.33,26.547,100.0,0.0,2.26,0.192,0.029,17.791,100.163,30.284,Africa,Africa,False,False,False,False,False,Ethiopia
Ethiopia,ETH,2011,Country or economy,Demand,True,6.01,1.0,19.96,94.795,-5.205,,,,,,,Africa,Africa,False,False,False,False,False,Ethiopia
Ethiopia,ETH,2012,Country or economy,Solar,False,0.0,0.0,,0.0,0.0,0.0,0.0,0.0,,0.0,,Africa,Africa,False,False,False,False,False,Ethiopia
Ethiopia,ETH,2012,Country or economy,Wind,False,0.19,0.16,533.333,2.51,2.037,0.08,0.002,0.002,,1.012,10.526,Africa,Africa,False,False,False,False,False,Ethiopia
Ethiopia,ETH,2012,Country or economy,Hydro,False,7.31,1.11,17.903,96.565,-1.227,1.97,0.174,0.027,18.367,88.012,23.803,Africa,Africa,False,False,False,False,False,Ethiopia
Ethiopia,ETH,2012,Country or economy,Bioenergy,False,0.04,-0.01,-20.0,0.528,-0.261,0.02,0.009,-0.002,-18.182,4.552,225.0,Africa,Africa,False,False,False,False,False,Ethiopia
Ethiopia,ETH,2012,Country or economy,Other renewables,False,0.01,0.0,0.0,0.132,-0.026,0.0,0.0,0.0,,0.0,0.0,Africa,Africa,False,False,False,False,False,Ethiopia
Ethiopia,ETH,2012,Country or economy,Nuclear,False,0.0,0.0,,0.0,0.0,0.0,0.0,0.0,,0.0,,Africa,Africa,False,False,False,False,False,Ethiopia
Ethiopia,ETH,2012,Country or economy,Coal,False,0.0,0.0,,0.0,0.0,,0.0,0.0,,0.0,,Africa,Africa,False,False,False,False,False,Ethiopia
Ethiopia,ETH,2012,Country or economy,Gas,False,0.0,0.0,,0.0,0.0,,0.0,0.0,,0.0,,Africa,Africa,False,False,False,False,False,Ethiopia
Ethiopia,ETH,2012,Country or economy,Other fossil,False,0.02,-0.03,-60.0,0.264,-0.525,0.19,0.013,-0.02,-60.606,6.576,650.0,Africa,Africa,False,False,False,False,False,Ethiopia
Ethiopia,ETH,2012,Country or economy,Net imports,False,-0.56,-0.23,69.697,-7.398,-2.193,,0.0,0.0,,0.0,0.0,Africa,Africa,False,False,False,False,False,Ethiopia
Ethiopia,ETH,2012,Country or economy,Wind and solar,True,0.19,0.16,533.333,2.51,2.037,0.08,0.002,0.002,,1.012,10.526,Africa,Africa,False,False,False,False,False,Ethiopia
Ethiopia,ETH,2012,Country or economy,"Hydro, bioenergy and other renewables",True,7.36,1.1,17.572,97.226,-1.512,1.99,0.183,0.025,15.823,92.565,24.864,Africa,Africa,False,False,False,False,False,Ethiopia
Ethiopia,ETH,2012,Country or economy,Renewables,True,7.55,1.26,20.032,99.736,0.525,2.07,0.185,0.026,16.352,93.576,24.503,Africa,Africa,False,False,False,False,False,Ethiopia
Ethiopia,ETH,2012,Country or economy,Clean,True,7.55,1.26,20.032,99.736,0.525,2.07,0.185,0.026,16.352,93.576,24.503,Africa,Africa,False,False,False,False,False,Ethiopia
Ethiopia,ETH,2012,Country or economy,Fossil,True,0.02,-0.03,-60.0,0.264,-0.525,0.19,0.013,-0.02,-60.606,6.576,650.0,Africa,Africa,False,False,False,False,False,Ethiopia
Ethiopia,ETH,2012,Country or economy,Total generation,True,7.57,1.23,19.401,100.0,0.0,2.26,0.198,0.006,3.125,100.152,26.156,Africa,Africa,False,False,False,False,False,Ethiopia
Ethiopia,ETH,2012,Country or economy,Demand,True,7.01,1.0,16.639,92.602,-2.193,,,,,,,Africa,Africa,False,False,False,False,False,Ethiopia
Ethiopia,ETH,2013,Country or economy,Solar,False,0.01,0.01,,0.115,0.115,0.0,0.0,0.0,,0.0,0.0,Africa,Africa,False,False,False,False,False,Ethiopia
Ethiopia,ETH,2013,Country or economy,Wind,False,0.36,0.17,89.474,4.152,1.642,0.17,0.003,0.001,50.0,1.407,8.333,Africa,Africa,False,False,False,False,False,Ethiopia
Ethiopia,ETH,2013,Country or economy,Hydro,False,8.26,0.95,12.996,95.271,-1.294,1.97,0.196,0.022,12.644,91.904,23.729,Africa,Africa,False,False,False,False,False,Ethiopia
Ethiopia,ETH,2013,Country or economy,Bioenergy,False,0.03,-0.01,-25.0,0.346,-0.182,0.07,0.006,-0.003,-33.333,2.813,200.0,Africa,Africa,False,False,False,False,False,Ethiopia
Ethiopia,ETH,2013,Country or economy,Other renewables,False,0.0,-0.01,-100.0,0.0,-0.132,0.0,0.0,0.0,,0.0,,Africa,Africa,False,False,False,False,False,Ethiopia
Ethiopia,ETH,2013,Country or economy,Nuclear,False,0.0,0.0,,0.0,0.0,0.0,0.0,0.0,,0.0,,Africa,Africa,False,False,False,False,False,Ethiopia
Ethiopia,ETH,2013,Country or economy,Coal,False,0.0,0.0,,0.0,0.0,,0.0,0.0,,0.0,,Africa,Africa,False,False,False,False,False,Ethiopia
Ethiopia,ETH,2013,Country or economy,Gas,False,0.0,0.0,,0.0,0.0,,0.0,0.0,,0.0,,Africa,Africa,False,False,False,False,False,Ethiopia
Ethiopia,ETH,2013,Country or economy,Other fossil,False,0.01,-0.01,-50.0,0.115,-0.149,0.19,0.007,-0.006,-46.154,3.282,700.0,Africa,Africa,False,False,False,False,False,Ethiopia
Ethiopia,ETH,2013,Country or economy,Net imports,False,-0.64,-0.08,14.286,-7.382,0.016,,0.0,0.0,,0.0,0.0,Africa,Africa,False,False,False,False,False,Ethiopia
Ethiopia,ETH,2013,Country or economy,Wind and solar,True,0.37,0.18,94.737,4.268,1.758,0.17,0.004,0.002,100.0,1.876,10.811,Africa,Africa,False,False,False,False,False,Ethiopia
Ethiopia,ETH,2013,Country or economy,"Hydro, bioenergy and other renewables",True,8.29,0.93,12.636,95.617,-1.609,2.04,0.203,0.02,10.929,95.186,24.487,Africa,Africa,False,False,False,False,False,Ethiopia
Ethiopia,ETH,2013,Country or economy,Renewables,True,8.66,1.11,14.702,99.885,0.149,2.21,0.207,0.022,11.892,97.062,23.903,Africa,Africa,False,False,False,False,False,Ethiopia
Ethiopia,ETH,2013,Country or economy,Clean,True,8.66,1.11,14.702,99.885,0.149,2.21,0.207,0.022,11.892,97.062,23.903,Africa,Africa,False,False,False,False,False,Ethiopia
Ethiopia,ETH,2013,Country or economy,Fossil,True,0.01,-0.01,-50.0,0.115,-0.149,0.19,0.007,-0.006,-46.154,3.282,700.0,Africa,Africa,False,False,False,False,False,Ethiopia
Ethiopia,ETH,2013,Country or economy,Total generation,True,8.67,1.1,14.531,100.0,0.0,2.4,0.213,0.015,7.576,99.875,24.567,Africa,Africa,False,False,False,False,False,Ethiopia
Ethiopia,ETH,2013,Country or economy,Demand,True,8.03,1.02,14.551,92.618,0.016,,,,,,,Africa,Africa,False,False,False,False,False,Ethiopia
Ethiopia,ETH,2014,Country or economy,Solar,False,0.02,0.01,100.0,0.211,0.096,0.01,0.001,0.001,,0.446,50.0,Africa,Africa,False,False,False,False,False,Ethiopia
Ethiopia,ETH,2014,Country or economy,Wind,False,0.5,0.14,38.889,5.28,1.128,0.17,0.005,0.002,66.667,2.23,10.0,Africa,Africa,False,False,False,False,False,Ethiopia
Ethiopia,ETH,2014,Country or economy,Hydro,False,8.92,0.66,7.99,94.192,-1.079,1.97,0.212,0.016,8.163,94.562,23.767,Africa,Africa,False,False,False,False,False,Ethiopia
Ethiopia,ETH,2014,Country or economy,Bioenergy,False,0.03,0.0,0.0,0.317,-0.029,0.07,0.006,0.0,0.0,2.676,200.0,Africa,Africa,False,False,False,False,False,Ethiopia
Ethiopia,ETH,2014,Country or economy,Other renewables,False,0.0,0.0,,0.0,0.0,0.0,0.0,0.0,,0.0,,Africa,Africa,False,False,False,False,False,Ethiopia
Ethiopia,ETH,2014,Country or economy,Nuclear,False,0.0,0.0,,0.0,0.0,0.0,0.0,0.0,,0.0,,Africa,Africa,False,False,False,False,False,Ethiopia
Ethiopia,ETH,2014,Country or economy,Coal,False,0.0,0.0,,0.0,0.0,,0.0,0.0,,0.0,,Africa,Africa,False,False,False,False,False,Ethiopia
Ethiopia,ETH,2014,Country or economy,Gas,False,0.0,0.0,,0.0,0.0,,0.0,0.0,,0.0,,Africa,Africa,False,False,False,False,False,Ethiopia
Ethiopia,ETH,2014,Country or economy,Other fossil,False,0.0,-0.01,-100.0,0.0,-0.115,0.19,0.0,-0.007,-100.0,0.0,,Africa,Africa,False,False,False,False,False,Ethiopia
Ethiopia,ETH,2014,Country or economy,Net imports,False,-0.76,-0.12,18.75,-8.025,-0.643,,0.0,0.0,,0.0,0.0,Africa,Africa,False,False,False,False,False,Ethiopia
Ethiopia,ETH,2014,Country or economy,Wind and solar,True,0.52,0.15,40.541,5.491,1.223,0.18,0.006,0.002,50.0,2.676,11.538,Africa,Africa,False,False,False,False,False,Ethiopia
Ethiopia,ETH,2014,Country or economy,"Hydro, bioenergy and other renewables",True,8.95,0.66,7.961,94.509,-1.108,2.04,0.218,0.015,7.389,97.238,24.358,Africa,Africa,False,False,False,False,False,Ethiopia
Ethiopia,ETH,2014,Country or economy,Renewables,True,9.47,0.81,9.353,100.0,0.115,2.22,0.224,0.017,8.213,99.915,23.654,Africa,Africa,False,False,False,False,False,Ethiopia
Ethiopia,ETH,2014,Country or economy,Clean,True,9.47,0.81,9.353,100.0,0.115,2.22,0.224,0.017,8.213,99.915,23.654,Africa,Africa,False,False,False,False,False,Ethiopia
Ethiopia,ETH,2014,Country or economy,Fossil,True,0.0,-0.01,-100.0,0.0,-0.115,0.19,0.0,-0.007,-100.0,0.0,,Africa,Africa,False,False,False,False,False,Ethiopia
Ethiopia,ETH,2014,Country or economy,Total generation,True,9.47,0.8,9.227,100.0,0.0,2.41,0.224,0.011,5.164,99.915,23.654,Africa,Africa,False,False,False,False,False,Ethiopia
Ethiopia,ETH,2014,Country or economy,Demand,True,8.71,0.68,8.468,91.975,-0.643,,,,,,,Africa,Africa,False,False,False,False,False,Ethiopia
Ethiopia,ETH,2015,Country or economy,Solar,False,0.02,0.0,0.0,0.192,-0.019,0.01,0.001,0.0,0.0,0.413,50.0,Africa,Africa,False,False,False,False,False,Ethiopia
Ethiopia,ETH,2015,Country or economy,Wind,False,0.76,0.26,52.0,7.315,2.035,0.32,0.007,0.002,40.0,2.888,9.211,Africa,Africa,False,False,False,False,False,Ethiopia
Ethiopia,ETH,2015,Country or economy,Hydro,False,9.58,0.66,7.399,92.204,-1.988,2.16,0.228,0.016,7.547,94.068,23.8,Africa,Africa,False,False,False,False,False,Ethiopia
Ethiopia,ETH,2015,Country or economy,Bioenergy,False,0.03,0.0,0.0,0.289,-0.028,0.12,0.006,0.0,0.0,2.475,200.0,Africa,Africa,False,False,False,False,False,Ethiopia
Ethiopia,ETH,2015,Country or economy,Other renewables,False,0.0,0.0,,0.0,0.0,0.0,0.0,0.0,,0.0,,Africa,Africa,False,False,False,False,False,Ethiopia
Ethiopia,ETH,2015,Country or economy,Nuclear,False,0.0,0.0,,0.0,0.0,0.0,0.0,0.0,,0.0,,Africa,Africa,False,False,False,False,False,Ethiopia
Ethiopia,ETH,2015,Country or economy,Coal,False,0.0,0.0,,0.0,0.0,,0.0,0.0,,0.0,,Africa,Africa,False,False,False,False,False,Ethiopia
Ethiopia,ETH,2015,Country or economy,Gas,False,0.0,0.0,,0.0,0.0,,0.0,0.0,,0.0,,Africa,Africa,False,False,False,False,False,Ethiopia
Ethiopia,ETH,2015,Country or economy,Other fossil,False,0.0,0.0,,0.0,0.0,0.14,0.0,0.0,,0.0,,Africa,Africa,False,False,False,False,False,Ethiopia
Ethiopia,ETH,2015,Country or economy,Net imports,False,-0.7,0.06,-7.895,-6.737,1.288,,0.0,0.0,,0.0,0.0,Africa,Africa,False,False,False,False,False,Ethiopia
Ethiopia,ETH,2015,Country or economy,Wind and solar,True,0.78,0.26,50.0,7.507,2.016,0.33,0.008,0.002,33.333,3.301,10.256,Africa,Africa,False,False,False,False,False,Ethiopia
Ethiopia,ETH,2015,Country or economy,"Hydro, bioenergy and other renewables",True,9.61,0.66,7.374,92.493,-2.016,2.28,0.234,0.016,7.339,96.544,24.35,Africa,Africa,False,False,False,False,False,Ethiopia
Ethiopia,ETH,2015,Country or economy,Renewables,True,10.39,0.92,9.715,100.0,0.0,2.61,0.242,0.018,8.036,99.844,23.292,Africa,Africa,False,False,False,False,False,Ethiopia
Ethiopia,ETH,2015,Country or economy,Clean,True,10.39,0.92,9.715,100.0,0.0,2.61,0.242,0.018,8.036,99.844,23.292,Africa,Africa,False,False,False,False,False,Ethiopia
Ethiopia,ETH,2015,Country or economy,Fossil,True,0.0,0.0,,0.0,0.0,0.14,0.0,0.0,,0.0,,Africa,Africa,False,False,False,False,False,Ethiopia
Ethiopia,ETH,2015,Country or economy,Total generation,True,10.39,0.92,9.715,100.0,0.0,2.75,0.242,0.018,8.036,99.844,23.292,Africa,Africa,False,False,False,False,False,Ethiopia
Ethiopia,ETH,2015,Country or economy,Demand,True,9.69,0.98,11.251,93.263,1.288,,,,,,,Africa,Africa,False,False,False,False,False,Ethiopia
Ethiopia,ETH,2016,Country or economy,Solar,False,0.02,0.0,0.0,0.16,-0.032,0.01,0.001,0.0,0.0,0.343,50.0,Africa,Africa,False,False,False,False,False,Ethiopia
Ethiopia,ETH,2016,Country or economy,Wind,False,0.78,0.02,2.632,6.255,-1.06,0.32,0.008,0.001,14.286,2.744,10.256,Africa,Africa,False,False,False,False,False,Ethiopia
Ethiopia,ETH,2016,Country or economy,Hydro,False,11.64,2.06,21.503,93.344,1.14,2.16,0.277,0.049,21.491,95.021,23.797,Africa,Africa,False,False,False,False,False,Ethiopia
Ethiopia,ETH,2016,Country or economy,Bioenergy,False,0.03,0.0,0.0,0.241,-0.048,0.14,0.006,0.0,0.0,2.058,200.0,Africa,Africa,False,False,False,False,False,Ethiopia
Ethiopia,ETH,2016,Country or economy,Other renewables,False,0.0,0.0,,0.0,0.0,0.0,0.0,0.0,,0.0,,Africa,Africa,False,False,False,False,False,Ethiopia
Ethiopia,ETH,2016,Country or economy,Nuclear,False,0.0,0.0,,0.0,0.0,0.0,0.0,0.0,,0.0,,Africa,Africa,False,False,False,False,False,Ethiopia
Ethiopia,ETH,2016,Country or economy,Coal,False,0.0,0.0,,0.0,0.0,,0.0,0.0,,0.0,,Africa,Africa,False,False,False,False,False,Ethiopia
Ethiopia,ETH,2016,Country or economy,Gas,False,0.0,0.0,,0.0,0.0,,0.0,0.0,,0.0,,Africa,Africa,False,False,False,False,False,Ethiopia
Ethiopia,ETH,2016,Country or economy,Other fossil,False,0.0,0.0,,0.0,0.0,0.1,0.0,0.0,,0.0,,Africa,Africa,False,False,False,False,False,Ethiopia
Ethiopia,ETH,2016,Country or economy,Net imports,False,-1.3,-0.6,85.714,-10.425,-3.688,,0.0,0.0,,0.0,0.0,Africa,Africa,False,False,False,False,False,Ethiopia
Ethiopia,ETH,2016,Country or economy,Wind and solar,True,0.8,0.02,2.564,6.415,-1.092,0.33,0.008,0.0,0.0,2.744,10.0,Africa,Africa,False,False,False,False,False,Ethiopia
Ethiopia,ETH,2016,Country or economy,"Hydro, bioenergy and other renewables",True,11.67,2.06,21.436,93.585,1.092,2.3000000000000003,0.283,0.049,20.94,97.079,24.25,Africa,Africa,False,False,False,False,False,Ethiopia
Ethiopia,ETH,2016,Country or economy,Renewables,True,12.47,2.08,20.019,100.0,0.0,2.63,0.292,0.05,20.661,100.166,23.416,Africa,Africa,False,False,False,False,False,Ethiopia
Ethiopia,ETH,2016,Country or economy,Clean,True,12.47,2.08,20.019,100.0,0.0,2.63,0.292,0.05,20.661,100.166,23.416,Africa,Africa,False,False,False,False,False,Ethiopia
Ethiopia,ETH,2016,Country or economy,Fossil,True,0.0,0.0,,0.0,0.0,0.1,0.0,0.0,,0.0,,Africa,Africa,False,False,False,False,False,Ethiopia
Ethiopia,ETH,2016,Country or economy,Total generation,True,12.47,2.08,20.019,100.0,0.0,2.73,0.292,0.05,20.661,100.166,23.416,Africa,Africa,False,False,False,False,False,Ethiopia
Ethiopia,ETH,2016,Country or economy,Demand,True,11.17,1.48,15.273,89.575,-3.688,,,,,,,Africa,Africa,False,False,False,False,False,Ethiopia
Ethiopia,ETH,2017,Country or economy,Solar,False,0.02,0.0,0.0,0.152,-0.008,0.01,0.001,0.0,0.0,0.324,50.0,Africa,Africa,False,False,False,False,False,Ethiopia
Ethiopia,ETH,2017,Country or economy,Wind,False,0.53,-0.25,-32.051,4.04,-2.215,0.32,0.005,-0.003,-37.5,1.62,9.434,Africa,Africa,False,False,False,False,False,Ethiopia
Ethiopia,ETH,2017,Country or economy,Hydro,False,12.55,0.91,7.818,95.655,2.311,3.82,0.298,0.021,7.581,96.575,23.745,Africa,Africa,False,False,False,False,False,Ethiopia
Ethiopia,ETH,2017,Country or economy,Bioenergy,False,0.02,-0.01,-33.333,0.152,-0.089,0.2,0.004,-0.002,-33.333,1.296,200.0,Africa,Africa,False,False,False,False,False,Ethiopia
Ethiopia,ETH,2017,Country or economy,Other renewables,False,0.0,0.0,,0.0,0.0,0.0,0.0,0.0,,0.0,,Africa,Africa,False,False,False,False,False,Ethiopia
Ethiopia,ETH,2017,Country or economy,Nuclear,False,0.0,0.0,,0.0,0.0,0.0,0.0,0.0,,0.0,,Africa,Africa,False,False,False,False,False,Ethiopia
Ethiopia,ETH,2017,Country or economy,Coal,False,0.0,0.0,,0.0,0.0,,0.0,0.0,,0.0,,Africa,Africa,False,False,False,False,False,Ethiopia
Ethiopia,ETH,2017,Country or economy,Gas,False,0.0,0.0,,0.0,0.0,,0.0,0.0,,0.0,,Africa,Africa,False,False,False,False,False,Ethiopia
Ethiopia,ETH,2017,Country or economy,Other fossil,False,0.0,0.0,,0.0,0.0,0.1,0.0,0.0,,0.0,,Africa,Africa,False,False,False,False,False,Ethiopia
Ethiopia,ETH,2017,Country or economy,Net imports,False,-1.43,-0.13,10.0,-10.899,-0.474,,0.0,0.0,,0.0,0.0,Africa,Africa,False,False,False,False,False,Ethiopia
Ethiopia,ETH,2017,Country or economy,Wind and solar,True,0.55,-0.25,-31.25,4.192,-2.223,0.33,0.006,-0.002,-25.0,1.944,10.909,Africa,Africa,False,False,False,False,False,Ethiopia
Ethiopia,ETH,2017,Country or economy,"Hydro, bioenergy and other renewables",True,12.57,0.9,7.712,95.808,2.223,4.02,0.303,0.02,7.067,98.196,24.105,Africa,Africa,False,False,False,False,False,Ethiopia
Ethiopia,ETH,2017,Country or economy,Renewables,True,13.12,0.65,5.213,100.0,0.0,4.35,0.309,0.017,5.822,100.14,23.552,Africa,Africa,False,False,False,False,False,Ethiopia
Ethiopia,ETH,2017,Country or economy,Clean,True,13.12,0.65,5.213,100.0,0.0,4.35,0.309,0.017,5.822,100.14,23.552,Africa,Africa,False,False,False,False,False,Ethiopia
Ethiopia,ETH,2017,Country or economy,Fossil,True,0.0,0.0,,0.0,0.0,0.1,0.0,0.0,,0.0,,Africa,Africa,False,False,False,False,False,Ethiopia
Ethiopia,ETH,2017,Country or economy,Total generation,True,13.12,0.65,5.213,100.0,0.0,4.449999999999999,0.309,0.017,5.822,100.14,23.552,Africa,Africa,False,False,False,False,False,Ethiopia
Ethiopia,ETH,2017,Country or economy,Demand,True,11.69,0.52,4.655,89.101,-0.474,,,,,,,Africa,Africa,False,False,False,False,False,Ethiopia
Ethiopia,ETH,2018,Country or economy,Solar,False,0.02,0.0,0.0,0.141,-0.011,0.01,0.001,0.0,0.0,0.297,50.0,Africa,Africa,False,False,False,False,False,Ethiopia
Ethiopia,ETH,2018,Country or economy,Wind,False,0.53,0.0,0.0,3.725,-0.315,0.32,0.005,0.0,0.0,1.484,9.434,Africa,Africa,False,False,False,False,False,Ethiopia
Ethiopia,ETH,2018,Country or economy,Hydro,False,13.65,1.1,8.765,95.924,0.269,3.82,0.324,0.026,8.725,96.181,23.736,Africa,Africa,False,False,False,False,False,Ethiopia
Ethiopia,ETH,2018,Country or economy,Bioenergy,False,0.03,0.01,50.0,0.211,0.059,0.26,0.006,0.002,50.0,1.781,200.0,Africa,Africa,False,False,False,False,False,Ethiopia
Ethiopia,ETH,2018,Country or economy,Other renewables,False,0.0,0.0,,0.0,0.0,0.03,0.0,0.0,,0.0,,Africa,Africa,False,False,False,False,False,Ethiopia
Ethiopia,ETH,2018,Country or economy,Nuclear,False,0.0,0.0,,0.0,0.0,0.0,0.0,0.0,,0.0,,Africa,Africa,False,False,False,False,False,Ethiopia
Ethiopia,ETH,2018,Country or economy,Coal,False,0.0,0.0,,0.0,0.0,,0.0,0.0,,0.0,,Africa,Africa,False,False,False,False,False,Ethiopia
Ethiopia,ETH,2018,Country or economy,Gas,False,0.0,0.0,,0.0,0.0,,0.0,0.0,,0.0,,Africa,Africa,False,False,False,False,False,Ethiopia
Ethiopia,ETH,2018,Country or economy,Other fossil,False,0.0,0.0,,0.0,0.0,0.09,0.0,0.0,,0.0,,Africa,Africa,False,False,False,False,False,Ethiopia
Ethiopia,ETH,2018,Country or economy,Net imports,False,-1.0,0.43,-30.07,-7.027,3.872,,0.0,0.0,,0.0,0.0,Africa,Africa,False,False,False,False,False,Ethiopia
Ethiopia,ETH,2018,Country or economy,Wind and solar,True,0.55,0.0,0.0,3.865,-0.327,0.33,0.006,0.0,0.0,1.781,10.909,Africa,Africa,False,False,False,False,False,Ethiopia
Ethiopia,ETH,2018,Country or economy,"Hydro, bioenergy and other renewables",True,13.68,1.11,8.831,96.135,0.327,4.11,0.331,0.028,9.241,98.259,24.196,Africa,Africa,False,False,False,False,False,Ethiopia
Ethiopia,ETH,2018,Country or economy,Renewables,True,14.23,1.11,8.46,100.0,0.0,4.44,0.337,0.028,9.061,100.04,23.682,Africa,Africa,False,False,False,False,False,Ethiopia
Ethiopia,ETH,2018,Country or economy,Clean,True,14.23,1.11,8.46,100.0,0.0,4.44,0.337,0.028,9.061,100.04,23.682,Africa,Africa,False,False,False,False,False,Ethiopia
Ethiopia,ETH,2018,Country or economy,Fossil,True,0.0,0.0,,0.0,0.0,0.09,0.0,0.0,,0.0,,Africa,Africa,False,False,False,False,False,Ethiopia
Ethiopia,ETH,2018,Country or economy,Total generation,True,14.23,1.11,8.46,100.0,0.0,4.53,0.337,0.028,9.061,100.04,23.682,Africa,Africa,False,False,False,False,False,Ethiopia
Ethiopia,ETH,2018,Country or economy,Demand,True,13.23,1.54,13.174,92.973,3.872,,,,,,,Africa,Africa,False,False,False,False,False,Ethiopia
Ethiopia,ETH,2019,Country or economy,Solar,False,0.02,0.0,0.0,0.131,-0.01,0.01,0.001,0.0,0.0,0.274,50.0,Africa,Africa,False,False,False,False,False,Ethiopia
Ethiopia,ETH,2019,Country or economy,Wind,False,0.85,0.32,60.377,5.552,1.827,0.32,0.008,0.003,60.0,2.196,9.412,Africa,Africa,False,False,False,False,False,Ethiopia
Ethiopia,ETH,2019,Country or economy,Hydro,False,14.4,0.75,5.495,94.056,-1.868,3.82,0.342,0.018,5.556,93.866,23.75,Africa,Africa,False,False,False,False,False,Ethiopia
Ethiopia,ETH,2019,Country or economy,Bioenergy,False,0.03,0.0,0.0,0.196,-0.015,0.26,0.006,0.0,0.0,1.647,200.0,Africa,Africa,False,False,False,False,False,Ethiopia
Ethiopia,ETH,2019,Country or economy,Other renewables,False,0.0,0.0,,0.0,0.0,0.03,0.0,0.0,,0.0,,Africa,Africa,False,False,False,False,False,Ethiopia
Ethiopia,ETH,2019,Country or economy,Nuclear,False,0.0,0.0,,0.0,0.0,0.0,0.0,0.0,,0.0,,Africa,Africa,False,False,False,False,False,Ethiopia
Ethiopia,ETH,2019,Country or economy,Coal,False,0.0,0.0,,0.0,0.0,,0.0,0.0,,0.0,,Africa,Africa,False,False,False,False,False,Ethiopia
Ethiopia,ETH,2019,Country or economy,Gas,False,0.0,0.0,,0.0,0.0,,0.0,0.0,,0.0,,Africa,Africa,False,False,False,False,False,Ethiopia
Ethiopia,ETH,2019,Country or economy,Other fossil,False,0.01,0.01,,0.065,0.065,0.1,0.007,0.007,,1.921,700.0,Africa,Africa,False,False,False,False,False,Ethiopia
Ethiopia,ETH,2019,Country or economy,Net imports,False,-1.14,-0.14,14.0,-7.446,-0.419,,0.0,0.0,,0.0,0.0,Africa,Africa,False,False,False,False,False,Ethiopia
Ethiopia,ETH,2019,Country or economy,Wind and solar,True,0.87,0.32,58.182,5.683,1.818,0.33,0.009,0.003,50.0,2.47,10.345,Africa,Africa,False,False,False,False,False,Ethiopia
Ethiopia,ETH,2019,Country or economy,"Hydro, bioenergy and other renewables",True,14.43,0.75,5.482,94.252,-1.883,4.11,0.349,0.018,5.438,95.788,24.186,Africa,Africa,False,False,False,False,False,Ethiopia
Ethiopia,ETH,2019,Country or economy,Renewables,True,15.3,1.07,7.519,99.935,-0.065,4.44,0.358,0.021,6.231,98.258,23.399,Africa,Africa,False,False,False,False,False,Ethiopia
Ethiopia,ETH,2019,Country or economy,Clean,True,15.3,1.07,7.519,99.935,-0.065,4.44,0.358,0.021,6.231,98.258,23.399,Africa,Africa,False,False,False,False,False,Ethiopia
Ethiopia,ETH,2019,Country or economy,Fossil,True,0.01,0.01,,0.065,0.065,0.1,0.007,0.007,,1.921,700.0,Africa,Africa,False,False,False,False,False,Ethiopia
Ethiopia,ETH,2019,Country or economy,Total generation,True,15.31,1.08,7.59,100.0,0.0,4.54,0.364,0.027,8.012,99.905,23.775,Africa,Africa,False,False,False,False,False,Ethiopia
Ethiopia,ETH,2019,Country or economy,Demand,True,14.17,0.94,7.105,92.554,-0.419,,,,,,,Africa,Africa,False,False,False,False,False,Ethiopia
Ethiopia,ETH,2020,Country or economy,Solar,False,0.03,0.01,50.0,0.192,0.061,0.02,0.001,0.0,0.0,0.266,33.333,Africa,Africa,False,False,False,False,False,Ethiopia
Ethiopia,ETH,2020,Country or economy,Wind,False,0.61,-0.24,-28.235,3.905,-1.647,0.32,0.006,-0.002,-25.0,1.599,9.836,Africa,Africa,False,False,False,False,False,Ethiopia
Ethiopia,ETH,2020,Country or economy,Hydro,False,14.94,0.54,3.75,95.647,1.591,4.07,0.355,0.013,3.801,94.581,23.762,Africa,Africa,False,False,False,False,False,Ethiopia
Ethiopia,ETH,2020,Country or economy,Bioenergy,False,0.03,0.0,0.0,0.192,-0.004,0.26,0.006,0.0,0.0,1.599,200.0,Africa,Africa,False,False,False,False,False,Ethiopia
Ethiopia,ETH,2020,Country or economy,Other renewables,False,0.0,0.0,,0.0,0.0,0.03,0.0,0.0,,0.0,,Africa,Africa,False,False,False,False,False,Ethiopia
Ethiopia,ETH,2020,Country or economy,Nuclear,False,0.0,0.0,,0.0,0.0,0.0,0.0,0.0,,0.0,,Africa,Africa,False,False,False,False,False,Ethiopia
Ethiopia,ETH,2020,Country or economy,Coal,False,0.0,0.0,,0.0,0.0,,0.0,0.0,,0.0,,Africa,Africa,False,False,False,False,False,Ethiopia
Ethiopia,ETH,2020,Country or economy,Gas,False,0.0,0.0,,0.0,0.0,,0.0,0.0,,0.0,,Africa,Africa,False,False,False,False,False,Ethiopia
Ethiopia,ETH,2020,Country or economy,Other fossil,False,0.01,0.0,0.0,0.064,-0.001,0.1,0.007,0.0,0.0,1.865,700.0,Africa,Africa,False,False,False,False,False,Ethiopia
Ethiopia,ETH,2020,Country or economy,Net imports,False,-1.64,-0.5,43.86,-10.499,-3.053,,0.0,0.0,,0.0,0.0,Africa,Africa,False,False,False,False,False,Ethiopia
Ethiopia,ETH,2020,Country or economy,Wind and solar,True,0.64,-0.23,-26.437,4.097,-1.586,0.34,0.007,-0.002,-22.222,1.865,10.938,Africa,Africa,False,False,False,False,False,Ethiopia
Ethiopia,ETH,2020,Country or economy,"Hydro, bioenergy and other renewables",True,14.97,0.54,3.742,95.839,1.587,4.36,0.361,0.012,3.438,96.179,24.115,Africa,Africa,False,False,False,False,False,Ethiopia
Ethiopia,ETH,2020,Country or economy,Renewables,True,15.61,0.31,2.026,99.936,0.001,4.7,0.369,0.011,3.073,98.31,23.639,Africa,Africa,False,False,False,False,False,Ethiopia
Ethiopia,ETH,2020,Country or economy,Clean,True,15.61,0.31,2.026,99.936,0.001,4.7,0.369,0.011,3.073,98.31,23.639,Africa,Africa,False,False,False,False,False,Ethiopia
Ethiopia,ETH,2020,Country or economy,Fossil,True,0.01,0.0,0.0,0.064,-0.001,0.1,0.007,0.0,0.0,1.865,700.0,Africa,Africa,False,False,False,False,False,Ethiopia
Ethiopia,ETH,2020,Country or economy,Total generation,True,15.62,0.31,2.025,100.0,0.0,4.8,0.375,0.011,3.022,99.909,24.008,Africa,Africa,False,False,False,False,False,Ethiopia
Ethiopia,ETH,2020,Country or economy,Demand,True,13.98,-0.19,-1.341,89.501,-3.053,,,,,,,Africa,Africa,False,False,False,False,False,Ethiopia
Ethiopia,ETH,2021,Country or economy,Solar,False,0.03,0.0,0.0,0.19,-0.002,0.02,0.001,0.0,0.0,0.272,33.333,Africa,Africa,False,False,False,False,False,Ethiopia
Ethiopia,ETH,2021,Country or economy,Wind,False,0.82,0.21,34.426,5.196,1.291,0.32,0.008,0.002,33.333,2.174,9.756,Africa,Africa,False,False,False,False,False,Ethiopia
Ethiopia,ETH,2021,Country or economy,Hydro,False,14.91,-0.03,-0.201,94.487,-1.16,4.07,0.354,-0.001,-0.282,96.219,23.742,Africa,Africa,False,False,False,False,False,Ethiopia
Ethiopia,ETH,2021,Country or economy,Bioenergy,False,0.02,-0.01,-33.333,0.127,-0.065,0.31,0.004,-0.002,-33.333,1.087,200.0,Africa,Africa,False,False,False,False,False,Ethiopia
Ethiopia,ETH,2021,Country or economy,Other renewables,False,0.0,0.0,,0.0,0.0,0.03,0.0,0.0,,0.0,,Africa,Africa,False,False,False,False,False,Ethiopia
Ethiopia,ETH,2021,Country or economy,Nuclear,False,0.0,0.0,,0.0,0.0,0.0,0.0,0.0,,0.0,,Africa,Africa,False,False,False,False,False,Ethiopia
Ethiopia,ETH,2021,Country or economy,Coal,False,0.0,0.0,,0.0,0.0,,0.0,0.0,,0.0,,Africa,Africa,False,False,False,False,False,Ethiopia
Ethiopia,ETH,2021,Country or economy,Gas,False,0.0,0.0,,0.0,0.0,,0.0,0.0,,0.0,,Africa,Africa,False,False,False,False,False,Ethiopia
Ethiopia,ETH,2021,Country or economy,Other fossil,False,0.0,-0.01,-100.0,0.0,-0.064,0.1,0.0,-0.007,-100.0,0.0,,Africa,Africa,False,False,False,False,False,Ethiopia
Ethiopia,ETH,2021,Country or economy,Net imports,False,-1.66,-0.02,1.22,-10.52,-0.021,,0.0,0.0,,0.0,0.0,Africa,Africa,False,False,False,False,False,Ethiopia
Ethiopia,ETH,2021,Country or economy,Wind and solar,True,0.85,0.21,32.812,5.387,1.29,0.34,0.009,0.002,28.571,2.446,10.588,Africa,Africa,False,False,False,False,False,Ethiopia
Ethiopia,ETH,2021,Country or economy,"Hydro, bioenergy and other renewables",True,14.93,-0.04,-0.267,94.613,-1.226,4.41,0.359,-0.002,-0.554,97.578,24.046,Africa,Africa,False,False,False,False,False,Ethiopia
Ethiopia,ETH,2021,Country or economy,Renewables,True,15.78,0.17,1.089,100.0,0.064,4.75,0.368,-0.001,-0.271,100.025,23.321,Africa,Africa,False,False,False,False,False,Ethiopia
Ethiopia,ETH,2021,Country or economy,Clean,True,15.78,0.17,1.089,100.0,0.064,4.75,0.368,-0.001,-0.271,100.025,23.321,Africa,Africa,False,False,False,False,False,Ethiopia
Ethiopia,ETH,2021,Country or economy,Fossil,True,0.0,-0.01,-100.0,0.0,-0.064,0.1,0.0,-0.007,-100.0,0.0,,Africa,Africa,False,False,False,False,False,Ethiopia
Ethiopia,ETH,2021,Country or economy,Total generation,True,15.78,0.16,1.024,100.0,0.0,4.85,0.368,-0.007,-1.867,100.025,23.321,Africa,Africa,False,False,False,False,False,Ethiopia
Ethiopia,ETH,2021,Country or economy,Demand,True,14.12,0.14,1.001,89.48,-0.021,,,,,,,Africa,Africa,False,False,False,False,False,Ethiopia
Ethiopia,ETH,2022,Country or economy,Solar,False,0.04,0.01,33.333,0.23,0.04,0.02,0.002,0.001,100.0,0.489,50.0,Africa,Africa,False,False,False,False,False,Ethiopia
Ethiopia,ETH,2022,Country or economy,Wind,False,0.56,-0.26,-31.707,3.217,-1.979,0.4,0.005,-0.003,-37.5,1.222,8.929,Africa,Africa,False,False,False,False,False,Ethiopia
Ethiopia,ETH,2022,Country or economy,Hydro,False,16.77,1.86,12.475,96.324,1.837,4.82,0.398,0.044,12.429,97.301,23.733,Africa,Africa,False,False,False,False,False,Ethiopia
Ethiopia,ETH,2022,Country or economy,Bioenergy,False,0.01,-0.01,-50.0,0.057,-0.07,0.31,0.002,-0.002,-50.0,0.489,200.0,Africa,Africa,False,False,False,False,False,Ethiopia
Ethiopia,ETH,2022,Country or economy,Other renewables,False,0.03,0.03,,0.172,0.172,0.03,0.001,0.001,,0.244,33.333,Africa,Africa,False,False,False,False,False,Ethiopia
Ethiopia,ETH,2022,Country or economy,Nuclear,False,0.0,0.0,,0.0,0.0,0.0,0.0,0.0,,0.0,,Africa,Africa,False,False,False,False,False,Ethiopia
Ethiopia,ETH,2022,Country or economy,Coal,False,0.0,0.0,,0.0,0.0,,0.0,0.0,,0.0,,Africa,Africa,False,False,False,False,False,Ethiopia
Ethiopia,ETH,2022,Country or economy,Gas,False,0.0,0.0,,0.0,0.0,,0.0,0.0,,0.0,,Africa,Africa,False,False,False,False,False,Ethiopia
Ethiopia,ETH,2022,Country or economy,Other fossil,False,0.0,0.0,,0.0,0.0,0.1,0.0,0.0,,0.0,,Africa,Africa,False,False,False,False,False,Ethiopia
Ethiopia,ETH,2022,Country or economy,Net imports,False,-1.75,-0.09,5.422,-10.052,0.468,,0.0,0.0,,0.0,0.0,Africa,Africa,False,False,False,False,False,Ethiopia
Ethiopia,ETH,2022,Country or economy,Wind and solar,True,0.6,-0.25,-29.412,3.446,-1.941,0.42,0.007,-0.002,-22.222,1.711,11.667,Africa,Africa,False,False,False,False,False,Ethiopia
Ethiopia,ETH,2022,Country or economy,"Hydro, bioenergy and other renewables",True,16.81,1.88,12.592,96.554,1.941,5.16,0.402,0.043,11.978,98.279,23.914,Africa,Africa,False,False,False,False,False,Ethiopia
Ethiopia,ETH,2022,Country or economy,Renewables,True,17.41,1.63,10.33,100.0,0.0,5.58,0.409,0.041,11.141,99.99,23.492,Africa,Africa,False,False,False,False,False,Ethiopia
Ethiopia,ETH,2022,Country or economy,Clean,True,17.41,1.63,10.33,100.0,0.0,5.58,0.409,0.041,11.141,99.99,23.492,Africa,Africa,False,False,False,False,False,Ethiopia
Ethiopia,ETH,2022,Country or economy,Fossil,True,0.0,0.0,,0.0,0.0,0.1,0.0,0.0,,0.0,,Africa,Africa,False,False,False,False,False,Ethiopia
Ethiopia,ETH,2022,Country or economy,Total generation,True,17.41,1.63,10.33,100.0,0.0,5.68,0.409,0.041,11.141,99.99,23.492,Africa,Africa,False,False,False,False,False,Ethiopia
Ethiopia,ETH,2022,Country or economy,Demand,True,15.66,1.54,10.907,89.948,0.468,,,,,,,Africa,Africa,False,False,False,False,False,Ethiopia
Ethiopia,ETH,2023,Country or economy,Solar,False,0.04,0.0,0.0,0.225,-0.005,0.02,0.002,0.0,0.0,0.479,50.0,Africa,Africa,False,False,False,False,False,Ethiopia
Ethiopia,ETH,2023,Country or economy,Wind,False,0.56,0.0,0.0,3.151,-0.066,0.32,0.005,0.0,0.0,1.197,8.929,Africa,Africa,False,False,False,False,False,Ethiopia
Ethiopia,ETH,2023,Country or economy,Hydro,False,17.13,0.36,2.147,96.398,0.074,4.88,0.407,0.009,2.261,97.463,23.759,Africa,Africa,False,False,False,False,False,Ethiopia
Ethiopia,ETH,2023,Country or economy,Bioenergy,False,0.01,0.0,0.0,0.056,-0.001,0.31,0.002,0.0,0.0,0.479,200.0,Africa,Africa,False,False,False,False,False,Ethiopia
Ethiopia,ETH,2023,Country or economy,Other renewables,False,0.03,0.0,0.0,0.169,-0.003,0.03,0.001,0.0,0.0,0.239,33.333,Africa,Africa,False,False,False,False,False,Ethiopia
Ethiopia,ETH,2023,Country or economy,Nuclear,False,0.0,0.0,,0.0,0.0,0.0,0.0,0.0,,0.0,,Africa,Africa,False,False,False,False,False,Ethiopia
Ethiopia,ETH,2023,Country or economy,Coal,False,0.0,0.0,,0.0,0.0,,0.0,0.0,,0.0,,Africa,Africa,False,False,False,False,False,Ethiopia
Ethiopia,ETH,2023,Country or economy,Gas,False,0.0,0.0,,0.0,0.0,,0.0,0.0,,0.0,,Africa,Africa,False,False,False,False,False,Ethiopia
Ethiopia,ETH,2023,Country or economy,Other fossil,False,0.0,0.0,,0.0,0.0,0.1,0.0,0.0,,0.0,,Africa,Africa,False,False,False,False,False,Ethiopia
Ethiopia,ETH,2023,Country or economy,Net imports,False,-1.78,-0.03,1.714,-10.017,0.035,,0.0,0.0,,0.0,0.0,Africa,Africa,False,False,False,False,False,Ethiopia
Ethiopia,ETH,2023,Country or economy,Wind and solar,True,0.6,0.0,0.0,3.376,-0.07,0.34,0.007,0.0,0.0,1.676,11.667,Africa,Africa,False,False,False,False,False,Ethiopia
Ethiopia,ETH,2023,Country or economy,"Hydro, bioenergy and other renewables",True,17.17,0.36,2.142,96.624,0.07,5.22,0.41,0.008,1.99,98.181,23.879,Africa,Africa,False,False,False,False,False,Ethiopia
Ethiopia,ETH,2023,Country or economy,Renewables,True,17.77,0.36,2.068,100.0,0.0,5.56,0.418,0.009,2.2,100.097,23.523,Africa,Africa,False,False,False,False,False,Ethiopia
Ethiopia,ETH,2023,Country or economy,Clean,True,17.77,0.36,2.068,100.0,0.0,5.56,0.418,0.009,2.2,100.097,23.523,Africa,Africa,False,False,False,False,False,Ethiopia
Ethiopia,ETH,2023,Country or economy,Fossil,True,0.0,0.0,,0.0,0.0,0.1,0.0,0.0,,0.0,,Africa,Africa,False,False,False,False,False,Ethiopia
Ethiopia,ETH,2023,Country or economy,Total generation,True,17.77,0.36,2.068,100.0,0.0,5.659999999999999,0.418,0.009,2.2,100.097,23.523,Africa,Africa,False,False,False,False,False,Ethiopia
Ethiopia,ETH,2023,Country or economy,Demand,True,15.99,0.33,2.107,89.983,0.035,,,,,,,Africa,Africa,False,False,False,False,False,Ethiopia
Ethiopia,ETH,2024,Country or economy,Solar,False,0.04,0.0,0.0,0.159,-0.066,0.02,0.002,0.0,0.0,0.338,50.0,Africa,Africa,False,False,False,False,False,Ethiopia
Ethiopia,ETH,2024,Country or economy,Wind,False,0.7,0.14,25.0,2.778,-0.373,0.4,0.007,0.002,40.0,1.182,10.0,Africa,Africa,False,False,False,False,False,Ethiopia
Ethiopia,ETH,2024,Country or economy,Hydro,False,24.42,7.29,42.557,96.905,0.507,5.22,0.58,0.173,42.506,97.948,23.751,Africa,Africa,False,False,False,False,False,Ethiopia
Ethiopia,ETH,2024,Country or economy,Bioenergy,False,0.01,0.0,0.0,0.04,-0.016,0.31,0.002,0.0,0.0,0.338,200.0,Africa,Africa,False,False,False,False,False,Ethiopia
Ethiopia,ETH,2024,Country or economy,Other renewables,False,0.03,0.0,0.0,0.119,-0.05,0.03,0.001,0.0,0.0,0.169,33.333,Africa,Africa,False,False,False,False,False,Ethiopia
Ethiopia,ETH,2024,Country or economy,Nuclear,False,0.0,0.0,,0.0,0.0,0.0,0.0,0.0,,0.0,,Africa,Africa,False,False,False,False,False,Ethiopia
Ethiopia,ETH,2024,Country or economy,Coal,False,0.0,0.0,,0.0,0.0,,0.0,0.0,,0.0,,Africa,Africa,False,False,False,False,False,Ethiopia
Ethiopia,ETH,2024,Country or economy,Gas,False,0.0,0.0,,0.0,0.0,,0.0,0.0,,0.0,,Africa,Africa,False,False,False,False,False,Ethiopia
Ethiopia,ETH,2024,Country or economy,Other fossil,False,0.0,0.0,,0.0,0.0,0.1,0.0,0.0,,0.0,,Africa,Africa,False,False,False,False,False,Ethiopia
Ethiopia,ETH,2024,Country or economy,Net imports,False,-1.76,0.02,-1.124,-6.984,3.033,,0.0,0.0,,0.0,0.0,Africa,Africa,False,False,False,False,False,Ethiopia
Ethiopia,ETH,2024,Country or economy,Wind and solar,True,0.74,0.14,23.333,2.937,-0.439,0.42,0.009,0.002,28.571,1.52,12.162,Africa,Africa,False,False,False,False,False,Ethiopia
Ethiopia,ETH,2024,Country or economy,"Hydro, bioenergy and other renewables",True,24.46,7.29,42.458,97.063,0.439,5.56,0.584,0.174,42.439,98.623,23.876,Africa,Africa,False,False,False,False,False,Ethiopia
Ethiopia,ETH,2024,Country or economy,Renewables,True,25.2,7.43,41.812,100.0,0.0,5.98,0.592,0.174,41.627,99.974,23.492,Africa,Africa,False,False,False,False,False,Ethiopia
Ethiopia,ETH,2024,Country or economy,Clean,True,25.2,7.43,41.812,100.0,0.0,5.98,0.592,0.174,41.627,99.974,23.492,Africa,Africa,False,False,False,False,False,Ethiopia
Ethiopia,ETH,2024,Country or economy,Fossil,True,0.0,0.0,,0.0,0.0,0.1,0.0,0.0,,0.0,,Africa,Africa,False,False,False,False,False,Ethiopia
Ethiopia,ETH,2024,Country or economy,Total generation,True,25.2,7.43,41.812,100.0,0.0,6.079999999999999,0.592,0.174,41.627,99.974,23.492,Africa,Africa,False,False,False,False,False,Ethiopia
Ethiopia,ETH,2024,Country or economy,Demand,True,23.44,7.45,46.592,93.016,3.033,,,,,,,Africa,Africa,False,False,False,False,False,Ethiopia
Ethiopia,ETH,2025,Country or economy,Solar,False,0.04,0.0,0.0,0.12,-0.039,0.02,0.002,0.0,0.0,0.256,50.0,Africa,Africa,False,False,False,False,False,Ethiopia
Ethiopia,ETH,2025,Country or economy,Wind,False,1.1,0.4,57.143,3.296,0.518,0.5,0.011,0.004,57.143,1.409,10.0,Africa,Africa,False,False,False,False,False,Ethiopia
Ethiopia,ETH,2025,Country or economy,Hydro,False,32.19,7.77,31.818,96.464,-0.441,9.21,0.765,0.185,31.897,97.999,23.765,Africa,Africa,False,False,False,False,False,Ethiopia
Ethiopia,ETH,2025,Country or economy,Bioenergy,False,0.01,0.0,0.0,0.03,-0.01,0.31,0.002,0.0,0.0,0.256,200.0,Africa,Africa,False,False,False,False,False,Ethiopia
Ethiopia,ETH,2025,Country or economy,Other renewables,False,0.03,0.0,0.0,0.09,-0.029,0.03,0.001,0.0,0.0,0.128,33.333,Africa,Africa,False,False,False,False,False,Ethiopia
Ethiopia,ETH,2025,Country or economy,Nuclear,False,0.0,0.0,,0.0,0.0,0.0,0.0,0.0,,0.0,,Africa,Africa,False,False,False,False,False,Ethiopia
Ethiopia,ETH,2025,Country or economy,Coal,False,0.0,0.0,,0.0,0.0,,0.0,0.0,,0.0,,Africa,Africa,False,False,False,False,False,Ethiopia
Ethiopia,ETH,2025,Country or economy,Gas,False,0.0,0.0,,0.0,0.0,,0.0,0.0,,0.0,,Africa,Africa,False,False,False,False,False,Ethiopia
Ethiopia,ETH,2025,Country or economy,Other fossil,False,0.0,0.0,,0.0,0.0,0.1,0.0,0.0,,0.0,,Africa,Africa,False,False,False,False,False,Ethiopia
Ethiopia,ETH,2025,Country or economy,Net imports,False,-2.35,-0.59,33.523,-7.042,-0.058,,0.0,0.0,,0.0,0.0,Africa,Africa,False,False,False,False,False,Ethiopia
Ethiopia,ETH,2025,Country or economy,Wind and solar,True,1.14,0.4,54.054,3.416,0.479,0.52,0.012,0.003,33.333,1.537,10.526,Africa,Africa,False,False,False,False,False,Ethiopia
Ethiopia,ETH,2025,Country or economy,"Hydro, bioenergy and other renewables",True,32.23,7.77,31.766,96.584,-0.479,9.55,0.768,0.184,31.507,98.383,23.829,Africa,Africa,False,False,False,False,False,Ethiopia
Ethiopia,ETH,2025,Country or economy,Renewables,True,33.37,8.17,32.421,100.0,0.0,10.07,0.781,0.189,31.926,100.049,23.404,Africa,Africa,False,False,False,False,False,Ethiopia
Ethiopia,ETH,2025,Country or economy,Clean,True,33.37,8.17,32.421,100.0,0.0,10.07,0.781,0.189,31.926,100.049,23.404,Africa,Africa,False,False,False,False,False,Ethiopia
Ethiopia,ETH,2025,Country or economy,Fossil,True,0.0,0.0,,0.0,0.0,0.1,0.0,0.0,,0.0,,Africa,Africa,False,False,False,False,False,Ethiopia
Ethiopia,ETH,2025,Country or economy,Total generation,True,33.37,8.17,32.421,100.0,0.0,10.17,0.781,0.189,31.926,100.049,23.404,Africa,Africa,False,False,False,False,False,Ethiopia
Ethiopia,ETH,2025,Country or economy,Demand,True,31.02,7.58,32.338,92.958,-0.058,,,,,,,Africa,Africa,False,False,False,False,False,Ethiopia
Ghana,GHA,2000,Country or economy,Solar,False,0.0,,,0.0,,0.0,0.0,,,0.0,,Africa,Africa,False,False,False,False,False,Ghana
Ghana,GHA,2000,Country or economy,Wind,False,0.0,,,0.0,,0.0,0.0,,,0.0,,Africa,Africa,False,False,False,False,False,Ghana
Ghana,GHA,2000,Country or economy,Hydro,False,6.54,,,91.213,,1.07,0.155,,,27.409,23.7,Africa,Africa,False,False,False,False,False,Ghana
Ghana,GHA,2000,Country or economy,Bioenergy,False,0.01,,,0.139,,0.01,0.002,,,0.354,200.0,Africa,Africa,False,False,False,False,False,Ghana
Ghana,GHA,2000,Country or economy,Other renewables,False,0.0,,,0.0,,0.0,0.0,,,0.0,,Africa,Africa,False,False,False,False,False,Ghana
Ghana,GHA,2000,Country or economy,Nuclear,False,0.0,,,0.0,,0.0,0.0,,,0.0,,Africa,Africa,False,False,False,False,False,Ghana
Ghana,GHA,2000,Country or economy,Coal,False,0.0,,,0.0,,,0.0,,,0.0,,Africa,Africa,False,False,False,False,False,Ghana
Ghana,GHA,2000,Country or economy,Gas,False,0.0,,,0.0,,0.33,0.0,,,0.0,,Africa,Africa,False,False,False,False,False,Ghana
Ghana,GHA,2000,Country or economy,Other fossil,False,0.62,,,8.647,,0.58,0.408,,,72.147,658.065,Africa,Africa,False,False,False,False,False,Ghana
Ghana,GHA,2000,Country or economy,Net imports,False,0.21,,,2.929,,,0.0,,,0.0,0.0,Africa,Africa,False,False,False,False,False,Ghana
Ghana,GHA,2000,Country or economy,Wind and solar,True,0.0,,,0.0,,0.0,0.0,,,0.0,,Africa,Africa,False,False,False,False,False,Ghana
Ghana,GHA,2000,Country or economy,"Hydro, bioenergy and other renewables",True,6.55,,,91.353,,1.08,0.158,,,27.939,24.122,Africa,Africa,False,False,False,False,False,Ghana
Ghana,GHA,2000,Country or economy,Renewables,True,6.55,,,91.353,,1.08,0.158,,,27.939,24.122,Africa,Africa,False,False,False,False,False,Ghana
Ghana,GHA,2000,Country or economy,Clean,True,6.55,,,91.353,,1.08,0.158,,,27.939,24.122,Africa,Africa,False,False,False,False,False,Ghana
Ghana,GHA,2000,Country or economy,Fossil,True,0.62,,,8.647,,0.91,0.408,,,72.147,658.065,Africa,Africa,False,False,False,False,False,Ghana
Ghana,GHA,2000,Country or economy,Total generation,True,7.17,,,100.0,,1.99,0.566,,,100.086,78.94,Africa,Africa,False,False,False,False,False,Ghana
Ghana,GHA,2000,Country or economy,Demand,True,7.38,,,102.929,,,,,,,,Africa,Africa,False,False,False,False,False,Ghana
Ghana,GHA,2001,Country or economy,Solar,False,0.0,0.0,,0.0,0.0,0.0,0.0,0.0,,0.0,,Africa,Africa,False,False,False,False,False,Ghana
Ghana,GHA,2001,Country or economy,Wind,False,0.0,0.0,,0.0,0.0,0.0,0.0,0.0,,0.0,,Africa,Africa,False,False,False,False,False,Ghana
Ghana,GHA,2001,Country or economy,Hydro,False,6.54,0.0,0.0,83.739,-7.474,1.07,0.155,0.0,0.0,15.71,23.7,Africa,Africa,False,False,False,False,False,Ghana
Ghana,GHA,2001,Country or economy,Bioenergy,False,0.01,0.0,0.0,0.128,-0.011,0.01,0.002,0.0,0.0,0.203,200.0,Africa,Africa,False,False,False,False,False,Ghana
Ghana,GHA,2001,Country or economy,Other renewables,False,0.0,0.0,,0.0,0.0,0.0,0.0,0.0,,0.0,,Africa,Africa,False,False,False,False,False,Ghana
Ghana,GHA,2001,Country or economy,Nuclear,False,0.0,0.0,,0.0,0.0,0.0,0.0,0.0,,0.0,,Africa,Africa,False,False,False,False,False,Ghana
Ghana,GHA,2001,Country or economy,Coal,False,0.0,0.0,,0.0,0.0,,0.0,0.0,,0.0,,Africa,Africa,False,False,False,False,False,Ghana
Ghana,GHA,2001,Country or economy,Gas,False,0.0,0.0,,0.0,0.0,0.33,0.0,0.0,,0.0,,Africa,Africa,False,False,False,False,False,Ghana
Ghana,GHA,2001,Country or economy,Other fossil,False,1.26,0.64,103.226,16.133,7.486,0.58,0.829,0.421,103.186,84.023,657.937,Africa,Africa,False,False,False,False,False,Ghana
Ghana,GHA,2001,Country or economy,Net imports,False,0.15,-0.06,-28.571,1.921,-1.008,,0.0,0.0,,0.0,0.0,Africa,Africa,False,False,False,False,False,Ghana
Ghana,GHA,2001,Country or economy,Wind and solar,True,0.0,0.0,,0.0,0.0,0.0,0.0,0.0,,0.0,,Africa,Africa,False,False,False,False,False,Ghana
Ghana,GHA,2001,Country or economy,"Hydro, bioenergy and other renewables",True,6.55,0.0,0.0,83.867,-7.486,1.08,0.158,0.0,0.0,16.014,24.122,Africa,Africa,False,False,False,False,False,Ghana
Ghana,GHA,2001,Country or economy,Renewables,True,6.55,0.0,0.0,83.867,-7.486,1.08,0.158,0.0,0.0,16.014,24.122,Africa,Africa,False,False,False,False,False,Ghana
Ghana,GHA,2001,Country or economy,Clean,True,6.55,0.0,0.0,83.867,-7.486,1.08,0.158,0.0,0.0,16.014,24.122,Africa,Africa,False,False,False,False,False,Ghana
Ghana,GHA,2001,Country or economy,Fossil,True,1.26,0.64,103.226,16.133,7.486,0.91,0.829,0.421,103.186,84.023,657.937,Africa,Africa,False,False,False,False,False,Ghana
Ghana,GHA,2001,Country or economy,Total generation,True,7.81,0.64,8.926,100.0,0.0,1.99,0.987,0.421,74.382,100.037,126.376,Africa,Africa,False,False,False,False,False,Ghana
Ghana,GHA,2001,Country or economy,Demand,True,7.96,0.58,7.859,101.921,-1.008,,,,,,,Africa,Africa,False,False,False,False,False,Ghana
Ghana,GHA,2002,Country or economy,Solar,False,0.0,0.0,,0.0,0.0,0.0,0.0,0.0,,0.0,,Africa,Africa,False,False,False,False,False,Ghana
Ghana,GHA,2002,Country or economy,Wind,False,0.0,0.0,,0.0,0.0,0.0,0.0,0.0,,0.0,,Africa,Africa,False,False,False,False,False,Ghana
Ghana,GHA,2002,Country or economy,Hydro,False,4.99,-1.55,-23.7,68.638,-15.101,1.07,0.119,-0.036,-23.226,7.371,23.848,Africa,Africa,False,False,False,False,False,Ghana
Ghana,GHA,2002,Country or economy,Bioenergy,False,0.01,0.0,0.0,0.138,0.01,0.01,0.002,0.0,0.0,0.124,200.0,Africa,Africa,False,False,False,False,False,Ghana
Ghana,GHA,2002,Country or economy,Other renewables,False,0.0,0.0,,0.0,0.0,0.0,0.0,0.0,,0.0,,Africa,Africa,False,False,False,False,False,Ghana
Ghana,GHA,2002,Country or economy,Nuclear,False,0.0,0.0,,0.0,0.0,0.0,0.0,0.0,,0.0,,Africa,Africa,False,False,False,False,False,Ghana
Ghana,GHA,2002,Country or economy,Coal,False,0.0,0.0,,0.0,0.0,,0.0,0.0,,0.0,,Africa,Africa,False,False,False,False,False,Ghana
Ghana,GHA,2002,Country or economy,Gas,False,0.0,0.0,,0.0,0.0,0.33,0.0,0.0,,0.0,,Africa,Africa,False,False,False,False,False,Ghana
Ghana,GHA,2002,Country or economy,Other fossil,False,2.27,1.01,80.159,31.224,15.091,0.58,1.494,0.665,80.217,92.543,658.15,Africa,Africa,False,False,False,False,False,Ghana
Ghana,GHA,2002,Country or economy,Net imports,False,0.43,0.28,186.667,5.915,3.994,,0.0,0.0,,0.0,0.0,Africa,Africa,False,False,False,False,False,Ghana
Ghana,GHA,2002,Country or economy,Wind and solar,True,0.0,0.0,,0.0,0.0,0.0,0.0,0.0,,0.0,,Africa,Africa,False,False,False,False,False,Ghana
Ghana,GHA,2002,Country or economy,"Hydro, bioenergy and other renewables",True,5.0,-1.55,-23.664,68.776,-15.091,1.08,0.121,-0.037,-23.418,7.495,24.2,Africa,Africa,False,False,False,False,False,Ghana
Ghana,GHA,2002,Country or economy,Renewables,True,5.0,-1.55,-23.664,68.776,-15.091,1.08,0.121,-0.037,-23.418,7.495,24.2,Africa,Africa,False,False,False,False,False,Ghana
Ghana,GHA,2002,Country or economy,Clean,True,5.0,-1.55,-23.664,68.776,-15.091,1.08,0.121,-0.037,-23.418,7.495,24.2,Africa,Africa,False,False,False,False,False,Ghana
Ghana,GHA,2002,Country or economy,Fossil,True,2.27,1.01,80.159,31.224,15.091,0.91,1.494,0.665,80.217,92.543,658.15,Africa,Africa,False,False,False,False,False,Ghana
Ghana,GHA,2002,Country or economy,Total generation,True,7.27,-0.54,-6.914,100.0,0.0,1.99,1.614,0.627,63.526,99.976,222.008,Africa,Africa,False,False,False,False,False,Ghana
Ghana,GHA,2002,Country or economy,Demand,True,7.7,-0.26,-3.266,105.915,3.994,,,,,,,Africa,Africa,False,False,False,False,False,Ghana
Ghana,GHA,2003,Country or economy,Solar,False,0.0,0.0,,0.0,0.0,0.0,0.0,0.0,,0.0,,Africa,Africa,False,False,False,False,False,Ghana
Ghana,GHA,2003,Country or economy,Wind,False,0.0,0.0,,0.0,0.0,0.0,0.0,0.0,,0.0,,Africa,Africa,False,False,False,False,False,Ghana
Ghana,GHA,2003,Country or economy,Hydro,False,3.85,-1.14,-22.846,65.476,-3.162,1.07,0.091,-0.028,-23.529,6.396,23.636,Africa,Africa,False,False,False,False,False,Ghana
Ghana,GHA,2003,Country or economy,Bioenergy,False,0.01,0.0,0.0,0.17,0.032,0.01,0.002,0.0,0.0,0.141,200.0,Africa,Africa,False,False,False,False,False,Ghana
Ghana,GHA,2003,Country or economy,Other renewables,False,0.0,0.0,,0.0,0.0,0.0,0.0,0.0,,0.0,,Africa,Africa,False,False,False,False,False,Ghana
Ghana,GHA,2003,Country or economy,Nuclear,False,0.0,0.0,,0.0,0.0,0.0,0.0,0.0,,0.0,,Africa,Africa,False,False,False,False,False,Ghana
Ghana,GHA,2003,Country or economy,Coal,False,0.0,0.0,,0.0,0.0,,0.0,0.0,,0.0,,Africa,Africa,False,False,False,False,False,Ghana
Ghana,GHA,2003,Country or economy,Gas,False,0.0,0.0,,0.0,0.0,0.33,0.0,0.0,,0.0,,Africa,Africa,False,False,False,False,False,Ghana
Ghana,GHA,2003,Country or economy,Other fossil,False,2.02,-0.25,-11.013,34.354,3.13,0.58,1.329,-0.165,-11.044,93.407,657.921,Africa,Africa,False,False,False,False,False,Ghana
Ghana,GHA,2003,Country or economy,Net imports,False,0.34,-0.09,-20.93,5.782,-0.133,,0.0,0.0,,0.0,0.0,Africa,Africa,False,False,False,False,False,Ghana
Ghana,GHA,2003,Country or economy,Wind and solar,True,0.0,0.0,,0.0,0.0,0.0,0.0,0.0,,0.0,,Africa,Africa,False,False,False,False,False,Ghana
Ghana,GHA,2003,Country or economy,"Hydro, bioenergy and other renewables",True,3.86,-1.14,-22.8,65.646,-3.13,1.08,0.094,-0.027,-22.314,6.607,24.352,Africa,Africa,False,False,False,False,False,Ghana
Ghana,GHA,2003,Country or economy,Renewables,True,3.86,-1.14,-22.8,65.646,-3.13,1.08,0.094,-0.027,-22.314,6.607,24.352,Africa,Africa,False,False,False,False,False,Ghana
Ghana,GHA,2003,Country or economy,Clean,True,3.86,-1.14,-22.8,65.646,-3.13,1.08,0.094,-0.027,-22.314,6.607,24.352,Africa,Africa,False,False,False,False,False,Ghana
Ghana,GHA,2003,Country or economy,Fossil,True,2.02,-0.25,-11.013,34.354,3.13,0.91,1.329,-0.165,-11.044,93.407,657.921,Africa,Africa,False,False,False,False,False,Ghana
Ghana,GHA,2003,Country or economy,Total generation,True,5.88,-1.39,-19.12,100.0,0.0,1.99,1.423,-0.191,-11.834,100.014,242.007,Africa,Africa,False,False,False,False,False,Ghana
Ghana,GHA,2003,Country or economy,Demand,True,6.22,-1.48,-19.221,105.782,-0.133,,,,,,,Africa,Africa,False,False,False,False,False,Ghana
Ghana,GHA,2004,Country or economy,Solar,False,0.0,0.0,,0.0,0.0,0.0,0.0,0.0,,0.0,,Africa,Africa,False,False,False,False,False,Ghana
Ghana,GHA,2004,Country or economy,Wind,False,0.0,0.0,,0.0,0.0,0.0,0.0,0.0,,0.0,,Africa,Africa,False,False,False,False,False,Ghana
Ghana,GHA,2004,Country or economy,Hydro,False,5.23,1.38,35.844,87.167,21.691,1.18,0.124,0.033,36.264,19.792,23.709,Africa,Africa,False,False,False,False,False,Ghana
Ghana,GHA,2004,Country or economy,Bioenergy,False,0.01,0.0,0.0,0.167,-0.003,0.01,0.002,0.0,0.0,0.319,200.0,Africa,Africa,False,False,False,False,False,Ghana
Ghana,GHA,2004,Country or economy,Other renewables,False,0.0,0.0,,0.0,0.0,0.0,0.0,0.0,,0.0,,Africa,Africa,False,False,False,False,False,Ghana
Ghana,GHA,2004,Country or economy,Nuclear,False,0.0,0.0,,0.0,0.0,0.0,0.0,0.0,,0.0,,Africa,Africa,False,False,False,False,False,Ghana
Ghana,GHA,2004,Country or economy,Coal,False,0.0,0.0,,0.0,0.0,,0.0,0.0,,0.0,,Africa,Africa,False,False,False,False,False,Ghana
Ghana,GHA,2004,Country or economy,Gas,False,0.0,0.0,,0.0,0.0,0.33,0.0,0.0,,0.0,,Africa,Africa,False,False,False,False,False,Ghana
Ghana,GHA,2004,Country or economy,Other fossil,False,0.76,-1.26,-62.376,12.667,-21.687,0.55,0.5,-0.829,-62.378,79.808,657.895,Africa,Africa,False,False,False,False,False,Ghana
Ghana,GHA,2004,Country or economy,Net imports,False,0.21,-0.13,-38.235,3.5,-2.282,,0.0,0.0,,0.0,0.0,Africa,Africa,False,False,False,False,False,Ghana
Ghana,GHA,2004,Country or economy,Wind and solar,True,0.0,0.0,,0.0,0.0,0.0,0.0,0.0,,0.0,,Africa,Africa,False,False,False,False,False,Ghana
Ghana,GHA,2004,Country or economy,"Hydro, bioenergy and other renewables",True,5.24,1.38,35.751,87.333,21.687,1.19,0.126,0.032,34.043,20.112,24.046,Africa,Africa,False,False,False,False,False,Ghana
Ghana,GHA,2004,Country or economy,Renewables,True,5.24,1.38,35.751,87.333,21.687,1.19,0.126,0.032,34.043,20.112,24.046,Africa,Africa,False,False,False,False,False,Ghana
Ghana,GHA,2004,Country or economy,Clean,True,5.24,1.38,35.751,87.333,21.687,1.19,0.126,0.032,34.043,20.112,24.046,Africa,Africa,False,False,False,False,False,Ghana
Ghana,GHA,2004,Country or economy,Fossil,True,0.76,-1.26,-62.376,12.667,-21.687,0.8800000000000001,0.5,-0.829,-62.378,79.808,657.895,Africa,Africa,False,False,False,False,False,Ghana
Ghana,GHA,2004,Country or economy,Total generation,True,6.0,0.12,2.041,100.0,0.0,2.0700000000000003,0.627,-0.796,-55.938,100.079,104.5,Africa,Africa,False,False,False,False,False,Ghana
Ghana,GHA,2004,Country or economy,Demand,True,6.21,-0.01,-0.161,103.5,-2.282,,,,,,,Africa,Africa,False,False,False,False,False,Ghana
Ghana,GHA,2005,Country or economy,Solar,False,0.0,0.0,,0.0,0.0,0.0,0.0,0.0,,0.0,,Africa,Africa,False,False,False,False,False,Ghana
Ghana,GHA,2005,Country or economy,Wind,False,0.0,0.0,,0.0,0.0,0.0,0.0,0.0,,0.0,,Africa,Africa,False,False,False,False,False,Ghana
Ghana,GHA,2005,Country or economy,Hydro,False,5.57,0.34,6.501,82.641,-4.526,1.18,0.132,0.008,6.452,14.703,23.698,Africa,Africa,False,False,False,False,False,Ghana
Ghana,GHA,2005,Country or economy,Bioenergy,False,0.01,0.0,0.0,0.148,-0.019,0.01,0.002,0.0,0.0,0.223,200.0,Africa,Africa,False,False,False,False,False,Ghana
Ghana,GHA,2005,Country or economy,Other renewables,False,0.0,0.0,,0.0,0.0,0.0,0.0,0.0,,0.0,,Africa,Africa,False,False,False,False,False,Ghana
Ghana,GHA,2005,Country or economy,Nuclear,False,0.0,0.0,,0.0,0.0,0.0,0.0,0.0,,0.0,,Africa,Africa,False,False,False,False,False,Ghana
Ghana,GHA,2005,Country or economy,Coal,False,0.0,0.0,,0.0,0.0,,0.0,0.0,,0.0,,Africa,Africa,False,False,False,False,False,Ghana
Ghana,GHA,2005,Country or economy,Gas,False,0.0,0.0,,0.0,0.0,0.33,0.0,0.0,,0.0,,Africa,Africa,False,False,False,False,False,Ghana
Ghana,GHA,2005,Country or economy,Other fossil,False,1.16,0.4,52.632,17.211,4.544,0.55,0.763,0.263,52.6,84.987,657.759,Africa,Africa,False,False,False,False,False,Ghana
Ghana,GHA,2005,Country or economy,Net imports,False,0.18,-0.03,-14.286,2.671,-0.829,,0.0,0.0,,0.0,0.0,Africa,Africa,False,False,False,False,False,Ghana
Ghana,GHA,2005,Country or economy,Wind and solar,True,0.0,0.0,,0.0,0.0,0.0,0.0,0.0,,0.0,,Africa,Africa,False,False,False,False,False,Ghana
Ghana,GHA,2005,Country or economy,"Hydro, bioenergy and other renewables",True,5.58,0.34,6.489,82.789,-4.544,1.19,0.135,0.009,7.143,15.037,24.194,Africa,Africa,False,False,False,False,False,Ghana
Ghana,GHA,2005,Country or economy,Renewables,True,5.58,0.34,6.489,82.789,-4.544,1.19,0.135,0.009,7.143,15.037,24.194,Africa,Africa,False,False,False,False,False,Ghana
Ghana,GHA,2005,Country or economy,Clean,True,5.58,0.34,6.489,82.789,-4.544,1.19,0.135,0.009,7.143,15.037,24.194,Africa,Africa,False,False,False,False,False,Ghana
Ghana,GHA,2005,Country or economy,Fossil,True,1.16,0.4,52.632,17.211,4.544,0.8800000000000001,0.763,0.263,52.6,84.987,657.759,Africa,Africa,False,False,False,False,False,Ghana
Ghana,GHA,2005,Country or economy,Total generation,True,6.74,0.74,12.333,100.0,0.0,2.0700000000000003,0.898,0.271,43.222,100.024,133.234,Africa,Africa,False,False,False,False,False,Ghana
Ghana,GHA,2005,Country or economy,Demand,True,6.92,0.71,11.433,102.671,-0.829,,,,,,,Africa,Africa,False,False,False,False,False,Ghana
Ghana,GHA,2006,Country or economy,Solar,False,0.0,0.0,,0.0,0.0,0.0,0.0,0.0,,0.0,,Africa,Africa,False,False,False,False,False,Ghana
Ghana,GHA,2006,Country or economy,Wind,False,0.0,0.0,,0.0,0.0,0.0,0.0,0.0,,0.0,,Africa,Africa,False,False,False,False,False,Ghana
Ghana,GHA,2006,Country or economy,Hydro,False,5.56,-0.01,-0.18,66.269,-16.372,1.18,0.132,0.0,0.0,6.634,23.741,Africa,Africa,False,False,False,False,False,Ghana
Ghana,GHA,2006,Country or economy,Bioenergy,False,0.01,0.0,0.0,0.119,-0.029,0.0,0.002,0.0,0.0,0.101,200.0,Africa,Africa,False,False,False,False,False,Ghana
Ghana,GHA,2006,Country or economy,Other renewables,False,0.0,0.0,,0.0,0.0,0.0,0.0,0.0,,0.0,,Africa,Africa,False,False,False,False,False,Ghana
Ghana,GHA,2006,Country or economy,Nuclear,False,0.0,0.0,,0.0,0.0,0.0,0.0,0.0,,0.0,,Africa,Africa,False,False,False,False,False,Ghana
Ghana,GHA,2006,Country or economy,Coal,False,0.0,0.0,,0.0,0.0,,0.0,0.0,,0.0,,Africa,Africa,False,False,False,False,False,Ghana
Ghana,GHA,2006,Country or economy,Gas,False,0.0,0.0,,0.0,0.0,0.33,0.0,0.0,,0.0,,Africa,Africa,False,False,False,False,False,Ghana
Ghana,GHA,2006,Country or economy,Other fossil,False,2.82,1.66,143.103,33.611,16.4,0.55,1.856,1.093,143.25,93.274,658.156,Africa,Africa,False,False,False,False,False,Ghana
Ghana,GHA,2006,Country or economy,Net imports,False,-0.13,-0.31,-172.222,-1.549,-4.22,,0.0,0.0,,0.0,0.0,Africa,Africa,False,False,False,False,False,Ghana
Ghana,GHA,2006,Country or economy,Wind and solar,True,0.0,0.0,,0.0,0.0,0.0,0.0,0.0,,0.0,,Africa,Africa,False,False,False,False,False,Ghana
Ghana,GHA,2006,Country or economy,"Hydro, bioenergy and other renewables",True,5.57,-0.01,-0.179,66.389,-16.4,1.18,0.134,-0.001,-0.741,6.734,24.057,Africa,Africa,False,False,False,False,False,Ghana
Ghana,GHA,2006,Country or economy,Renewables,True,5.57,-0.01,-0.179,66.389,-16.4,1.18,0.134,-0.001,-0.741,6.734,24.057,Africa,Africa,False,False,False,False,False,Ghana
Ghana,GHA,2006,Country or economy,Clean,True,5.57,-0.01,-0.179,66.389,-16.4,1.18,0.134,-0.001,-0.741,6.734,24.057,Africa,Africa,False,False,False,False,False,Ghana
Ghana,GHA,2006,Country or economy,Fossil,True,2.82,1.66,143.103,33.611,16.4,0.8800000000000001,1.856,1.093,143.25,93.274,658.156,Africa,Africa,False,False,False,False,False,Ghana
Ghana,GHA,2006,Country or economy,Total generation,True,8.39,1.65,24.481,100.0,0.0,2.06,1.99,1.092,121.604,100.009,237.187,Africa,Africa,False,False,False,False,False,Ghana
Ghana,GHA,2006,Country or economy,Demand,True,8.26,1.34,19.364,98.451,-4.22,,,,,,,Africa,Africa,False,False,False,False,False,Ghana
Ghana,GHA,2007,Country or economy,Solar,False,0.0,0.0,,0.0,0.0,0.0,0.0,0.0,,0.0,,Africa,Africa,False,False,False,False,False,Ghana
Ghana,GHA,2007,Country or economy,Wind,False,0.0,0.0,,0.0,0.0,0.0,0.0,0.0,,0.0,,Africa,Africa,False,False,False,False,False,Ghana
Ghana,GHA,2007,Country or economy,Hydro,False,3.69,-1.87,-33.633,53.017,-13.252,1.18,0.088,-0.044,-33.333,3.938,23.848,Africa,Africa,False,False,False,False,False,Ghana
Ghana,GHA,2007,Country or economy,Bioenergy,False,0.01,0.0,0.0,0.144,0.025,0.0,0.002,0.0,0.0,0.089,200.0,Africa,Africa,False,False,False,False,False,Ghana
Ghana,GHA,2007,Country or economy,Other renewables,False,0.0,0.0,,0.0,0.0,0.0,0.0,0.0,,0.0,,Africa,Africa,False,False,False,False,False,Ghana
Ghana,GHA,2007,Country or economy,Nuclear,False,0.0,0.0,,0.0,0.0,0.0,0.0,0.0,,0.0,,Africa,Africa,False,False,False,False,False,Ghana
Ghana,GHA,2007,Country or economy,Coal,False,0.0,0.0,,0.0,0.0,,0.0,0.0,,0.0,,Africa,Africa,False,False,False,False,False,Ghana
Ghana,GHA,2007,Country or economy,Gas,False,0.0,0.0,,0.0,0.0,0.33,0.0,0.0,,0.0,,Africa,Africa,False,False,False,False,False,Ghana
Ghana,GHA,2007,Country or economy,Other fossil,False,3.26,0.44,15.603,46.839,13.228,0.75,2.145,0.289,15.571,95.977,657.975,Africa,Africa,False,False,False,False,False,Ghana
Ghana,GHA,2007,Country or economy,Net imports,False,0.19,0.32,-246.154,2.73,4.279,,0.0,0.0,,0.0,0.0,Africa,Africa,False,False,False,False,False,Ghana
Ghana,GHA,2007,Country or economy,Wind and solar,True,0.0,0.0,,0.0,0.0,0.0,0.0,0.0,,0.0,,Africa,Africa,False,False,False,False,False,Ghana
Ghana,GHA,2007,Country or economy,"Hydro, bioenergy and other renewables",True,3.7,-1.87,-33.573,53.161,-13.228,1.18,0.09,-0.044,-32.836,4.027,24.324,Africa,Africa,False,False,False,False,False,Ghana
Ghana,GHA,2007,Country or economy,Renewables,True,3.7,-1.87,-33.573,53.161,-13.228,1.18,0.09,-0.044,-32.836,4.027,24.324,Africa,Africa,False,False,False,False,False,Ghana
Ghana,GHA,2007,Country or economy,Clean,True,3.7,-1.87,-33.573,53.161,-13.228,1.18,0.09,-0.044,-32.836,4.027,24.324,Africa,Africa,False,False,False,False,False,Ghana
Ghana,GHA,2007,Country or economy,Fossil,True,3.26,0.44,15.603,46.839,13.228,1.08,2.145,0.289,15.571,95.977,657.975,Africa,Africa,False,False,False,False,False,Ghana
Ghana,GHA,2007,Country or economy,Total generation,True,6.96,-1.43,-17.044,100.0,0.0,2.26,2.235,0.245,12.312,100.004,321.121,Africa,Africa,False,False,False,False,False,Ghana
Ghana,GHA,2007,Country or economy,Demand,True,7.15,-1.11,-13.438,102.73,4.279,,,,,,,Africa,Africa,False,False,False,False,False,Ghana
Ghana,GHA,2008,Country or economy,Solar,False,0.0,0.0,,0.0,0.0,0.0,0.0,0.0,,0.0,,Africa,Africa,False,False,False,False,False,Ghana
Ghana,GHA,2008,Country or economy,Wind,False,0.0,0.0,,0.0,0.0,0.0,0.0,0.0,,0.0,,Africa,Africa,False,False,False,False,False,Ghana
Ghana,GHA,2008,Country or economy,Hydro,False,6.13,2.44,66.125,73.678,20.661,1.18,0.146,0.058,65.909,9.253,23.817,Africa,Africa,False,False,False,False,False,Ghana
Ghana,GHA,2008,Country or economy,Bioenergy,False,0.02,0.01,100.0,0.24,0.096,0.01,0.004,0.002,100.0,0.254,200.0,Africa,Africa,False,False,False,False,False,Ghana
Ghana,GHA,2008,Country or economy,Other renewables,False,0.0,0.0,,0.0,0.0,0.0,0.0,0.0,,0.0,,Africa,Africa,False,False,False,False,False,Ghana
Ghana,GHA,2008,Country or economy,Nuclear,False,0.0,0.0,,0.0,0.0,0.0,0.0,0.0,,0.0,,Africa,Africa,False,False,False,False,False,Ghana
Ghana,GHA,2008,Country or economy,Coal,False,0.0,0.0,,0.0,0.0,,0.0,0.0,,0.0,,Africa,Africa,False,False,False,False,False,Ghana
Ghana,GHA,2008,Country or economy,Gas,False,0.0,0.0,,0.0,0.0,0.44,0.0,0.0,,0.0,,Africa,Africa,False,False,False,False,False,Ghana
Ghana,GHA,2008,Country or economy,Other fossil,False,2.17,-1.09,-33.436,26.082,-20.757,0.8,1.428,-0.717,-33.427,90.504,658.065,Africa,Africa,False,False,False,False,False,Ghana
Ghana,GHA,2008,Country or economy,Net imports,False,-0.26,-0.45,-236.842,-3.125,-5.855,,0.0,0.0,,0.0,0.0,Africa,Africa,False,False,False,False,False,Ghana
Ghana,GHA,2008,Country or economy,Wind and solar,True,0.0,0.0,,0.0,0.0,0.0,0.0,0.0,,0.0,,Africa,Africa,False,False,False,False,False,Ghana
Ghana,GHA,2008,Country or economy,"Hydro, bioenergy and other renewables",True,6.15,2.45,66.216,73.918,20.757,1.19,0.15,0.06,66.667,9.507,24.39,Africa,Africa,False,False,False,False,False,Ghana
Ghana,GHA,2008,Country or economy,Renewables,True,6.15,2.45,66.216,73.918,20.757,1.19,0.15,0.06,66.667,9.507,24.39,Africa,Africa,False,False,False,False,False,Ghana
Ghana,GHA,2008,Country or economy,Clean,True,6.15,2.45,66.216,73.918,20.757,1.19,0.15,0.06,66.667,9.507,24.39,Africa,Africa,False,False,False,False,False,Ghana
Ghana,GHA,2008,Country or economy,Fossil,True,2.17,-1.09,-33.436,26.082,-20.757,1.24,1.428,-0.717,-33.427,90.504,658.065,Africa,Africa,False,False,False,False,False,Ghana
Ghana,GHA,2008,Country or economy,Total generation,True,8.32,1.36,19.54,100.0,0.0,2.43,1.578,-0.657,-29.396,100.011,189.663,Africa,Africa,False,False,False,False,False,Ghana
Ghana,GHA,2008,Country or economy,Demand,True,8.06,0.91,12.727,96.875,-5.855,,,,,,,Africa,Africa,False,False,False,False,False,Ghana
Ghana,GHA,2009,Country or economy,Solar,False,0.0,0.0,,0.0,0.0,0.0,0.0,0.0,,0.0,,Africa,Africa,False,False,False,False,False,Ghana
Ghana,GHA,2009,Country or economy,Wind,False,0.0,0.0,,0.0,0.0,0.0,0.0,0.0,,0.0,,Africa,Africa,False,False,False,False,False,Ghana
Ghana,GHA,2009,Country or economy,Hydro,False,6.81,0.68,11.093,76.174,2.496,1.18,0.162,0.016,10.959,10.413,23.789,Africa,Africa,False,False,False,False,False,Ghana
Ghana,GHA,2009,Country or economy,Bioenergy,False,0.02,0.0,0.0,0.224,-0.016,0.01,0.004,0.0,0.0,0.257,200.0,Africa,Africa,False,False,False,False,False,Ghana
Ghana,GHA,2009,Country or economy,Other renewables,False,0.0,0.0,,0.0,0.0,0.0,0.0,0.0,,0.0,,Africa,Africa,False,False,False,False,False,Ghana
Ghana,GHA,2009,Country or economy,Nuclear,False,0.0,0.0,,0.0,0.0,0.0,0.0,0.0,,0.0,,Africa,Africa,False,False,False,False,False,Ghana
Ghana,GHA,2009,Country or economy,Coal,False,0.0,0.0,,0.0,0.0,,0.0,0.0,,0.0,,Africa,Africa,False,False,False,False,False,Ghana
Ghana,GHA,2009,Country or economy,Gas,False,0.02,0.02,,0.224,0.224,0.44,0.014,0.014,,0.9,700.0,Africa,Africa,False,False,False,False,False,Ghana
Ghana,GHA,2009,Country or economy,Other fossil,False,2.09,-0.08,-3.687,23.378,-2.704,0.79,1.375,-0.053,-3.711,88.378,657.895,Africa,Africa,False,False,False,False,False,Ghana
Ghana,GHA,2009,Country or economy,Net imports,False,-0.55,-0.29,111.538,-6.152,-3.027,,0.0,0.0,,0.0,0.0,Africa,Africa,False,False,False,False,False,Ghana
Ghana,GHA,2009,Country or economy,Wind and solar,True,0.0,0.0,,0.0,0.0,0.0,0.0,0.0,,0.0,,Africa,Africa,False,False,False,False,False,Ghana
Ghana,GHA,2009,Country or economy,"Hydro, bioenergy and other renewables",True,6.83,0.68,11.057,76.398,2.48,1.19,0.166,0.016,10.667,10.67,24.305,Africa,Africa,False,False,False,False,False,Ghana
Ghana,GHA,2009,Country or economy,Renewables,True,6.83,0.68,11.057,76.398,2.48,1.19,0.166,0.016,10.667,10.67,24.305,Africa,Africa,False,False,False,False,False,Ghana
Ghana,GHA,2009,Country or economy,Clean,True,6.83,0.68,11.057,76.398,2.48,1.19,0.166,0.016,10.667,10.67,24.305,Africa,Africa,False,False,False,False,False,Ghana
Ghana,GHA,2009,Country or economy,Fossil,True,2.11,-0.06,-2.765,23.602,-2.48,1.23,1.39,-0.038,-2.661,89.342,658.768,Africa,Africa,False,False,False,False,False,Ghana
Ghana,GHA,2009,Country or economy,Total generation,True,8.94,0.62,7.452,100.0,0.0,2.42,1.556,-0.022,-1.394,100.012,174.049,Africa,Africa,False,False,False,False,False,Ghana
Ghana,GHA,2009,Country or economy,Demand,True,8.39,0.33,4.094,93.848,-3.027,,,,,,,Africa,Africa,False,False,False,False,False,Ghana
Ghana,GHA,2010,Country or economy,Solar,False,0.0,0.0,,0.0,0.0,0.0,0.0,0.0,,0.0,,Africa,Africa,False,False,False,False,False,Ghana
Ghana,GHA,2010,Country or economy,Wind,False,0.0,0.0,,0.0,0.0,0.0,0.0,0.0,,0.0,,Africa,Africa,False,False,False,False,False,Ghana
Ghana,GHA,2010,Country or economy,Hydro,False,6.93,0.12,1.762,68.478,-7.696,1.18,0.165,0.003,1.852,7.052,23.81,Africa,Africa,False,False,False,False,False,Ghana
Ghana,GHA,2010,Country or economy,Bioenergy,False,0.02,0.0,0.0,0.198,-0.026,0.01,0.004,0.0,0.0,0.171,200.0,Africa,Africa,False,False,False,False,False,Ghana
Ghana,GHA,2010,Country or economy,Other renewables,False,0.0,0.0,,0.0,0.0,0.0,0.0,0.0,,0.0,,Africa,Africa,False,False,False,False,False,Ghana
Ghana,GHA,2010,Country or economy,Nuclear,False,0.0,0.0,,0.0,0.0,0.0,0.0,0.0,,0.0,,Africa,Africa,False,False,False,False,False,Ghana
Ghana,GHA,2010,Country or economy,Coal,False,0.0,0.0,,0.0,0.0,,0.0,0.0,,0.0,,Africa,Africa,False,False,False,False,False,Ghana
Ghana,GHA,2010,Country or economy,Gas,False,1.3,1.28,6400.0,12.846,12.622,0.52,0.94,0.926,6614.286,40.173,723.077,Africa,Africa,False,False,False,False,False,Ghana
Ghana,GHA,2010,Country or economy,Other fossil,False,1.87,-0.22,-10.526,18.478,-4.9,0.39,1.23,-0.145,-10.545,52.567,657.754,Africa,Africa,False,False,False,False,False,Ghana
Ghana,GHA,2010,Country or economy,Net imports,False,-0.93,-0.38,69.091,-9.19,-3.038,,0.0,0.0,,0.0,0.0,Africa,Africa,False,False,False,False,False,Ghana
Ghana,GHA,2010,Country or economy,Wind and solar,True,0.0,0.0,,0.0,0.0,0.0,0.0,0.0,,0.0,,Africa,Africa,False,False,False,False,False,Ghana
Ghana,GHA,2010,Country or economy,"Hydro, bioenergy and other renewables",True,6.95,0.12,1.757,68.676,-7.722,1.19,0.169,0.003,1.807,7.223,24.317,Africa,Africa,False,False,False,False,False,Ghana
Ghana,GHA,2010,Country or economy,Renewables,True,6.95,0.12,1.757,68.676,-7.722,1.19,0.169,0.003,1.807,7.223,24.317,Africa,Africa,False,False,False,False,False,Ghana
Ghana,GHA,2010,Country or economy,Clean,True,6.95,0.12,1.757,68.676,-7.722,1.19,0.169,0.003,1.807,7.223,24.317,Africa,Africa,False,False,False,False,False,Ghana
Ghana,GHA,2010,Country or economy,Fossil,True,3.17,1.06,50.237,31.324,7.722,0.91,2.171,0.781,56.187,92.783,684.858,Africa,Africa,False,False,False,False,False,Ghana
Ghana,GHA,2010,Country or economy,Total generation,True,10.12,1.18,13.199,100.0,0.0,2.1,2.34,0.784,50.386,100.006,231.225,Africa,Africa,False,False,False,False,False,Ghana
Ghana,GHA,2010,Country or economy,Demand,True,9.19,0.8,9.535,90.81,-3.038,,,,,,,Africa,Africa,False,False,False,False,False,Ghana
Ghana,GHA,2011,Country or economy,Solar,False,0.0,0.0,,0.0,0.0,0.0,0.0,0.0,,0.0,,Africa,Africa,False,False,False,False,False,Ghana
Ghana,GHA,2011,Country or economy,Wind,False,0.0,0.0,,0.0,0.0,0.0,0.0,0.0,,0.0,,Africa,Africa,False,False,False,False,False,Ghana
Ghana,GHA,2011,Country or economy,Hydro,False,7.49,0.56,8.081,66.225,-2.253,1.18,0.178,0.013,7.879,6.198,23.765,Africa,Africa,False,False,False,False,False,Ghana
Ghana,GHA,2011,Country or economy,Bioenergy,False,0.02,0.0,0.0,0.177,-0.021,0.01,0.004,0.0,0.0,0.139,200.0,Africa,Africa,False,False,False,False,False,Ghana
Ghana,GHA,2011,Country or economy,Other renewables,False,0.0,0.0,,0.0,0.0,0.0,0.0,0.0,,0.0,,Africa,Africa,False,False,False,False,False,Ghana
Ghana,GHA,2011,Country or economy,Nuclear,False,0.0,0.0,,0.0,0.0,0.0,0.0,0.0,,0.0,,Africa,Africa,False,False,False,False,False,Ghana
Ghana,GHA,2011,Country or economy,Coal,False,0.0,0.0,,0.0,0.0,,0.0,0.0,,0.0,,Africa,Africa,False,False,False,False,False,Ghana
Ghana,GHA,2011,Country or economy,Gas,False,2.89,1.59,122.308,25.553,12.707,0.72,2.091,1.151,122.447,72.814,723.529,Africa,Africa,False,False,False,False,False,Ghana
Ghana,GHA,2011,Country or economy,Other fossil,False,0.91,-0.96,-51.337,8.046,-10.432,0.13,0.599,-0.631,-51.301,20.859,658.242,Africa,Africa,False,False,False,False,False,Ghana
Ghana,GHA,2011,Country or economy,Net imports,False,-0.61,0.32,-34.409,-5.393,3.797,,0.0,0.0,,0.0,0.0,Africa,Africa,False,False,False,False,False,Ghana
Ghana,GHA,2011,Country or economy,Wind and solar,True,0.0,0.0,,0.0,0.0,0.0,0.0,0.0,,0.0,,Africa,Africa,False,False,False,False,False,Ghana
Ghana,GHA,2011,Country or economy,"Hydro, bioenergy and other renewables",True,7.51,0.56,8.058,66.401,-2.275,1.19,0.182,0.013,7.692,6.338,24.234,Africa,Africa,False,False,False,False,False,Ghana
Ghana,GHA,2011,Country or economy,Renewables,True,7.51,0.56,8.058,66.401,-2.275,1.19,0.182,0.013,7.692,6.338,24.234,Africa,Africa,False,False,False,False,False,Ghana
Ghana,GHA,2011,Country or economy,Clean,True,7.51,0.56,8.058,66.401,-2.275,1.19,0.182,0.013,7.692,6.338,24.234,Africa,Africa,False,False,False,False,False,Ghana
Ghana,GHA,2011,Country or economy,Fossil,True,3.8,0.63,19.874,33.599,2.275,0.85,2.689,0.518,23.86,93.638,707.632,Africa,Africa,False,False,False,False,False,Ghana
Ghana,GHA,2011,Country or economy,Total generation,True,11.31,1.19,11.759,100.0,0.0,2.04,2.872,0.532,22.735,100.011,253.935,Africa,Africa,False,False,False,False,False,Ghana
Ghana,GHA,2011,Country or economy,Demand,True,10.7,1.51,16.431,94.607,3.797,,,,,,,Africa,Africa,False,False,False,False,False,Ghana
Ghana,GHA,2012,Country or economy,Solar,False,0.0,0.0,,0.0,0.0,0.0,0.0,0.0,,0.0,,Africa,Africa,False,False,False,False,False,Ghana
Ghana,GHA,2012,Country or economy,Wind,False,0.0,0.0,,0.0,0.0,0.0,0.0,0.0,,0.0,,Africa,Africa,False,False,False,False,False,Ghana
Ghana,GHA,2012,Country or economy,Hydro,False,7.99,0.5,6.676,65.761,-0.464,1.18,0.19,0.012,6.742,6.226,23.78,Africa,Africa,False,False,False,False,False,Ghana
Ghana,GHA,2012,Country or economy,Bioenergy,False,0.02,0.0,0.0,0.165,-0.012,0.01,0.004,0.0,0.0,0.131,200.0,Africa,Africa,False,False,False,False,False,Ghana
Ghana,GHA,2012,Country or economy,Other renewables,False,0.0,0.0,,0.0,0.0,0.0,0.0,0.0,,0.0,,Africa,Africa,False,False,False,False,False,Ghana
Ghana,GHA,2012,Country or economy,Nuclear,False,0.0,0.0,,0.0,0.0,0.0,0.0,0.0,,0.0,,Africa,Africa,False,False,False,False,False,Ghana
Ghana,GHA,2012,Country or economy,Coal,False,0.0,0.0,,0.0,0.0,,0.0,0.0,,0.0,,Africa,Africa,False,False,False,False,False,Ghana
Ghana,GHA,2012,Country or economy,Gas,False,2.04,-0.85,-29.412,16.79,-8.763,0.83,1.476,-0.615,-29.412,48.366,723.529,Africa,Africa,False,False,False,False,False,Ghana
Ghana,GHA,2012,Country or economy,Other fossil,False,2.1,1.19,130.769,17.284,9.238,0.19,1.382,0.783,130.718,45.286,658.095,Africa,Africa,False,False,False,False,False,Ghana
Ghana,GHA,2012,Country or economy,Net imports,False,-0.54,0.07,-11.475,-4.444,0.949,,0.0,0.0,,0.0,0.0,Africa,Africa,False,False,False,False,False,Ghana
Ghana,GHA,2012,Country or economy,Wind and solar,True,0.0,0.0,,0.0,0.0,0.0,0.0,0.0,,0.0,,Africa,Africa,False,False,False,False,False,Ghana
Ghana,GHA,2012,Country or economy,"Hydro, bioenergy and other renewables",True,8.01,0.5,6.658,65.926,-0.475,1.19,0.194,0.012,6.593,6.357,24.22,Africa,Africa,False,False,False,False,False,Ghana
Ghana,GHA,2012,Country or economy,Renewables,True,8.01,0.5,6.658,65.926,-0.475,1.19,0.194,0.012,6.593,6.357,24.22,Africa,Africa,False,False,False,False,False,Ghana
Ghana,GHA,2012,Country or economy,Clean,True,8.01,0.5,6.658,65.926,-0.475,1.19,0.194,0.012,6.593,6.357,24.22,Africa,Africa,False,False,False,False,False,Ghana
Ghana,GHA,2012,Country or economy,Fossil,True,4.14,0.34,8.947,34.074,0.475,1.02,2.858,0.169,6.285,93.653,690.338,Africa,Africa,False,False,False,False,False,Ghana
Ghana,GHA,2012,Country or economy,Total generation,True,12.15,0.84,7.427,100.0,0.0,2.21,3.052,0.18,6.267,100.01,251.193,Africa,Africa,False,False,False,False,False,Ghana
Ghana,GHA,2012,Country or economy,Demand,True,11.61,0.91,8.505,95.556,0.949,,,,,,,Africa,Africa,False,False,False,False,False,Ghana
Ghana,GHA,2013,Country or economy,Solar,False,0.0,0.0,,0.0,0.0,0.0,0.0,0.0,,0.0,,Africa,Africa,False,False,False,False,False,Ghana
Ghana,GHA,2013,Country or economy,Wind,False,0.0,0.0,,0.0,0.0,0.0,0.0,0.0,,0.0,,Africa,Africa,False,False,False,False,False,Ghana
Ghana,GHA,2013,Country or economy,Hydro,False,8.15,0.16,2.003,62.741,-3.02,1.58,0.194,0.004,2.105,5.597,23.804,Africa,Africa,False,False,False,False,False,Ghana
Ghana,GHA,2013,Country or economy,Bioenergy,False,0.02,0.0,0.0,0.154,-0.011,0.01,0.004,0.0,0.0,0.115,200.0,Africa,Africa,False,False,False,False,False,Ghana
Ghana,GHA,2013,Country or economy,Other renewables,False,0.0,0.0,,0.0,0.0,0.0,0.0,0.0,,0.0,,Africa,Africa,False,False,False,False,False,Ghana
Ghana,GHA,2013,Country or economy,Nuclear,False,0.0,0.0,,0.0,0.0,0.0,0.0,0.0,,0.0,,Africa,Africa,False,False,False,False,False,Ghana
Ghana,GHA,2013,Country or economy,Coal,False,0.0,0.0,,0.0,0.0,,0.0,0.0,,0.0,,Africa,Africa,False,False,False,False,False,Ghana
Ghana,GHA,2013,Country or economy,Gas,False,1.48,-0.56,-27.451,11.393,-5.397,0.96,1.071,-0.405,-27.439,30.897,723.649,Africa,Africa,False,False,False,False,False,Ghana
Ghana,GHA,2013,Country or economy,Other fossil,False,3.34,1.24,59.048,25.712,8.428,0.32,2.198,0.816,59.045,63.41,658.084,Africa,Africa,False,False,False,False,False,Ghana
Ghana,GHA,2013,Country or economy,Net imports,False,-0.5,0.04,-7.407,-3.849,0.595,,0.0,0.0,,0.0,0.0,Africa,Africa,False,False,False,False,False,Ghana
Ghana,GHA,2013,Country or economy,Wind and solar,True,0.0,0.0,,0.0,0.0,0.0,0.0,0.0,,0.0,,Africa,Africa,False,False,False,False,False,Ghana
Ghana,GHA,2013,Country or economy,"Hydro, bioenergy and other renewables",True,8.17,0.16,1.998,62.895,-3.031,1.59,0.198,0.004,2.062,5.712,24.235,Africa,Africa,False,False,False,False,False,Ghana
Ghana,GHA,2013,Country or economy,Renewables,True,8.17,0.16,1.998,62.895,-3.031,1.59,0.198,0.004,2.062,5.712,24.235,Africa,Africa,False,False,False,False,False,Ghana
Ghana,GHA,2013,Country or economy,Clean,True,8.17,0.16,1.998,62.895,-3.031,1.59,0.198,0.004,2.062,5.712,24.235,Africa,Africa,False,False,False,False,False,Ghana
Ghana,GHA,2013,Country or economy,Fossil,True,4.82,0.68,16.425,37.105,3.031,1.28,3.268,0.41,14.346,94.279,678.008,Africa,Africa,False,False,False,False,False,Ghana
Ghana,GHA,2013,Country or economy,Total generation,True,12.99,0.84,6.914,100.0,0.0,2.87,3.466,0.414,13.565,99.991,266.821,Africa,Africa,False,False,False,False,False,Ghana
Ghana,GHA,2013,Country or economy,Demand,True,12.49,0.88,7.58,96.151,0.595,,,,,,,Africa,Africa,False,False,False,False,False,Ghana
Ghana,GHA,2014,Country or economy,Solar,False,0.0,0.0,,0.0,0.0,0.01,0.0,0.0,,0.0,,Africa,Africa,False,False,False,False,False,Ghana
Ghana,GHA,2014,Country or economy,Wind,False,0.0,0.0,,0.0,0.0,0.0,0.0,0.0,,0.0,,Africa,Africa,False,False,False,False,False,Ghana
Ghana,GHA,2014,Country or economy,Hydro,False,8.3,0.15,1.84,63.456,0.715,1.58,0.197,0.003,1.546,5.603,23.735,Africa,Africa,False,False,False,False,False,Ghana
Ghana,GHA,2014,Country or economy,Bioenergy,False,0.02,0.0,0.0,0.153,-0.001,0.01,0.004,0.0,0.0,0.114,200.0,Africa,Africa,False,False,False,False,False,Ghana
Ghana,GHA,2014,Country or economy,Other renewables,False,0.0,0.0,,0.0,0.0,0.0,0.0,0.0,,0.0,,Africa,Africa,False,False,False,False,False,Ghana
Ghana,GHA,2014,Country or economy,Nuclear,False,0.0,0.0,,0.0,0.0,0.0,0.0,0.0,,0.0,,Africa,Africa,False,False,False,False,False,Ghana
Ghana,GHA,2014,Country or economy,Coal,False,0.0,0.0,,0.0,0.0,,0.0,0.0,,0.0,,Africa,Africa,False,False,False,False,False,Ghana
Ghana,GHA,2014,Country or economy,Gas,False,2.79,1.31,88.514,21.33,9.937,1.28,2.018,0.947,88.422,57.393,723.297,Africa,Africa,False,False,False,False,False,Ghana
Ghana,GHA,2014,Country or economy,Other fossil,False,1.97,-1.37,-41.018,15.061,-10.651,0.11,1.296,-0.902,-41.037,36.859,657.868,Africa,Africa,False,False,False,False,False,Ghana
Ghana,GHA,2014,Country or economy,Net imports,False,-0.47,0.03,-6.0,-3.593,0.256,,0.0,0.0,,0.0,0.0,Africa,Africa,False,False,False,False,False,Ghana
Ghana,GHA,2014,Country or economy,Wind and solar,True,0.0,0.0,,0.0,0.0,0.01,0.0,0.0,,0.0,,Africa,Africa,False,False,False,False,False,Ghana
Ghana,GHA,2014,Country or economy,"Hydro, bioenergy and other renewables",True,8.32,0.15,1.836,63.609,0.714,1.59,0.202,0.004,2.02,5.745,24.279,Africa,Africa,False,False,False,False,False,Ghana
Ghana,GHA,2014,Country or economy,Renewables,True,8.32,0.15,1.836,63.609,0.714,1.6,0.202,0.004,2.02,5.745,24.279,Africa,Africa,False,False,False,False,False,Ghana
Ghana,GHA,2014,Country or economy,Clean,True,8.32,0.15,1.836,63.609,0.714,1.6,0.202,0.004,2.02,5.745,24.279,Africa,Africa,False,False,False,False,False,Ghana
Ghana,GHA,2014,Country or economy,Fossil,True,4.76,-0.06,-1.245,36.391,-0.714,1.39,3.315,0.047,1.438,94.281,696.429,Africa,Africa,False,False,False,False,False,Ghana
Ghana,GHA,2014,Country or economy,Total generation,True,13.08,0.09,0.693,100.0,0.0,2.99,3.516,0.05,1.443,99.998,268.807,Africa,Africa,False,False,False,False,False,Ghana
Ghana,GHA,2014,Country or economy,Demand,True,12.61,0.12,0.961,96.407,0.256,,,,,,,Africa,Africa,False,False,False,False,False,Ghana
Ghana,GHA,2015,Country or economy,Solar,False,0.0,0.0,,0.0,0.0,0.03,0.0,0.0,,0.0,,Africa,Africa,False,False,False,False,False,Ghana
Ghana,GHA,2015,Country or economy,Wind,False,0.0,0.0,,0.0,0.0,0.0,0.0,0.0,,0.0,,Africa,Africa,False,False,False,False,False,Ghana
Ghana,GHA,2015,Country or economy,Hydro,False,5.79,-2.51,-30.241,49.742,-13.714,1.58,0.138,-0.059,-29.949,3.212,23.834,Africa,Africa,False,False,False,False,False,Ghana
Ghana,GHA,2015,Country or economy,Bioenergy,False,0.02,0.0,0.0,0.172,0.019,0.01,0.004,0.0,0.0,0.093,200.0,Africa,Africa,False,False,False,False,False,Ghana
Ghana,GHA,2015,Country or economy,Other renewables,False,0.0,0.0,,0.0,0.0,0.0,0.0,0.0,,0.0,,Africa,Africa,False,False,False,False,False,Ghana
Ghana,GHA,2015,Country or economy,Nuclear,False,0.0,0.0,,0.0,0.0,0.0,0.0,0.0,,0.0,,Africa,Africa,False,False,False,False,False,Ghana
Ghana,GHA,2015,Country or economy,Coal,False,0.0,0.0,,0.0,0.0,,0.0,0.0,,0.0,,Africa,Africa,False,False,False,False,False,Ghana
Ghana,GHA,2015,Country or economy,Gas,False,4.86,2.07,74.194,41.753,20.423,1.28,3.516,1.498,74.232,81.846,723.457,Africa,Africa,False,False,False,False,False,Ghana
Ghana,GHA,2015,Country or economy,Other fossil,False,0.97,-1.0,-50.761,8.333,-6.728,0.37,0.638,-0.658,-50.772,14.851,657.732,Africa,Africa,False,False,False,False,False,Ghana
Ghana,GHA,2015,Country or economy,Net imports,False,-0.36,0.11,-23.404,-3.093,0.5,,0.0,0.0,,0.0,0.0,Africa,Africa,False,False,False,False,False,Ghana
Ghana,GHA,2015,Country or economy,Wind and solar,True,0.0,0.0,,0.0,0.0,0.03,0.0,0.0,,0.0,,Africa,Africa,False,False,False,False,False,Ghana
Ghana,GHA,2015,Country or economy,"Hydro, bioenergy and other renewables",True,5.81,-2.51,-30.168,49.914,-13.695,1.59,0.142,-0.06,-29.703,3.305,24.441,Africa,Africa,False,False,False,False,False,Ghana
Ghana,GHA,2015,Country or economy,Renewables,True,5.81,-2.51,-30.168,49.914,-13.695,1.62,0.142,-0.06,-29.703,3.305,24.441,Africa,Africa,False,False,False,False,False,Ghana
Ghana,GHA,2015,Country or economy,Clean,True,5.81,-2.51,-30.168,49.914,-13.695,1.62,0.142,-0.06,-29.703,3.305,24.441,Africa,Africa,False,False,False,False,False,Ghana
Ghana,GHA,2015,Country or economy,Fossil,True,5.83,1.07,22.479,50.086,13.695,1.65,4.154,0.839,25.309,96.697,712.521,Africa,Africa,False,False,False,False,False,Ghana
Ghana,GHA,2015,Country or economy,Total generation,True,11.64,-1.44,-11.009,100.0,0.0,3.27,4.296,0.78,22.184,100.003,369.072,Africa,Africa,False,False,False,False,False,Ghana
Ghana,GHA,2015,Country or economy,Demand,True,11.28,-1.33,-10.547,96.907,0.5,,,,,,,Africa,Africa,False,False,False,False,False,Ghana
Ghana,GHA,2016,Country or economy,Solar,False,0.03,0.03,,0.228,0.228,0.04,0.001,0.001,,0.018,33.333,Africa,Africa,False,False,False,False,False,Ghana
Ghana,GHA,2016,Country or economy,Wind,False,0.0,0.0,,0.0,0.0,0.0,0.0,0.0,,0.0,,Africa,Africa,False,False,False,False,False,Ghana
Ghana,GHA,2016,Country or economy,Hydro,False,5.51,-0.28,-4.836,41.838,-7.904,1.58,0.131,-0.007,-5.072,2.423,23.775,Africa,Africa,False,False,False,False,False,Ghana
Ghana,GHA,2016,Country or economy,Bioenergy,False,0.02,0.0,0.0,0.152,-0.02,0.01,0.004,0.0,0.0,0.074,200.0,Africa,Africa,False,False,False,False,False,Ghana
Ghana,GHA,2016,Country or economy,Other renewables,False,0.0,0.0,,0.0,0.0,0.0,0.0,0.0,,0.0,,Africa,Africa,False,False,False,False,False,Ghana
Ghana,GHA,2016,Country or economy,Nuclear,False,0.0,0.0,,0.0,0.0,0.0,0.0,0.0,,0.0,,Africa,Africa,False,False,False,False,False,Ghana
Ghana,GHA,2016,Country or economy,Coal,False,0.0,0.0,,0.0,0.0,,0.0,0.0,,0.0,,Africa,Africa,False,False,False,False,False,Ghana
Ghana,GHA,2016,Country or economy,Gas,False,4.0,-0.86,-17.695,30.372,-11.381,1.5,2.894,-0.622,-17.691,53.537,723.5,Africa,Africa,False,False,False,False,False,Ghana
Ghana,GHA,2016,Country or economy,Other fossil,False,3.61,2.64,272.165,27.411,19.078,0.76,2.375,1.737,272.257,43.935,657.895,Africa,Africa,False,False,False,False,False,Ghana
Ghana,GHA,2016,Country or economy,Net imports,False,0.56,0.92,-255.556,4.252,7.345,,0.0,0.0,,0.0,0.0,Africa,Africa,False,False,False,False,False,Ghana
Ghana,GHA,2016,Country or economy,Wind and solar,True,0.03,0.03,,0.228,0.228,0.04,0.001,0.001,,0.018,33.333,Africa,Africa,False,False,False,False,False,Ghana
Ghana,GHA,2016,Country or economy,"Hydro, bioenergy and other renewables",True,5.53,-0.28,-4.819,41.989,-7.925,1.59,0.135,-0.007,-4.93,2.497,24.412,Africa,Africa,False,False,False,False,False,Ghana
Ghana,GHA,2016,Country or economy,Renewables,True,5.56,-0.25,-4.303,42.217,-7.697,1.63,0.137,-0.005,-3.521,2.534,24.64,Africa,Africa,False,False,False,False,False,Ghana
Ghana,GHA,2016,Country or economy,Clean,True,5.56,-0.25,-4.303,42.217,-7.697,1.63,0.137,-0.005,-3.521,2.534,24.64,Africa,Africa,False,False,False,False,False,Ghana
Ghana,GHA,2016,Country or economy,Fossil,True,7.61,1.78,30.532,57.783,7.697,2.26,5.269,1.115,26.842,97.472,692.378,Africa,Africa,False,False,False,False,False,Ghana
Ghana,GHA,2016,Country or economy,Total generation,True,13.17,1.53,13.144,100.0,0.0,3.89,5.406,1.11,25.838,100.006,410.478,Africa,Africa,False,False,False,False,False,Ghana
Ghana,GHA,2016,Country or economy,Demand,True,13.73,2.45,21.72,104.252,7.345,,,,,,,Africa,Africa,False,False,False,False,False,Ghana
Ghana,GHA,2017,Country or economy,Solar,False,0.03,0.0,0.0,0.226,-0.002,0.04,0.001,0.0,0.0,0.018,33.333,Africa,Africa,False,False,False,False,False,Ghana
Ghana,GHA,2017,Country or economy,Wind,False,0.0,0.0,,0.0,0.0,0.0,0.0,0.0,,0.0,,Africa,Africa,False,False,False,False,False,Ghana
Ghana,GHA,2017,Country or economy,Hydro,False,5.62,0.11,1.996,42.256,0.418,1.58,0.134,0.003,2.29,2.472,23.843,Africa,Africa,False,False,False,False,False,Ghana
Ghana,GHA,2017,Country or economy,Bioenergy,False,0.02,0.0,0.0,0.15,-0.002,0.01,0.004,0.0,0.0,0.074,200.0,Africa,Africa,False,False,False,False,False,Ghana
Ghana,GHA,2017,Country or economy,Other renewables,False,0.0,0.0,,0.0,0.0,0.0,0.0,0.0,,0.0,,Africa,Africa,False,False,False,False,False,Ghana
Ghana,GHA,2017,Country or economy,Nuclear,False,0.0,0.0,,0.0,0.0,0.0,0.0,0.0,,0.0,,Africa,Africa,False,False,False,False,False,Ghana
Ghana,GHA,2017,Country or economy,Coal,False,0.0,0.0,,0.0,0.0,,0.0,0.0,,0.0,,Africa,Africa,False,False,False,False,False,Ghana
Ghana,GHA,2017,Country or economy,Gas,False,3.99,-0.01,-0.25,30.0,-0.372,2.31,2.886,-0.008,-0.276,53.24,723.308,Africa,Africa,False,False,False,False,False,Ghana
Ghana,GHA,2017,Country or economy,Other fossil,False,3.64,0.03,0.831,27.368,-0.043,0.96,2.395,0.02,0.842,44.182,657.967,Africa,Africa,False,False,False,False,False,Ghana
Ghana,GHA,2017,Country or economy,Net imports,False,0.05,-0.51,-91.071,0.376,-3.876,,0.0,0.0,,0.0,0.0,Africa,Africa,False,False,False,False,False,Ghana
Ghana,GHA,2017,Country or economy,Wind and solar,True,0.03,0.0,0.0,0.226,-0.002,0.04,0.001,0.0,0.0,0.018,33.333,Africa,Africa,False,False,False,False,False,Ghana
Ghana,GHA,2017,Country or economy,"Hydro, bioenergy and other renewables",True,5.64,0.11,1.989,42.406,0.417,1.59,0.138,0.003,2.222,2.546,24.468,Africa,Africa,False,False,False,False,False,Ghana
Ghana,GHA,2017,Country or economy,Renewables,True,5.67,0.11,1.978,42.632,0.415,1.63,0.139,0.002,1.46,2.564,24.515,Africa,Africa,False,False,False,False,False,Ghana
Ghana,GHA,2017,Country or economy,Clean,True,5.67,0.11,1.978,42.632,0.415,1.63,0.139,0.002,1.46,2.564,24.515,Africa,Africa,False,False,False,False,False,Ghana
Ghana,GHA,2017,Country or economy,Fossil,True,7.63,0.02,0.263,57.368,-0.415,3.27,5.281,0.012,0.228,97.421,692.136,Africa,Africa,False,False,False,False,False,Ghana
Ghana,GHA,2017,Country or economy,Total generation,True,13.3,0.13,0.987,100.0,0.0,4.9,5.421,0.015,0.277,100.004,407.594,Africa,Africa,False,False,False,False,False,Ghana
Ghana,GHA,2017,Country or economy,Demand,True,13.35,-0.38,-2.768,100.376,-3.876,,,,,,,Africa,Africa,False,False,False,False,False,Ghana
Ghana,GHA,2018,Country or economy,Solar,False,0.03,0.0,0.0,0.201,-0.025,0.07,0.001,0.0,0.0,0.016,33.333,Africa,Africa,False,False,False,False,False,Ghana
Ghana,GHA,2018,Country or economy,Wind,False,0.0,0.0,,0.0,0.0,0.0,0.0,0.0,,0.0,,Africa,Africa,False,False,False,False,False,Ghana
Ghana,GHA,2018,Country or economy,Hydro,False,6.02,0.4,7.117,40.376,-1.88,1.58,0.143,0.009,6.716,2.27,23.754,Africa,Africa,False,False,False,False,False,Ghana
Ghana,GHA,2018,Country or economy,Bioenergy,False,0.02,0.0,0.0,0.134,-0.016,0.01,0.004,0.0,0.0,0.063,200.0,Africa,Africa,False,False,False,False,False,Ghana
Ghana,GHA,2018,Country or economy,Other renewables,False,0.0,0.0,,0.0,0.0,0.0,0.0,0.0,,0.0,,Africa,Africa,False,False,False,False,False,Ghana
Ghana,GHA,2018,Country or economy,Nuclear,False,0.0,0.0,,0.0,0.0,0.0,0.0,0.0,,0.0,,Africa,Africa,False,False,False,False,False,Ghana
Ghana,GHA,2018,Country or economy,Coal,False,0.0,0.0,,0.0,0.0,,0.0,0.0,,0.0,,Africa,Africa,False,False,False,False,False,Ghana
Ghana,GHA,2018,Country or economy,Gas,False,5.12,1.13,28.321,34.339,4.339,2.31,3.704,0.818,28.344,58.79,723.438,Africa,Africa,False,False,False,False,False,Ghana
Ghana,GHA,2018,Country or economy,Other fossil,False,3.72,0.08,2.198,24.95,-2.418,0.98,2.448,0.053,2.213,38.855,658.065,Africa,Africa,False,False,False,False,False,Ghana
Ghana,GHA,2018,Country or economy,Net imports,False,-0.6,-0.65,-1300.0,-4.024,-4.4,,0.0,0.0,,0.0,0.0,Africa,Africa,False,False,False,False,False,Ghana
Ghana,GHA,2018,Country or economy,Wind and solar,True,0.03,0.0,0.0,0.201,-0.025,0.07,0.001,0.0,0.0,0.016,33.333,Africa,Africa,False,False,False,False,False,Ghana
Ghana,GHA,2018,Country or economy,"Hydro, bioenergy and other renewables",True,6.04,0.4,7.092,40.51,-1.896,1.59,0.147,0.009,6.522,2.333,24.338,Africa,Africa,False,False,False,False,False,Ghana
Ghana,GHA,2018,Country or economy,Renewables,True,6.07,0.4,7.055,40.711,-1.921,1.66,0.149,0.01,7.194,2.365,24.547,Africa,Africa,False,False,False,False,False,Ghana
Ghana,GHA,2018,Country or economy,Clean,True,6.07,0.4,7.055,40.711,-1.921,1.66,0.149,0.01,7.194,2.365,24.547,Africa,Africa,False,False,False,False,False,Ghana
Ghana,GHA,2018,Country or economy,Fossil,True,8.84,1.21,15.858,59.289,1.921,3.29,6.152,0.871,16.493,97.645,695.928,Africa,Africa,False,False,False,False,False,Ghana
Ghana,GHA,2018,Country or economy,Total generation,True,14.91,1.61,12.105,100.0,0.0,4.95,6.3,0.879,16.215,99.994,422.535,Africa,Africa,False,False,False,False,False,Ghana
Ghana,GHA,2018,Country or economy,Demand,True,14.31,0.96,7.191,95.976,-4.4,,,,,,,Africa,Africa,False,False,False,False,False,Ghana
Ghana,GHA,2019,Country or economy,Solar,False,0.05,0.02,66.667,0.289,0.088,0.08,0.002,0.001,100.0,0.028,40.0,Africa,Africa,False,False,False,False,False,Ghana
Ghana,GHA,2019,Country or economy,Wind,False,0.0,0.0,,0.0,0.0,0.0,0.0,0.0,,0.0,,Africa,Africa,False,False,False,False,False,Ghana
Ghana,GHA,2019,Country or economy,Hydro,False,7.25,1.23,20.432,41.908,1.532,1.58,0.172,0.029,20.28,2.384,23.724,Africa,Africa,False,False,False,False,False,Ghana
Ghana,GHA,2019,Country or economy,Bioenergy,False,0.02,0.0,0.0,0.116,-0.018,0.01,0.004,0.0,0.0,0.055,200.0,Africa,Africa,False,False,False,False,False,Ghana
Ghana,GHA,2019,Country or economy,Other renewables,False,0.0,0.0,,0.0,0.0,0.0,0.0,0.0,,0.0,,Africa,Africa,False,False,False,False,False,Ghana
Ghana,GHA,2019,Country or economy,Nuclear,False,0.0,0.0,,0.0,0.0,0.0,0.0,0.0,,0.0,,Africa,Africa,False,False,False,False,False,Ghana
Ghana,GHA,2019,Country or economy,Coal,False,0.0,0.0,,0.0,0.0,,0.0,0.0,,0.0,,Africa,Africa,False,False,False,False,False,Ghana
Ghana,GHA,2019,Country or economy,Gas,False,7.19,2.07,40.43,41.561,7.222,2.86,5.201,1.497,40.416,72.076,723.366,Africa,Africa,False,False,False,False,False,Ghana
Ghana,GHA,2019,Country or economy,Other fossil,False,2.79,-0.93,-25.0,16.127,-8.823,0.88,1.836,-0.612,-25.0,25.443,658.065,Africa,Africa,False,False,False,False,False,Ghana
Ghana,GHA,2019,Country or economy,Net imports,False,-1.3,-0.7,116.667,-7.514,-3.49,,0.0,0.0,,0.0,0.0,Africa,Africa,False,False,False,False,False,Ghana
Ghana,GHA,2019,Country or economy,Wind and solar,True,0.05,0.02,66.667,0.289,0.088,0.08,0.002,0.001,100.0,0.028,40.0,Africa,Africa,False,False,False,False,False,Ghana
Ghana,GHA,2019,Country or economy,"Hydro, bioenergy and other renewables",True,7.27,1.23,20.364,42.023,1.513,1.59,0.177,0.03,20.408,2.453,24.347,Africa,Africa,False,False,False,False,False,Ghana
Ghana,GHA,2019,Country or economy,Renewables,True,7.32,1.25,20.593,42.312,1.601,1.6700000000000002,0.179,0.03,20.134,2.481,24.454,Africa,Africa,False,False,False,False,False,Ghana
Ghana,GHA,2019,Country or economy,Clean,True,7.32,1.25,20.593,42.312,1.601,1.6700000000000002,0.179,0.03,20.134,2.481,24.454,Africa,Africa,False,False,False,False,False,Ghana
Ghana,GHA,2019,Country or economy,Fossil,True,9.98,1.14,12.896,57.688,-1.601,3.74,7.037,0.885,14.386,97.519,705.11,Africa,Africa,False,False,False,False,False,Ghana
Ghana,GHA,2019,Country or economy,Total generation,True,17.3,2.39,16.03,100.0,0.0,5.409999999999999,7.216,0.916,14.54,99.999,417.11,Africa,Africa,False,False,False,False,False,Ghana
Ghana,GHA,2019,Country or economy,Demand,True,16.0,1.69,11.81,92.486,-3.49,,,,,,,Africa,Africa,False,False,False,False,False,Ghana
Ghana,GHA,2020,Country or economy,Solar,False,0.06,0.01,20.0,0.304,0.015,0.11,0.003,0.001,50.0,0.033,50.0,Africa,Africa,False,False,False,False,False,Ghana
Ghana,GHA,2020,Country or economy,Wind,False,0.0,0.0,,0.0,0.0,0.0,0.0,0.0,,0.0,,Africa,Africa,False,False,False,False,False,Ghana
Ghana,GHA,2020,Country or economy,Hydro,False,7.29,0.04,0.552,36.949,-4.959,1.58,0.173,0.001,0.581,1.907,23.731,Africa,Africa,False,False,False,False,False,Ghana
Ghana,GHA,2020,Country or economy,Bioenergy,False,0.02,0.0,0.0,0.101,-0.015,0.01,0.004,0.0,0.0,0.044,200.0,Africa,Africa,False,False,False,False,False,Ghana
Ghana,GHA,2020,Country or economy,Other renewables,False,0.0,0.0,,0.0,0.0,0.0,0.0,0.0,,0.0,,Africa,Africa,False,False,False,False,False,Ghana
Ghana,GHA,2020,Country or economy,Nuclear,False,0.0,0.0,,0.0,0.0,0.0,0.0,0.0,,0.0,,Africa,Africa,False,False,False,False,False,Ghana
Ghana,GHA,2020,Country or economy,Coal,False,0.0,0.0,,0.0,0.0,,0.0,0.0,,0.0,,Africa,Africa,False,False,False,False,False,Ghana
Ghana,GHA,2020,Country or economy,Gas,False,11.59,4.4,61.196,58.743,17.182,2.86,8.384,3.183,61.2,92.424,723.382,Africa,Africa,False,False,False,False,False,Ghana
Ghana,GHA,2020,Country or economy,Other fossil,False,0.77,-2.02,-72.401,3.903,-12.224,0.41,0.507,-1.329,-72.386,5.589,658.442,Africa,Africa,False,False,False,False,False,Ghana
Ghana,GHA,2020,Country or economy,Net imports,False,-1.74,-0.44,33.846,-8.819,-1.305,,0.0,0.0,,0.0,0.0,Africa,Africa,False,False,False,False,False,Ghana
Ghana,GHA,2020,Country or economy,Wind and solar,True,0.06,0.01,20.0,0.304,0.015,0.11,0.003,0.001,50.0,0.033,50.0,Africa,Africa,False,False,False,False,False,Ghana
Ghana,GHA,2020,Country or economy,"Hydro, bioenergy and other renewables",True,7.31,0.04,0.55,37.05,-4.973,1.59,0.178,0.001,0.565,1.962,24.35,Africa,Africa,False,False,False,False,False,Ghana
Ghana,GHA,2020,Country or economy,Renewables,True,7.37,0.05,0.683,37.354,-4.958,1.7000000000000002,0.18,0.001,0.559,1.984,24.423,Africa,Africa,False,False,False,False,False,Ghana
Ghana,GHA,2020,Country or economy,Clean,True,7.37,0.05,0.683,37.354,-4.958,1.7000000000000002,0.18,0.001,0.559,1.984,24.423,Africa,Africa,False,False,False,False,False,Ghana
Ghana,GHA,2020,Country or economy,Fossil,True,12.36,2.38,23.848,62.646,4.958,3.27,8.891,1.854,26.346,98.013,719.337,Africa,Africa,False,False,False,False,False,Ghana
Ghana,GHA,2020,Country or economy,Total generation,True,19.73,2.43,14.046,100.0,0.0,4.97,9.071,1.855,25.707,99.997,459.757,Africa,Africa,False,False,False,False,False,Ghana
Ghana,GHA,2020,Country or economy,Demand,True,17.99,1.99,12.437,91.181,-1.305,,,,,,,Africa,Africa,False,False,False,False,False,Ghana
Ghana,GHA,2021,Country or economy,Solar,False,0.13,0.07,116.667,0.589,0.285,0.16,0.006,0.003,100.0,0.057,46.154,Africa,Africa,False,False,False,False,False,Ghana
Ghana,GHA,2021,Country or economy,Wind,False,0.0,0.0,,0.0,0.0,0.0,0.0,0.0,,0.0,,Africa,Africa,False,False,False,False,False,Ghana
Ghana,GHA,2021,Country or economy,Hydro,False,7.53,0.24,3.292,34.103,-2.846,1.58,0.179,0.006,3.468,1.694,23.772,Africa,Africa,False,False,False,False,False,Ghana
Ghana,GHA,2021,Country or economy,Bioenergy,False,0.02,0.0,0.0,0.091,-0.01,0.01,0.004,0.0,0.0,0.038,200.0,Africa,Africa,False,False,False,False,False,Ghana
Ghana,GHA,2021,Country or economy,Other renewables,False,0.0,0.0,,0.0,0.0,0.0,0.0,0.0,,0.0,,Africa,Africa,False,False,False,False,False,Ghana
Ghana,GHA,2021,Country or economy,Nuclear,False,0.0,0.0,,0.0,0.0,0.0,0.0,0.0,,0.0,,Africa,Africa,False,False,False,False,False,Ghana
Ghana,GHA,2021,Country or economy,Coal,False,0.0,0.0,,0.0,0.0,,0.0,0.0,,0.0,,Africa,Africa,False,False,False,False,False,Ghana
Ghana,GHA,2021,Country or economy,Gas,False,13.8,2.21,19.068,62.5,3.757,3.06,9.983,1.599,19.072,94.472,723.406,Africa,Africa,False,False,False,False,False,Ghana
Ghana,GHA,2021,Country or economy,Other fossil,False,0.6,-0.17,-22.078,2.717,-1.186,0.41,0.395,-0.112,-22.091,3.738,658.333,Africa,Africa,False,False,False,False,False,Ghana
Ghana,GHA,2021,Country or economy,Net imports,False,-1.69,0.05,-2.874,-7.654,1.165,,0.0,0.0,,0.0,0.0,Africa,Africa,False,False,False,False,False,Ghana
Ghana,GHA,2021,Country or economy,Wind and solar,True,0.13,0.07,116.667,0.589,0.285,0.16,0.006,0.003,100.0,0.057,46.154,Africa,Africa,False,False,False,False,False,Ghana
Ghana,GHA,2021,Country or economy,"Hydro, bioenergy and other renewables",True,7.55,0.24,3.283,34.194,-2.856,1.59,0.183,0.005,2.809,1.732,24.238,Africa,Africa,False,False,False,False,False,Ghana
Ghana,GHA,2021,Country or economy,Renewables,True,7.68,0.31,4.206,34.783,-2.571,1.75,0.189,0.009,5.0,1.789,24.609,Africa,Africa,False,False,False,False,False,Ghana
Ghana,GHA,2021,Country or economy,Clean,True,7.68,0.31,4.206,34.783,-2.571,1.75,0.189,0.009,5.0,1.789,24.609,Africa,Africa,False,False,False,False,False,Ghana
Ghana,GHA,2021,Country or economy,Fossil,True,14.4,2.04,16.505,65.217,2.571,3.47,10.378,1.487,16.725,98.21,720.694,Africa,Africa,False,False,False,False,False,Ghana
Ghana,GHA,2021,Country or economy,Total generation,True,22.08,2.35,11.911,100.0,0.0,5.220000000000001,10.567,1.496,16.492,99.998,478.578,Africa,Africa,False,False,False,False,False,Ghana
Ghana,GHA,2021,Country or economy,Demand,True,20.39,2.4,13.341,92.346,1.165,,,,,,,Africa,Africa,False,False,False,False,False,Ghana
Ghana,GHA,2022,Country or economy,Solar,False,0.16,0.03,23.077,0.689,0.1,0.17,0.008,0.002,33.333,0.073,50.0,Africa,Africa,False,False,False,False,False,Ghana
Ghana,GHA,2022,Country or economy,Wind,False,0.0,0.0,,0.0,0.0,0.0,0.0,0.0,,0.0,,Africa,Africa,False,False,False,False,False,Ghana
Ghana,GHA,2022,Country or economy,Hydro,False,8.19,0.66,8.765,35.271,1.168,1.58,0.195,0.016,8.939,1.788,23.81,Africa,Africa,False,False,False,False,False,Ghana
Ghana,GHA,2022,Country or economy,Bioenergy,False,0.02,0.0,0.0,0.086,-0.005,0.01,0.004,0.0,0.0,0.037,200.0,Africa,Africa,False,False,False,False,False,Ghana
Ghana,GHA,2022,Country or economy,Other renewables,False,0.0,0.0,,0.0,0.0,0.0,0.0,0.0,,0.0,,Africa,Africa,False,False,False,False,False,Ghana
Ghana,GHA,2022,Country or economy,Nuclear,False,0.0,0.0,,0.0,0.0,0.0,0.0,0.0,,0.0,,Africa,Africa,False,False,False,False,False,Ghana
Ghana,GHA,2022,Country or economy,Coal,False,0.0,0.0,,0.0,0.0,,0.0,0.0,,0.0,,Africa,Africa,False,False,False,False,False,Ghana
Ghana,GHA,2022,Country or economy,Gas,False,14.23,0.43,3.116,61.283,-1.217,3.06,10.294,0.311,3.115,94.367,723.401,Africa,Africa,False,False,False,False,False,Ghana
Ghana,GHA,2022,Country or economy,Other fossil,False,0.62,0.02,3.333,2.67,-0.047,0.37,0.408,0.013,3.291,3.74,658.065,Africa,Africa,False,False,False,False,False,Ghana
Ghana,GHA,2022,Country or economy,Net imports,False,-2.17,-0.48,28.402,-9.345,-1.691,,0.0,0.0,,0.0,0.0,Africa,Africa,False,False,False,False,False,Ghana
Ghana,GHA,2022,Country or economy,Wind and solar,True,0.16,0.03,23.077,0.689,0.1,0.17,0.008,0.002,33.333,0.073,50.0,Africa,Africa,False,False,False,False,False,Ghana
Ghana,GHA,2022,Country or economy,"Hydro, bioenergy and other renewables",True,8.21,0.66,8.742,35.357,1.163,1.59,0.199,0.016,8.743,1.824,24.239,Africa,Africa,False,False,False,False,False,Ghana
Ghana,GHA,2022,Country or economy,Renewables,True,8.37,0.69,8.984,36.047,1.264,1.76,0.207,0.018,9.524,1.898,24.731,Africa,Africa,False,False,False,False,False,Ghana
Ghana,GHA,2022,Country or economy,Clean,True,8.37,0.69,8.984,36.047,1.264,1.76,0.207,0.018,9.524,1.898,24.731,Africa,Africa,False,False,False,False,False,Ghana
Ghana,GHA,2022,Country or economy,Fossil,True,14.85,0.45,3.125,63.953,-1.264,3.43,10.702,0.324,3.122,98.107,720.673,Africa,Africa,False,False,False,False,False,Ghana
Ghana,GHA,2022,Country or economy,Total generation,True,23.22,1.14,5.163,100.0,0.0,5.19,10.908,0.341,3.227,99.995,469.767,Africa,Africa,False,False,False,False,False,Ghana
Ghana,GHA,2022,Country or economy,Demand,True,21.05,0.66,3.237,90.655,-1.691,,,,,,,Africa,Africa,False,False,False,False,False,Ghana
Ghana,GHA,2023,Country or economy,Solar,False,0.15,-0.01,-6.25,0.617,-0.072,0.19,0.007,-0.001,-12.5,0.064,46.667,Africa,Africa,False,False,False,False,False,Ghana
Ghana,GHA,2023,Country or economy,Wind,False,0.0,0.0,,0.0,0.0,0.0,0.0,0.0,,0.0,,Africa,Africa,False,False,False,False,False,Ghana
Ghana,GHA,2023,Country or economy,Hydro,False,9.19,1.0,12.21,37.819,2.548,1.58,0.218,0.023,11.795,1.982,23.721,Africa,Africa,False,False,False,False,False,Ghana
Ghana,GHA,2023,Country or economy,Bioenergy,False,0.02,0.0,0.0,0.082,-0.004,0.01,0.004,0.0,0.0,0.036,200.0,Africa,Africa,False,False,False,False,False,Ghana
Ghana,GHA,2023,Country or economy,Other renewables,False,0.0,0.0,,0.0,0.0,0.0,0.0,0.0,,0.0,,Africa,Africa,False,False,False,False,False,Ghana
Ghana,GHA,2023,Country or economy,Nuclear,False,0.0,0.0,,0.0,0.0,0.0,0.0,0.0,,0.0,,Africa,Africa,False,False,False,False,False,Ghana
Ghana,GHA,2023,Country or economy,Coal,False,0.0,0.0,,0.0,0.0,,0.0,0.0,,0.0,,Africa,Africa,False,False,False,False,False,Ghana
Ghana,GHA,2023,Country or economy,Gas,False,14.39,0.16,1.124,59.218,-2.065,3.06,10.41,0.116,1.127,94.624,723.419,Africa,Africa,False,False,False,False,False,Ghana
Ghana,GHA,2023,Country or economy,Other fossil,False,0.55,-0.07,-11.29,2.263,-0.407,0.37,0.362,-0.046,-11.275,3.29,658.182,Africa,Africa,False,False,False,False,False,Ghana
Ghana,GHA,2023,Country or economy,Net imports,False,-2.45,-0.28,12.903,-10.082,-0.737,,0.0,0.0,,0.0,0.0,Africa,Africa,False,False,False,False,False,Ghana
Ghana,GHA,2023,Country or economy,Wind and solar,True,0.15,-0.01,-6.25,0.617,-0.072,0.19,0.007,-0.001,-12.5,0.064,46.667,Africa,Africa,False,False,False,False,False,Ghana
Ghana,GHA,2023,Country or economy,"Hydro, bioenergy and other renewables",True,9.21,1.0,12.18,37.901,2.544,1.59,0.223,0.024,12.06,2.027,24.213,Africa,Africa,False,False,False,False,False,Ghana
Ghana,GHA,2023,Country or economy,Renewables,True,9.36,0.99,11.828,38.519,2.472,1.78,0.23,0.023,11.111,2.091,24.573,Africa,Africa,False,False,False,False,False,Ghana
Ghana,GHA,2023,Country or economy,Clean,True,9.36,0.99,11.828,38.519,2.472,1.78,0.23,0.023,11.111,2.091,24.573,Africa,Africa,False,False,False,False,False,Ghana
Ghana,GHA,2023,Country or economy,Fossil,True,14.94,0.09,0.606,61.481,-2.472,3.43,10.772,0.07,0.654,97.914,721.017,Africa,Africa,False,False,False,False,False,Ghana
Ghana,GHA,2023,Country or economy,Total generation,True,24.3,1.08,4.651,100.0,0.0,5.210000000000001,11.001,0.093,0.853,99.996,452.716,Africa,Africa,False,False,False,False,False,Ghana
Ghana,GHA,2023,Country or economy,Demand,True,21.85,0.8,3.8,89.918,-0.737,,,,,,,Africa,Africa,False,False,False,False,False,Ghana
Ghana,GHA,2024,Country or economy,Solar,False,0.17,0.02,13.333,0.7,0.083,0.19,0.008,0.001,14.286,0.07,47.059,Africa,Africa,False,False,False,False,False,Ghana
Ghana,GHA,2024,Country or economy,Wind,False,0.0,0.0,,0.0,0.0,0.0,0.0,0.0,,0.0,,Africa,Africa,False,False,False,False,False,Ghana
Ghana,GHA,2024,Country or economy,Hydro,False,8.6,-0.59,-6.42,35.435,-2.384,1.58,0.204,-0.014,-6.422,1.793,23.721,Africa,Africa,False,False,False,False,False,Ghana
Ghana,GHA,2024,Country or economy,Bioenergy,False,0.02,0.0,0.0,0.082,0.0,0.01,0.004,0.0,0.0,0.035,200.0,Africa,Africa,False,False,False,False,False,Ghana
Ghana,GHA,2024,Country or economy,Other renewables,False,0.0,0.0,,0.0,0.0,0.0,0.0,0.0,,0.0,,Africa,Africa,False,False,False,False,False,Ghana
Ghana,GHA,2024,Country or economy,Nuclear,False,0.0,0.0,,0.0,0.0,0.0,0.0,0.0,,0.0,,Africa,Africa,False,False,False,False,False,Ghana
Ghana,GHA,2024,Country or economy,Coal,False,0.0,0.0,,0.0,0.0,,0.0,0.0,,0.0,,Africa,Africa,False,False,False,False,False,Ghana
Ghana,GHA,2024,Country or economy,Gas,False,14.91,0.52,3.614,61.434,2.216,3.06,10.786,0.376,3.612,94.799,723.407,Africa,Africa,False,False,False,False,False,Ghana
Ghana,GHA,2024,Country or economy,Other fossil,False,0.57,0.02,3.636,2.349,0.086,0.37,0.375,0.013,3.591,3.296,657.895,Africa,Africa,False,False,False,False,False,Ghana
Ghana,GHA,2024,Country or economy,Net imports,False,-2.44,0.01,-0.408,-10.054,0.028,,0.0,0.0,,0.0,0.0,Africa,Africa,False,False,False,False,False,Ghana
Ghana,GHA,2024,Country or economy,Wind and solar,True,0.17,0.02,13.333,0.7,0.083,0.19,0.008,0.001,14.286,0.07,47.059,Africa,Africa,False,False,False,False,False,Ghana
Ghana,GHA,2024,Country or economy,"Hydro, bioenergy and other renewables",True,8.62,-0.59,-6.406,35.517,-2.384,1.59,0.209,-0.014,-6.278,1.837,24.246,Africa,Africa,False,False,False,False,False,Ghana
Ghana,GHA,2024,Country or economy,Renewables,True,8.79,-0.57,-6.09,36.218,-2.301,1.78,0.217,-0.013,-5.652,1.907,24.687,Africa,Africa,False,False,False,False,False,Ghana
Ghana,GHA,2024,Country or economy,Clean,True,8.79,-0.57,-6.09,36.218,-2.301,1.78,0.217,-0.013,-5.652,1.907,24.687,Africa,Africa,False,False,False,False,False,Ghana
Ghana,GHA,2024,Country or economy,Fossil,True,15.48,0.54,3.614,63.782,2.301,3.43,11.161,0.389,3.611,98.095,720.995,Africa,Africa,False,False,False,False,False,Ghana
Ghana,GHA,2024,Country or economy,Total generation,True,24.27,-0.03,-0.123,100.0,0.0,5.210000000000001,11.378,0.377,3.427,100.002,468.809,Africa,Africa,False,False,False,False,False,Ghana
Ghana,GHA,2024,Country or economy,Demand,True,21.83,-0.02,-0.092,89.946,0.028,,,,,,,Africa,Africa,False,False,False,False,False,Ghana
Kenya,KEN,2000,Country or economy,Solar,False,0.0,,,0.0,,0.0,0.0,,,0.0,,Africa,Africa,False,False,False,False,False,Kenya
Kenya,KEN,2000,Country or economy,Wind,False,0.0,,,0.0,,0.0,0.0,,,0.0,,Africa,Africa,False,False,False,False,False,Kenya
Kenya,KEN,2000,Country or economy,Hydro,False,1.31,,,30.394,,0.68,0.031,,,1.783,23.664,Africa,Africa,False,False,False,False,False,Kenya
Kenya,KEN,2000,Country or economy,Bioenergy,False,0.0,,,0.0,,0.03,0.0,,,0.0,,Africa,Africa,False,False,False,False,False,Kenya
Kenya,KEN,2000,Country or economy,Other renewables,False,0.43,,,9.977,,0.0,0.016,,,0.92,37.209,Africa,Africa,False,False,False,False,False,Kenya
Kenya,KEN,2000,Country or economy,Nuclear,False,0.0,,,0.0,,0.0,0.0,,,0.0,,Africa,Africa,False,False,False,False,False,Kenya
Kenya,KEN,2000,Country or economy,Coal,False,0.0,,,0.0,,,0.0,,,0.0,,Africa,Africa,False,False,False,False,False,Kenya
Kenya,KEN,2000,Country or economy,Gas,False,0.0,,,0.0,,,0.0,,,0.0,,Africa,Africa,False,False,False,False,False,Kenya
Kenya,KEN,2000,Country or economy,Other fossil,False,2.57,,,59.629,,0.13,1.691,,,97.275,657.977,Africa,Africa,False,False,False,False,False,Kenya
Kenya,KEN,2000,Country or economy,Net imports,False,0.2,,,4.64,,,0.0,,,0.0,0.0,Africa,Africa,False,False,False,False,False,Kenya
Kenya,KEN,2000,Country or economy,Wind and solar,True,0.0,,,0.0,,0.0,0.0,,,0.0,,Africa,Africa,False,False,False,False,False,Kenya
Kenya,KEN,2000,Country or economy,"Hydro, bioenergy and other renewables",True,1.74,,,40.371,,0.7100000000000001,0.047,,,2.704,27.011,Africa,Africa,False,False,False,False,False,Kenya
Kenya,KEN,2000,Country or economy,Renewables,True,1.74,,,40.371,,0.7100000000000001,0.047,,,2.704,27.011,Africa,Africa,False,False,False,False,False,Kenya
Kenya,KEN,2000,Country or economy,Clean,True,1.74,,,40.371,,0.7100000000000001,0.047,,,2.704,27.011,Africa,Africa,False,False,False,False,False,Kenya
Kenya,KEN,2000,Country or economy,Fossil,True,2.57,,,59.629,,0.13,1.691,,,97.275,657.977,Africa,Africa,False,False,False,False,False,Kenya
Kenya,KEN,2000,Country or economy,Total generation,True,4.31,,,100.0,,0.8400000000000001,1.738,,,99.979,403.248,Africa,Africa,False,False,False,False,False,Kenya
Kenya,KEN,2000,Country or economy,Demand,True,4.51,,,104.64,,,,,,,,Africa,Africa,False,False,False,False,False,Kenya
Kenya,KEN,2001,Country or economy,Solar,False,0.0,0.0,,0.0,0.0,0.0,0.0,0.0,,0.0,,Africa,Africa,False,False,False,False,False,Kenya
Kenya,KEN,2001,Country or economy,Wind,False,0.0,0.0,,0.0,0.0,0.0,0.0,0.0,,0.0,,Africa,Africa,False,False,False,False,False,Kenya
Kenya,KEN,2001,Country or economy,Hydro,False,2.38,1.07,81.679,49.48,19.086,0.68,0.057,0.026,83.871,4.198,23.95,Africa,Africa,False,False,False,False,False,Kenya
Kenya,KEN,2001,Country or economy,Bioenergy,False,0.0,0.0,,0.0,0.0,0.03,0.0,0.0,,0.0,,Africa,Africa,False,False,False,False,False,Kenya
Kenya,KEN,2001,Country or economy,Other renewables,False,0.48,0.05,11.628,9.979,0.002,0.0,0.018,0.002,12.5,1.326,37.5,Africa,Africa,False,False,False,False,False,Kenya
Kenya,KEN,2001,Country or economy,Nuclear,False,0.0,0.0,,0.0,0.0,0.0,0.0,0.0,,0.0,,Africa,Africa,False,False,False,False,False,Kenya
Kenya,KEN,2001,Country or economy,Coal,False,0.0,0.0,,0.0,0.0,,0.0,0.0,,0.0,,Africa,Africa,False,False,False,False,False,Kenya
Kenya,KEN,2001,Country or economy,Gas,False,0.0,0.0,,0.0,0.0,,0.0,0.0,,0.0,,Africa,Africa,False,False,False,False,False,Kenya
Kenya,KEN,2001,Country or economy,Other fossil,False,1.95,-0.62,-24.125,40.541,-19.088,0.21,1.283,-0.408,-24.128,94.498,657.949,Africa,Africa,False,False,False,False,False,Kenya
Kenya,KEN,2001,Country or economy,Net imports,False,0.17,-0.03,-15.0,3.534,-1.106,,0.0,0.0,,0.0,0.0,Africa,Africa,False,False,False,False,False,Kenya
Kenya,KEN,2001,Country or economy,Wind and solar,True,0.0,0.0,,0.0,0.0,0.0,0.0,0.0,,0.0,,Africa,Africa,False,False,False,False,False,Kenya
Kenya,KEN,2001,Country or economy,"Hydro, bioenergy and other renewables",True,2.86,1.12,64.368,59.459,19.088,0.7100000000000001,0.075,0.028,59.574,5.524,26.224,Africa,Africa,False,False,False,False,False,Kenya
Kenya,KEN,2001,Country or economy,Renewables,True,2.86,1.12,64.368,59.459,19.088,0.7100000000000001,0.075,0.028,59.574,5.524,26.224,Africa,Africa,False,False,False,False,False,Kenya
Kenya,KEN,2001,Country or economy,Clean,True,2.86,1.12,64.368,59.459,19.088,0.7100000000000001,0.075,0.028,59.574,5.524,26.224,Africa,Africa,False,False,False,False,False,Kenya
Kenya,KEN,2001,Country or economy,Fossil,True,1.95,-0.62,-24.125,40.541,-19.088,0.21,1.283,-0.408,-24.128,94.498,657.949,Africa,Africa,False,False,False,False,False,Kenya
Kenya,KEN,2001,Country or economy,Total generation,True,4.81,0.5,11.601,100.0,0.0,0.92,1.358,-0.38,-21.864,100.022,282.328,Africa,Africa,False,False,False,False,False,Kenya
Kenya,KEN,2001,Country or economy,Demand,True,4.98,0.47,10.421,103.534,-1.106,,,,,,,Africa,Africa,False,False,False,False,False,Kenya
Kenya,KEN,2002,Country or economy,Solar,False,0.0,0.0,,0.0,0.0,0.0,0.0,0.0,,0.0,,Africa,Africa,False,False,False,False,False,Kenya
Kenya,KEN,2002,Country or economy,Wind,False,0.0,0.0,,0.0,0.0,0.0,0.0,0.0,,0.0,,Africa,Africa,False,False,False,False,False,Kenya
Kenya,KEN,2002,Country or economy,Hydro,False,3.09,0.71,29.832,60.0,10.52,0.68,0.073,0.016,28.07,7.454,23.625,Africa,Africa,False,False,False,False,False,Kenya
Kenya,KEN,2002,Country or economy,Bioenergy,False,0.47,0.47,,9.126,9.126,0.04,0.102,0.102,,10.416,217.021,Africa,Africa,False,False,False,False,False,Kenya
Kenya,KEN,2002,Country or economy,Other renewables,False,0.39,-0.09,-18.75,7.573,-2.406,0.0,0.015,-0.003,-16.667,1.532,38.462,Africa,Africa,False,False,False,False,False,Kenya
Kenya,KEN,2002,Country or economy,Nuclear,False,0.0,0.0,,0.0,0.0,0.0,0.0,0.0,,0.0,,Africa,Africa,False,False,False,False,False,Kenya
Kenya,KEN,2002,Country or economy,Coal,False,0.0,0.0,,0.0,0.0,,0.0,0.0,,0.0,,Africa,Africa,False,False,False,False,False,Kenya
Kenya,KEN,2002,Country or economy,Gas,False,0.0,0.0,,0.0,0.0,,0.0,0.0,,0.0,,Africa,Africa,False,False,False,False,False,Kenya
Kenya,KEN,2002,Country or economy,Other fossil,False,1.2,-0.75,-38.462,23.301,-17.24,0.21,0.79,-0.493,-38.426,80.67,658.333,Africa,Africa,False,False,False,False,False,Kenya
Kenya,KEN,2002,Country or economy,Net imports,False,0.22,0.05,29.412,4.272,0.738,,0.0,0.0,,0.0,0.0,Africa,Africa,False,False,False,False,False,Kenya
Kenya,KEN,2002,Country or economy,Wind and solar,True,0.0,0.0,,0.0,0.0,0.0,0.0,0.0,,0.0,,Africa,Africa,False,False,False,False,False,Kenya
Kenya,KEN,2002,Country or economy,"Hydro, bioenergy and other renewables",True,3.95,1.09,38.112,76.699,17.24,0.7200000000000001,0.19,0.115,153.333,19.402,48.101,Africa,Africa,False,False,False,False,False,Kenya
Kenya,KEN,2002,Country or economy,Renewables,True,3.95,1.09,38.112,76.699,17.24,0.7200000000000001,0.19,0.115,153.333,19.402,48.101,Africa,Africa,False,False,False,False,False,Kenya
Kenya,KEN,2002,Country or economy,Clean,True,3.95,1.09,38.112,76.699,17.24,0.7200000000000001,0.19,0.115,153.333,19.402,48.101,Africa,Africa,False,False,False,False,False,Kenya
Kenya,KEN,2002,Country or economy,Fossil,True,1.2,-0.75,-38.462,23.301,-17.24,0.21,0.79,-0.493,-38.426,80.67,658.333,Africa,Africa,False,False,False,False,False,Kenya
Kenya,KEN,2002,Country or economy,Total generation,True,5.15,0.34,7.069,100.0,0.0,0.93,0.979,-0.379,-27.909,99.969,190.097,Africa,Africa,False,False,False,False,False,Kenya
Kenya,KEN,2002,Country or economy,Demand,True,5.37,0.39,7.831,104.272,0.738,,,,,,,Africa,Africa,False,False,False,False,False,Kenya
Kenya,KEN,2003,Country or economy,Solar,False,0.0,0.0,,0.0,0.0,0.0,0.0,0.0,,0.0,,Africa,Africa,False,False,False,False,False,Kenya
Kenya,KEN,2003,Country or economy,Wind,False,0.0,0.0,,0.0,0.0,0.0,0.0,0.0,,0.0,,Africa,Africa,False,False,False,False,False,Kenya
Kenya,KEN,2003,Country or economy,Hydro,False,3.23,0.14,4.531,58.942,-1.058,0.68,0.077,0.004,5.479,8.959,23.839,Africa,Africa,False,False,False,False,False,Kenya
Kenya,KEN,2003,Country or economy,Bioenergy,False,0.47,0.0,0.0,8.577,-0.549,0.04,0.102,0.0,0.0,11.867,217.021,Africa,Africa,False,False,False,False,False,Kenya
Kenya,KEN,2003,Country or economy,Other renewables,False,0.79,0.4,102.564,14.416,6.843,0.0,0.03,0.015,100.0,3.49,37.975,Africa,Africa,False,False,False,False,False,Kenya
Kenya,KEN,2003,Country or economy,Nuclear,False,0.0,0.0,,0.0,0.0,0.0,0.0,0.0,,0.0,,Africa,Africa,False,False,False,False,False,Kenya
Kenya,KEN,2003,Country or economy,Coal,False,0.0,0.0,,0.0,0.0,,0.0,0.0,,0.0,,Africa,Africa,False,False,False,False,False,Kenya
Kenya,KEN,2003,Country or economy,Gas,False,0.0,0.0,,0.0,0.0,,0.0,0.0,,0.0,,Africa,Africa,False,False,False,False,False,Kenya
Kenya,KEN,2003,Country or economy,Other fossil,False,0.99,-0.21,-17.5,18.066,-5.235,0.21,0.651,-0.139,-17.595,75.742,657.576,Africa,Africa,False,False,False,False,False,Kenya
Kenya,KEN,2003,Country or economy,Net imports,False,0.19,-0.03,-13.636,3.467,-0.805,,0.0,0.0,,0.0,0.0,Africa,Africa,False,False,False,False,False,Kenya
Kenya,KEN,2003,Country or economy,Wind and solar,True,0.0,0.0,,0.0,0.0,0.0,0.0,0.0,,0.0,,Africa,Africa,False,False,False,False,False,Kenya
Kenya,KEN,2003,Country or economy,"Hydro, bioenergy and other renewables",True,4.49,0.54,13.671,81.934,5.235,0.7200000000000001,0.208,0.018,9.474,24.2,46.325,Africa,Africa,False,False,False,False,False,Kenya
Kenya,KEN,2003,Country or economy,Renewables,True,4.49,0.54,13.671,81.934,5.235,0.7200000000000001,0.208,0.018,9.474,24.2,46.325,Africa,Africa,False,False,False,False,False,Kenya
Kenya,KEN,2003,Country or economy,Clean,True,4.49,0.54,13.671,81.934,5.235,0.7200000000000001,0.208,0.018,9.474,24.2,46.325,Africa,Africa,False,False,False,False,False,Kenya
Kenya,KEN,2003,Country or economy,Fossil,True,0.99,-0.21,-17.5,18.066,-5.235,0.21,0.651,-0.139,-17.595,75.742,657.576,Africa,Africa,False,False,False,False,False,Kenya
Kenya,KEN,2003,Country or economy,Total generation,True,5.48,0.33,6.408,100.0,0.0,0.93,0.859,-0.12,-12.257,99.942,156.752,Africa,Africa,False,False,False,False,False,Kenya
Kenya,KEN,2003,Country or economy,Demand,True,5.67,0.3,5.587,103.467,-0.805,,,,,,,Africa,Africa,False,False,False,False,False,Kenya
Kenya,KEN,2004,Country or economy,Solar,False,0.0,0.0,,0.0,0.0,0.0,0.0,0.0,,0.0,,Africa,Africa,False,False,False,False,False,Kenya
Kenya,KEN,2004,Country or economy,Wind,False,0.0,0.0,,0.0,0.0,0.0,0.0,0.0,,0.0,,Africa,Africa,False,False,False,False,False,Kenya
Kenya,KEN,2004,Country or economy,Hydro,False,2.84,-0.39,-12.074,46.104,-12.838,0.68,0.067,-0.01,-12.987,4.767,23.592,Africa,Africa,False,False,False,False,False,Kenya
Kenya,KEN,2004,Country or economy,Bioenergy,False,0.47,0.0,0.0,7.63,-0.947,0.04,0.102,0.0,0.0,7.258,217.021,Africa,Africa,False,False,False,False,False,Kenya
Kenya,KEN,2004,Country or economy,Other renewables,False,1.03,0.24,30.38,16.721,2.305,0.0,0.039,0.009,30.0,2.775,37.864,Africa,Africa,False,False,False,False,False,Kenya
Kenya,KEN,2004,Country or economy,Nuclear,False,0.0,0.0,,0.0,0.0,0.0,0.0,0.0,,0.0,,Africa,Africa,False,False,False,False,False,Kenya
Kenya,KEN,2004,Country or economy,Coal,False,0.0,0.0,,0.0,0.0,,0.0,0.0,,0.0,,Africa,Africa,False,False,False,False,False,Kenya
Kenya,KEN,2004,Country or economy,Gas,False,0.0,0.0,,0.0,0.0,,0.0,0.0,,0.0,,Africa,Africa,False,False,False,False,False,Kenya
Kenya,KEN,2004,Country or economy,Other fossil,False,1.82,0.83,83.838,29.545,11.479,0.26,1.198,0.547,84.025,85.243,658.242,Africa,Africa,False,False,False,False,False,Kenya
Kenya,KEN,2004,Country or economy,Net imports,False,0.16,-0.03,-15.789,2.597,-0.87,,0.0,0.0,,0.0,0.0,Africa,Africa,False,False,False,False,False,Kenya
Kenya,KEN,2004,Country or economy,Wind and solar,True,0.0,0.0,,0.0,0.0,0.0,0.0,0.0,,0.0,,Africa,Africa,False,False,False,False,False,Kenya
Kenya,KEN,2004,Country or economy,"Hydro, bioenergy and other renewables",True,4.34,-0.15,-3.341,70.455,-11.479,0.7200000000000001,0.208,0.0,0.0,14.8,47.926,Africa,Africa,False,False,False,False,False,Kenya
Kenya,KEN,2004,Country or economy,Renewables,True,4.34,-0.15,-3.341,70.455,-11.479,0.7200000000000001,0.208,0.0,0.0,14.8,47.926,Africa,Africa,False,False,False,False,False,Kenya
Kenya,KEN,2004,Country or economy,Clean,True,4.34,-0.15,-3.341,70.455,-11.479,0.7200000000000001,0.208,0.0,0.0,14.8,47.926,Africa,Africa,False,False,False,False,False,Kenya
Kenya,KEN,2004,Country or economy,Fossil,True,1.82,0.83,83.838,29.545,11.479,0.26,1.198,0.547,84.025,85.243,658.242,Africa,Africa,False,False,False,False,False,Kenya
Kenya,KEN,2004,Country or economy,Total generation,True,6.16,0.68,12.409,100.0,0.0,0.98,1.405,0.546,63.562,99.971,228.084,Africa,Africa,False,False,False,False,False,Kenya
Kenya,KEN,2004,Country or economy,Demand,True,6.32,0.65,11.464,102.597,-0.87,,,,,,,Africa,Africa,False,False,False,False,False,Kenya
Kenya,KEN,2005,Country or economy,Solar,False,0.0,0.0,,0.0,0.0,0.0,0.0,0.0,,0.0,,Africa,Africa,False,False,False,False,False,Kenya
Kenya,KEN,2005,Country or economy,Wind,False,0.0,0.0,,0.0,0.0,0.0,0.0,0.0,,0.0,,Africa,Africa,False,False,False,False,False,Kenya
Kenya,KEN,2005,Country or economy,Hydro,False,3.0,0.16,5.634,44.776,-1.328,0.69,0.071,0.004,5.97,4.232,23.667,Africa,Africa,False,False,False,False,False,Kenya
Kenya,KEN,2005,Country or economy,Bioenergy,False,0.47,0.0,0.0,7.015,-0.615,0.04,0.102,0.0,0.0,6.079,217.021,Africa,Africa,False,False,False,False,False,Kenya
Kenya,KEN,2005,Country or economy,Other renewables,False,1.0,-0.03,-2.913,14.925,-1.796,0.0,0.038,-0.001,-2.564,2.265,38.0,Africa,Africa,False,False,False,False,False,Kenya
Kenya,KEN,2005,Country or economy,Nuclear,False,0.0,0.0,,0.0,0.0,0.0,0.0,0.0,,0.0,,Africa,Africa,False,False,False,False,False,Kenya
Kenya,KEN,2005,Country or economy,Coal,False,0.0,0.0,,0.0,0.0,,0.0,0.0,,0.0,,Africa,Africa,False,False,False,False,False,Kenya
Kenya,KEN,2005,Country or economy,Gas,False,0.0,0.0,,0.0,0.0,,0.0,0.0,,0.0,,Africa,Africa,False,False,False,False,False,Kenya
Kenya,KEN,2005,Country or economy,Other fossil,False,2.23,0.41,22.527,33.284,3.739,0.26,1.467,0.269,22.454,87.433,657.848,Africa,Africa,False,False,False,False,False,Kenya
Kenya,KEN,2005,Country or economy,Net imports,False,0.0,-0.16,-100.0,0.0,-2.597,,0.0,0.0,,0.0,,Africa,Africa,False,False,False,False,False,Kenya
Kenya,KEN,2005,Country or economy,Wind and solar,True,0.0,0.0,,0.0,0.0,0.0,0.0,0.0,,0.0,,Africa,Africa,False,False,False,False,False,Kenya
Kenya,KEN,2005,Country or economy,"Hydro, bioenergy and other renewables",True,4.47,0.13,2.995,66.716,-3.739,0.73,0.211,0.003,1.442,12.576,47.204,Africa,Africa,False,False,False,False,False,Kenya
Kenya,KEN,2005,Country or economy,Renewables,True,4.47,0.13,2.995,66.716,-3.739,0.73,0.211,0.003,1.442,12.576,47.204,Africa,Africa,False,False,False,False,False,Kenya
Kenya,KEN,2005,Country or economy,Clean,True,4.47,0.13,2.995,66.716,-3.739,0.73,0.211,0.003,1.442,12.576,47.204,Africa,Africa,False,False,False,False,False,Kenya
Kenya,KEN,2005,Country or economy,Fossil,True,2.23,0.41,22.527,33.284,3.739,0.26,1.467,0.269,22.454,87.433,657.848,Africa,Africa,False,False,False,False,False,Kenya
Kenya,KEN,2005,Country or economy,Total generation,True,6.7,0.54,8.766,100.0,0.0,0.99,1.678,0.273,19.431,100.009,250.448,Africa,Africa,False,False,False,False,False,Kenya
Kenya,KEN,2005,Country or economy,Demand,True,6.7,0.38,6.013,100.0,-2.597,,,,,,,Africa,Africa,False,False,False,False,False,Kenya
Kenya,KEN,2006,Country or economy,Solar,False,0.0,0.0,,0.0,0.0,0.0,0.0,0.0,,0.0,,Africa,Africa,False,False,False,False,False,Kenya
Kenya,KEN,2006,Country or economy,Wind,False,0.0,0.0,,0.0,0.0,0.0,0.0,0.0,,0.0,,Africa,Africa,False,False,False,False,False,Kenya
Kenya,KEN,2006,Country or economy,Hydro,False,3.24,0.24,8.0,43.142,-1.634,0.69,0.077,0.006,8.451,3.752,23.765,Africa,Africa,False,False,False,False,False,Kenya
Kenya,KEN,2006,Country or economy,Bioenergy,False,0.47,0.0,0.0,6.258,-0.757,0.04,0.102,0.0,0.0,4.97,217.021,Africa,Africa,False,False,False,False,False,Kenya
Kenya,KEN,2006,Country or economy,Other renewables,False,1.01,0.01,1.0,13.449,-1.476,0.0,0.038,0.0,0.0,1.851,37.624,Africa,Africa,False,False,False,False,False,Kenya
Kenya,KEN,2006,Country or economy,Nuclear,False,0.0,0.0,,0.0,0.0,0.0,0.0,0.0,,0.0,,Africa,Africa,False,False,False,False,False,Kenya
Kenya,KEN,2006,Country or economy,Coal,False,0.0,0.0,,0.0,0.0,,0.0,0.0,,0.0,,Africa,Africa,False,False,False,False,False,Kenya
Kenya,KEN,2006,Country or economy,Gas,False,0.0,0.0,,0.0,0.0,,0.0,0.0,,0.0,,Africa,Africa,False,False,False,False,False,Kenya
Kenya,KEN,2006,Country or economy,Other fossil,False,2.79,0.56,25.112,37.15,3.866,0.26,1.836,0.369,25.153,89.456,658.065,Africa,Africa,False,False,False,False,False,Kenya
Kenya,KEN,2006,Country or economy,Net imports,False,-0.04,-0.04,,-0.533,-0.533,,0.0,0.0,,0.0,0.0,Africa,Africa,False,False,False,False,False,Kenya
Kenya,KEN,2006,Country or economy,Wind and solar,True,0.0,0.0,,0.0,0.0,0.0,0.0,0.0,,0.0,,Africa,Africa,False,False,False,False,False,Kenya
Kenya,KEN,2006,Country or economy,"Hydro, bioenergy and other renewables",True,4.72,0.25,5.593,62.85,-3.866,0.73,0.217,0.006,2.844,10.573,45.975,Africa,Africa,False,False,False,False,False,Kenya
Kenya,KEN,2006,Country or economy,Renewables,True,4.72,0.25,5.593,62.85,-3.866,0.73,0.217,0.006,2.844,10.573,45.975,Africa,Africa,False,False,False,False,False,Kenya
Kenya,KEN,2006,Country or economy,Clean,True,4.72,0.25,5.593,62.85,-3.866,0.73,0.217,0.006,2.844,10.573,45.975,Africa,Africa,False,False,False,False,False,Kenya
Kenya,KEN,2006,Country or economy,Fossil,True,2.79,0.56,25.112,37.15,3.866,0.26,1.836,0.369,25.153,89.456,658.065,Africa,Africa,False,False,False,False,False,Kenya
Kenya,KEN,2006,Country or economy,Total generation,True,7.51,0.81,12.09,100.0,0.0,0.99,2.052,0.374,22.288,99.98,273.236,Africa,Africa,False,False,False,False,False,Kenya
Kenya,KEN,2006,Country or economy,Demand,True,7.47,0.77,11.493,99.467,-0.533,,,,,,,Africa,Africa,False,False,False,False,False,Kenya
Kenya,KEN,2007,Country or economy,Solar,False,0.0,0.0,,0.0,0.0,0.0,0.0,0.0,,0.0,,Africa,Africa,False,False,False,False,False,Kenya
Kenya,KEN,2007,Country or economy,Wind,False,0.0,0.0,,0.0,0.0,0.0,0.0,0.0,,0.0,,Africa,Africa,False,False,False,False,False,Kenya
Kenya,KEN,2007,Country or economy,Hydro,False,3.45,0.21,6.481,51.724,8.582,0.69,0.082,0.005,6.494,6.028,23.768,Africa,Africa,False,False,False,False,False,Kenya
Kenya,KEN,2007,Country or economy,Bioenergy,False,0.47,0.0,0.0,7.046,0.788,0.04,0.102,0.0,0.0,7.498,217.021,Africa,Africa,False,False,False,False,False,Kenya
Kenya,KEN,2007,Country or economy,Other renewables,False,1.02,0.01,0.99,15.292,1.843,0.0,0.038,0.0,0.0,2.794,37.255,Africa,Africa,False,False,False,False,False,Kenya
Kenya,KEN,2007,Country or economy,Nuclear,False,0.0,0.0,,0.0,0.0,0.0,0.0,0.0,,0.0,,Africa,Africa,False,False,False,False,False,Kenya
Kenya,KEN,2007,Country or economy,Coal,False,0.0,0.0,,0.0,0.0,,0.0,0.0,,0.0,,Africa,Africa,False,False,False,False,False,Kenya
Kenya,KEN,2007,Country or economy,Gas,False,0.0,0.0,,0.0,0.0,,0.0,0.0,,0.0,,Africa,Africa,False,False,False,False,False,Kenya
Kenya,KEN,2007,Country or economy,Other fossil,False,1.73,-1.06,-37.993,25.937,-11.213,0.26,1.138,-0.698,-38.017,83.658,657.803,Africa,Africa,False,False,False,False,False,Kenya
Kenya,KEN,2007,Country or economy,Net imports,False,-0.04,0.0,0.0,-0.6,-0.067,,0.0,0.0,,0.0,0.0,Africa,Africa,False,False,False,False,False,Kenya
Kenya,KEN,2007,Country or economy,Wind and solar,True,0.0,0.0,,0.0,0.0,0.0,0.0,0.0,,0.0,,Africa,Africa,False,False,False,False,False,Kenya
Kenya,KEN,2007,Country or economy,"Hydro, bioenergy and other renewables",True,4.94,0.22,4.661,74.063,11.213,0.73,0.222,0.005,2.304,16.32,44.939,Africa,Africa,False,False,False,False,False,Kenya
Kenya,KEN,2007,Country or economy,Renewables,True,4.94,0.22,4.661,74.063,11.213,0.73,0.222,0.005,2.304,16.32,44.939,Africa,Africa,False,False,False,False,False,Kenya
Kenya,KEN,2007,Country or economy,Clean,True,4.94,0.22,4.661,74.063,11.213,0.73,0.222,0.005,2.304,16.32,44.939,Africa,Africa,False,False,False,False,False,Kenya
Kenya,KEN,2007,Country or economy,Fossil,True,1.73,-1.06,-37.993,25.937,-11.213,0.26,1.138,-0.698,-38.017,83.658,657.803,Africa,Africa,False,False,False,False,False,Kenya
Kenya,KEN,2007,Country or economy,Total generation,True,6.67,-0.84,-11.185,100.0,0.0,0.99,1.36,-0.692,-33.723,99.978,203.898,Africa,Africa,False,False,False,False,False,Kenya
Kenya,KEN,2007,Country or economy,Demand,True,6.63,-0.84,-11.245,99.4,-0.067,,,,,,,Africa,Africa,False,False,False,False,False,Kenya
Kenya,KEN,2008,Country or economy,Solar,False,0.0,0.0,,0.0,0.0,0.0,0.0,0.0,,0.0,,Africa,Africa,False,False,False,False,False,Kenya
Kenya,KEN,2008,Country or economy,Wind,False,0.0,0.0,,0.0,0.0,0.0,0.0,0.0,,0.0,,Africa,Africa,False,False,False,False,False,Kenya
Kenya,KEN,2008,Country or economy,Hydro,False,2.82,-0.63,-18.261,45.854,-5.87,0.75,0.067,-0.015,-18.293,5.082,23.759,Africa,Africa,False,False,False,False,False,Kenya
Kenya,KEN,2008,Country or economy,Bioenergy,False,0.47,0.0,0.0,7.642,0.596,0.04,0.102,0.0,0.0,7.736,217.021,Africa,Africa,False,False,False,False,False,Kenya
Kenya,KEN,2008,Country or economy,Other renewables,False,1.18,0.16,15.686,19.187,3.895,0.0,0.044,0.006,15.789,3.337,37.288,Africa,Africa,False,False,False,False,False,Kenya
Kenya,KEN,2008,Country or economy,Nuclear,False,0.0,0.0,,0.0,0.0,0.0,0.0,0.0,,0.0,,Africa,Africa,False,False,False,False,False,Kenya
Kenya,KEN,2008,Country or economy,Coal,False,0.0,0.0,,0.0,0.0,,0.0,0.0,,0.0,,Africa,Africa,False,False,False,False,False,Kenya
Kenya,KEN,2008,Country or economy,Gas,False,0.0,0.0,,0.0,0.0,,0.0,0.0,,0.0,,Africa,Africa,False,False,False,False,False,Kenya
Kenya,KEN,2008,Country or economy,Other fossil,False,1.68,-0.05,-2.89,27.317,1.38,0.26,1.105,-0.033,-2.9,83.811,657.738,Africa,Africa,False,False,False,False,False,Kenya
Kenya,KEN,2008,Country or economy,Net imports,False,-0.02,0.02,-50.0,-0.325,0.275,,0.0,0.0,,0.0,0.0,Africa,Africa,False,False,False,False,False,Kenya
Kenya,KEN,2008,Country or economy,Wind and solar,True,0.0,0.0,,0.0,0.0,0.0,0.0,0.0,,0.0,,Africa,Africa,False,False,False,False,False,Kenya
Kenya,KEN,2008,Country or economy,"Hydro, bioenergy and other renewables",True,4.47,-0.47,-9.514,72.683,-1.38,0.79,0.213,-0.009,-4.054,16.155,47.651,Africa,Africa,False,False,False,False,False,Kenya
Kenya,KEN,2008,Country or economy,Renewables,True,4.47,-0.47,-9.514,72.683,-1.38,0.79,0.213,-0.009,-4.054,16.155,47.651,Africa,Africa,False,False,False,False,False,Kenya
Kenya,KEN,2008,Country or economy,Clean,True,4.47,-0.47,-9.514,72.683,-1.38,0.79,0.213,-0.009,-4.054,16.155,47.651,Africa,Africa,False,False,False,False,False,Kenya
Kenya,KEN,2008,Country or economy,Fossil,True,1.68,-0.05,-2.89,27.317,1.38,0.26,1.105,-0.033,-2.9,83.811,657.738,Africa,Africa,False,False,False,False,False,Kenya
Kenya,KEN,2008,Country or economy,Total generation,True,6.15,-0.52,-7.796,100.0,0.0,1.05,1.318,-0.042,-3.088,99.966,214.309,Africa,Africa,False,False,False,False,False,Kenya
Kenya,KEN,2008,Country or economy,Demand,True,6.13,-0.5,-7.541,99.675,0.275,,,,,,,Africa,Africa,False,False,False,False,False,Kenya
Kenya,KEN,2009,Country or economy,Solar,False,0.0,0.0,,0.0,0.0,0.0,0.0,0.0,,0.0,,Africa,Africa,False,False,False,False,False,Kenya
Kenya,KEN,2009,Country or economy,Wind,False,0.01,0.01,,0.153,0.153,0.0,0.0,0.0,,0.0,0.0,Africa,Africa,False,False,False,False,False,Kenya
Kenya,KEN,2009,Country or economy,Hydro,False,2.15,-0.67,-23.759,32.824,-13.03,0.76,0.051,-0.016,-23.881,2.683,23.721,Africa,Africa,False,False,False,False,False,Kenya
Kenya,KEN,2009,Country or economy,Bioenergy,False,0.47,0.0,0.0,7.176,-0.466,0.06,0.102,0.0,0.0,5.366,217.021,Africa,Africa,False,False,False,False,False,Kenya
Kenya,KEN,2009,Country or economy,Other renewables,False,1.34,0.16,13.559,20.458,1.271,0.0,0.05,0.006,13.636,2.63,37.313,Africa,Africa,False,False,False,False,False,Kenya
Kenya,KEN,2009,Country or economy,Nuclear,False,0.0,0.0,,0.0,0.0,0.0,0.0,0.0,,0.0,,Africa,Africa,False,False,False,False,False,Kenya
Kenya,KEN,2009,Country or economy,Coal,False,0.0,0.0,,0.0,0.0,,0.0,0.0,,0.0,,Africa,Africa,False,False,False,False,False,Kenya
Kenya,KEN,2009,Country or economy,Gas,False,0.0,0.0,,0.0,0.0,,0.0,0.0,,0.0,,Africa,Africa,False,False,False,False,False,Kenya
Kenya,KEN,2009,Country or economy,Other fossil,False,2.58,0.9,53.571,39.389,12.072,0.35,1.698,0.593,53.665,89.329,658.14,Africa,Africa,False,False,False,False,False,Kenya
Kenya,KEN,2009,Country or economy,Net imports,False,0.01,0.03,-150.0,0.153,0.478,,0.0,0.0,,0.0,0.0,Africa,Africa,False,False,False,False,False,Kenya
Kenya,KEN,2009,Country or economy,Wind and solar,True,0.01,0.01,,0.153,0.153,0.0,0.0,0.0,,0.0,0.0,Africa,Africa,False,False,False,False,False,Kenya
Kenya,KEN,2009,Country or economy,"Hydro, bioenergy and other renewables",True,3.96,-0.51,-11.409,60.458,-12.225,0.8200000000000001,0.203,-0.01,-4.695,10.679,51.263,Africa,Africa,False,False,False,False,False,Kenya
Kenya,KEN,2009,Country or economy,Renewables,True,3.97,-0.5,-11.186,60.611,-12.072,0.8200000000000001,0.203,-0.01,-4.695,10.679,51.134,Africa,Africa,False,False,False,False,False,Kenya
Kenya,KEN,2009,Country or economy,Clean,True,3.97,-0.5,-11.186,60.611,-12.072,0.8200000000000001,0.203,-0.01,-4.695,10.679,51.134,Africa,Africa,False,False,False,False,False,Kenya
Kenya,KEN,2009,Country or economy,Fossil,True,2.58,0.9,53.571,39.389,12.072,0.35,1.698,0.593,53.665,89.329,658.14,Africa,Africa,False,False,False,False,False,Kenya
Kenya,KEN,2009,Country or economy,Total generation,True,6.55,0.4,6.504,100.0,0.0,1.17,1.901,0.583,44.234,100.008,290.229,Africa,Africa,False,False,False,False,False,Kenya
Kenya,KEN,2009,Country or economy,Demand,True,6.56,0.43,7.015,100.153,0.478,,,,,,,Africa,Africa,False,False,False,False,False,Kenya
Kenya,KEN,2010,Country or economy,Solar,False,0.0,0.0,,0.0,0.0,0.0,0.0,0.0,,0.0,,Africa,Africa,False,False,False,False,False,Kenya
Kenya,KEN,2010,Country or economy,Wind,False,0.02,0.01,100.0,0.279,0.126,0.01,0.0,0.0,,0.0,0.0,Africa,Africa,False,False,False,False,False,Kenya
Kenya,KEN,2010,Country or economy,Hydro,False,3.39,1.24,57.674,47.346,14.522,0.77,0.081,0.03,58.824,5.621,23.894,Africa,Africa,False,False,False,False,False,Kenya
Kenya,KEN,2010,Country or economy,Bioenergy,False,0.47,0.0,0.0,6.564,-0.612,0.06,0.102,0.0,0.0,7.078,217.021,Africa,Africa,False,False,False,False,False,Kenya
Kenya,KEN,2010,Country or economy,Other renewables,False,1.45,0.11,8.209,20.251,-0.207,0.0,0.055,0.005,10.0,3.817,37.931,Africa,Africa,False,False,False,False,False,Kenya
Kenya,KEN,2010,Country or economy,Nuclear,False,0.0,0.0,,0.0,0.0,0.0,0.0,0.0,,0.0,,Africa,Africa,False,False,False,False,False,Kenya
Kenya,KEN,2010,Country or economy,Coal,False,0.0,0.0,,0.0,0.0,,0.0,0.0,,0.0,,Africa,Africa,False,False,False,False,False,Kenya
Kenya,KEN,2010,Country or economy,Gas,False,0.0,0.0,,0.0,0.0,,0.0,0.0,,0.0,,Africa,Africa,False,False,False,False,False,Kenya
Kenya,KEN,2010,Country or economy,Other fossil,False,1.83,-0.75,-29.07,25.559,-13.83,0.46,1.204,-0.494,-29.093,83.551,657.923,Africa,Africa,False,False,False,False,False,Kenya
Kenya,KEN,2010,Country or economy,Net imports,False,0.0,-0.01,-100.0,0.0,-0.153,,0.0,0.0,,0.0,,Africa,Africa,False,False,False,False,False,Kenya
Kenya,KEN,2010,Country or economy,Wind and solar,True,0.02,0.01,100.0,0.279,0.126,0.01,0.0,0.0,,0.0,0.0,Africa,Africa,False,False,False,False,False,Kenya
Kenya,KEN,2010,Country or economy,"Hydro, bioenergy and other renewables",True,5.31,1.35,34.091,74.162,13.704,0.8300000000000001,0.237,0.034,16.749,16.446,44.633,Africa,Africa,False,False,False,False,False,Kenya
Kenya,KEN,2010,Country or economy,Renewables,True,5.33,1.36,34.257,74.441,13.83,0.8400000000000001,0.237,0.034,16.749,16.446,44.465,Africa,Africa,False,False,False,False,False,Kenya
Kenya,KEN,2010,Country or economy,Clean,True,5.33,1.36,34.257,74.441,13.83,0.8400000000000001,0.237,0.034,16.749,16.446,44.465,Africa,Africa,False,False,False,False,False,Kenya
Kenya,KEN,2010,Country or economy,Fossil,True,1.83,-0.75,-29.07,25.559,-13.83,0.46,1.204,-0.494,-29.093,83.551,657.923,Africa,Africa,False,False,False,False,False,Kenya
Kenya,KEN,2010,Country or economy,Total generation,True,7.16,0.61,9.313,100.0,0.0,1.3,1.441,-0.46,-24.198,99.997,201.257,Africa,Africa,False,False,False,False,False,Kenya
Kenya,KEN,2010,Country or economy,Demand,True,7.16,0.6,9.146,100.0,-0.153,,,,,,,Africa,Africa,False,False,False,False,False,Kenya
Kenya,KEN,2011,Country or economy,Solar,False,0.01,0.01,,0.128,0.128,0.0,0.0,0.0,,0.0,0.0,Africa,Africa,False,False,False,False,False,Kenya
Kenya,KEN,2011,Country or economy,Wind,False,0.02,0.0,0.0,0.255,-0.024,0.01,0.0,0.0,,0.0,0.0,Africa,Africa,False,False,False,False,False,Kenya
Kenya,KEN,2011,Country or economy,Hydro,False,3.42,0.03,0.885,43.678,-3.668,0.77,0.081,0.0,0.0,4.437,23.684,Africa,Africa,False,False,False,False,False,Kenya
Kenya,KEN,2011,Country or economy,Bioenergy,False,0.47,0.0,0.0,6.003,-0.561,0.06,0.102,0.0,0.0,5.587,217.021,Africa,Africa,False,False,False,False,False,Kenya
Kenya,KEN,2011,Country or economy,Other renewables,False,1.5,0.05,3.448,19.157,-1.094,0.0,0.056,0.001,1.818,3.067,37.333,Africa,Africa,False,False,False,False,False,Kenya
Kenya,KEN,2011,Country or economy,Nuclear,False,0.0,0.0,,0.0,0.0,0.0,0.0,0.0,,0.0,,Africa,Africa,False,False,False,False,False,Kenya
Kenya,KEN,2011,Country or economy,Coal,False,0.0,0.0,,0.0,0.0,,0.0,0.0,,0.0,,Africa,Africa,False,False,False,False,False,Kenya
Kenya,KEN,2011,Country or economy,Gas,False,0.0,0.0,,0.0,0.0,,0.0,0.0,,0.0,,Africa,Africa,False,False,False,False,False,Kenya
Kenya,KEN,2011,Country or economy,Other fossil,False,2.41,0.58,31.694,30.779,5.22,0.46,1.586,0.382,31.728,86.868,658.091,Africa,Africa,False,False,False,False,False,Kenya
Kenya,KEN,2011,Country or economy,Net imports,False,0.0,0.0,,0.0,0.0,,0.0,0.0,,0.0,,Africa,Africa,False,False,False,False,False,Kenya
Kenya,KEN,2011,Country or economy,Wind and solar,True,0.03,0.01,50.0,0.383,0.104,0.01,0.001,0.001,,0.055,33.333,Africa,Africa,False,False,False,False,False,Kenya
Kenya,KEN,2011,Country or economy,"Hydro, bioenergy and other renewables",True,5.39,0.08,1.507,68.838,-5.324,0.8300000000000001,0.239,0.002,0.844,13.091,44.341,Africa,Africa,False,False,False,False,False,Kenya
Kenya,KEN,2011,Country or economy,Renewables,True,5.42,0.09,1.689,69.221,-5.22,0.8400000000000001,0.24,0.003,1.266,13.145,44.28,Africa,Africa,False,False,False,False,False,Kenya
Kenya,KEN,2011,Country or economy,Clean,True,5.42,0.09,1.689,69.221,-5.22,0.8400000000000001,0.24,0.003,1.266,13.145,44.28,Africa,Africa,False,False,False,False,False,Kenya
Kenya,KEN,2011,Country or economy,Fossil,True,2.41,0.58,31.694,30.779,5.22,0.46,1.586,0.382,31.728,86.868,658.091,Africa,Africa,False,False,False,False,False,Kenya
Kenya,KEN,2011,Country or economy,Total generation,True,7.83,0.67,9.358,100.0,0.0,1.3,1.826,0.385,26.718,100.014,233.206,Africa,Africa,False,False,False,False,False,Kenya
Kenya,KEN,2011,Country or economy,Demand,True,7.83,0.67,9.358,100.0,0.0,,,,,,,Africa,Africa,False,False,False,False,False,Kenya
Kenya,KEN,2012,Country or economy,Solar,False,0.01,0.0,0.0,0.122,-0.006,0.0,0.0,0.0,,0.0,0.0,Africa,Africa,False,False,False,False,False,Kenya
Kenya,KEN,2012,Country or economy,Wind,False,0.01,-0.01,-50.0,0.122,-0.133,0.01,0.0,0.0,,0.0,0.0,Africa,Africa,False,False,False,False,False,Kenya
Kenya,KEN,2012,Country or economy,Hydro,False,4.26,0.84,24.561,52.142,8.464,0.82,0.101,0.02,24.691,6.854,23.709,Africa,Africa,False,False,False,False,False,Kenya
Kenya,KEN,2012,Country or economy,Bioenergy,False,0.47,0.0,0.0,5.753,-0.25,0.06,0.102,0.0,0.0,6.922,217.021,Africa,Africa,False,False,False,False,False,Kenya
Kenya,KEN,2012,Country or economy,Other renewables,False,1.58,0.08,5.333,19.339,0.182,0.0,0.059,0.003,5.357,4.004,37.342,Africa,Africa,False,False,False,False,False,Kenya
Kenya,KEN,2012,Country or economy,Nuclear,False,0.0,0.0,,0.0,0.0,0.0,0.0,0.0,,0.0,,Africa,Africa,False,False,False,False,False,Kenya
Kenya,KEN,2012,Country or economy,Coal,False,0.0,0.0,,0.0,0.0,,0.0,0.0,,0.0,,Africa,Africa,False,False,False,False,False,Kenya
Kenya,KEN,2012,Country or economy,Gas,False,0.0,0.0,,0.0,0.0,,0.0,0.0,,0.0,,Africa,Africa,False,False,False,False,False,Kenya
Kenya,KEN,2012,Country or economy,Other fossil,False,1.84,-0.57,-23.651,22.521,-8.258,0.46,1.211,-0.375,-23.644,82.182,658.152,Africa,Africa,False,False,False,False,False,Kenya
Kenya,KEN,2012,Country or economy,Net imports,False,0.01,0.01,,0.122,0.122,,0.0,0.0,,0.0,0.0,Africa,Africa,False,False,False,False,False,Kenya
Kenya,KEN,2012,Country or economy,Wind and solar,True,0.02,-0.01,-33.333,0.245,-0.138,0.01,0.001,0.0,0.0,0.068,50.0,Africa,Africa,False,False,False,False,False,Kenya
Kenya,KEN,2012,Country or economy,"Hydro, bioenergy and other renewables",True,6.31,0.92,17.069,77.234,8.396,0.8799999999999999,0.262,0.023,9.623,17.78,41.521,Africa,Africa,False,False,False,False,False,Kenya
Kenya,KEN,2012,Country or economy,Renewables,True,6.33,0.91,16.79,77.479,8.258,0.8899999999999999,0.263,0.023,9.583,17.848,41.548,Africa,Africa,False,False,False,False,False,Kenya
Kenya,KEN,2012,Country or economy,Clean,True,6.33,0.91,16.79,77.479,8.258,0.8899999999999999,0.263,0.023,9.583,17.848,41.548,Africa,Africa,False,False,False,False,False,Kenya
Kenya,KEN,2012,Country or economy,Fossil,True,1.84,-0.57,-23.651,22.521,-8.258,0.46,1.211,-0.375,-23.644,82.182,658.152,Africa,Africa,False,False,False,False,False,Kenya
Kenya,KEN,2012,Country or economy,Total generation,True,8.17,0.34,4.342,100.0,0.0,1.35,1.474,-0.352,-19.277,100.03,180.416,Africa,Africa,False,False,False,False,False,Kenya
Kenya,KEN,2012,Country or economy,Demand,True,8.18,0.35,4.47,100.122,0.122,,,,,,,Africa,Africa,False,False,False,False,False,Kenya
Kenya,KEN,2013,Country or economy,Solar,False,0.03,0.02,200.0,0.371,0.249,0.01,0.001,0.001,,0.07,33.333,Africa,Africa,False,False,False,False,False,Kenya
Kenya,KEN,2013,Country or economy,Wind,False,0.01,0.0,0.0,0.124,0.002,0.01,0.0,0.0,,0.0,0.0,Africa,Africa,False,False,False,False,False,Kenya
Kenya,KEN,2013,Country or economy,Hydro,False,3.91,-0.35,-8.216,48.391,-3.751,0.83,0.093,-0.008,-7.921,6.552,23.785,Africa,Africa,False,False,False,False,False,Kenya
Kenya,KEN,2013,Country or economy,Bioenergy,False,0.47,0.0,0.0,5.817,0.064,0.06,0.102,0.0,0.0,7.186,217.021,Africa,Africa,False,False,False,False,False,Kenya
Kenya,KEN,2013,Country or economy,Other renewables,False,1.91,0.33,20.886,23.639,4.3,0.0,0.072,0.013,22.034,5.073,37.696,Africa,Africa,False,False,False,False,False,Kenya
Kenya,KEN,2013,Country or economy,Nuclear,False,0.0,0.0,,0.0,0.0,0.0,0.0,0.0,,0.0,,Africa,Africa,False,False,False,False,False,Kenya
Kenya,KEN,2013,Country or economy,Coal,False,0.0,0.0,,0.0,0.0,,0.0,0.0,,0.0,,Africa,Africa,False,False,False,False,False,Kenya
Kenya,KEN,2013,Country or economy,Gas,False,0.0,0.0,,0.0,0.0,,0.0,0.0,,0.0,,Africa,Africa,False,False,False,False,False,Kenya
Kenya,KEN,2013,Country or economy,Other fossil,False,1.75,-0.09,-4.891,21.658,-0.863,0.55,1.152,-0.059,-4.872,81.162,658.286,Africa,Africa,False,False,False,False,False,Kenya
Kenya,KEN,2013,Country or economy,Net imports,False,0.0,-0.01,-100.0,0.0,-0.122,,0.0,0.0,,0.0,,Africa,Africa,False,False,False,False,False,Kenya
Kenya,KEN,2013,Country or economy,Wind and solar,True,0.04,0.02,100.0,0.495,0.25,0.02,0.002,0.001,100.0,0.141,50.0,Africa,Africa,False,False,False,False,False,Kenya
Kenya,KEN,2013,Country or economy,"Hydro, bioenergy and other renewables",True,6.29,-0.02,-0.317,77.847,0.613,0.8899999999999999,0.266,0.004,1.527,18.74,42.289,Africa,Africa,False,False,False,False,False,Kenya
Kenya,KEN,2013,Country or economy,Renewables,True,6.33,0.0,0.0,78.342,0.863,0.91,0.268,0.005,1.901,18.881,42.338,Africa,Africa,False,False,False,False,False,Kenya
Kenya,KEN,2013,Country or economy,Clean,True,6.33,0.0,0.0,78.342,0.863,0.91,0.268,0.005,1.901,18.881,42.338,Africa,Africa,False,False,False,False,False,Kenya
Kenya,KEN,2013,Country or economy,Fossil,True,1.75,-0.09,-4.891,21.658,-0.863,0.55,1.152,-0.059,-4.872,81.162,658.286,Africa,Africa,False,False,False,False,False,Kenya
Kenya,KEN,2013,Country or economy,Total generation,True,8.08,-0.09,-1.102,100.0,0.0,1.46,1.419,-0.055,-3.731,99.972,175.619,Africa,Africa,False,False,False,False,False,Kenya
Kenya,KEN,2013,Country or economy,Demand,True,8.08,-0.1,-1.222,100.0,-0.122,,,,,,,Africa,Africa,False,False,False,False,False,Kenya
Kenya,KEN,2014,Country or economy,Solar,False,0.05,0.02,66.667,0.543,0.172,0.01,0.002,0.001,100.0,0.116,40.0,Africa,Africa,False,False,False,False,False,Kenya
Kenya,KEN,2014,Country or economy,Wind,False,0.02,0.01,100.0,0.217,0.093,0.01,0.0,0.0,,0.0,0.0,Africa,Africa,False,False,False,False,False,Kenya
Kenya,KEN,2014,Country or economy,Hydro,False,3.28,-0.63,-16.113,35.652,-12.739,0.83,0.078,-0.015,-16.129,4.507,23.78,Africa,Africa,False,False,False,False,False,Kenya
Kenya,KEN,2014,Country or economy,Bioenergy,False,0.47,0.0,0.0,5.109,-0.708,0.06,0.102,0.0,0.0,5.893,217.021,Africa,Africa,False,False,False,False,False,Kenya
Kenya,KEN,2014,Country or economy,Other renewables,False,3.21,1.3,68.063,34.891,11.252,0.0,0.121,0.049,68.056,6.991,37.695,Africa,Africa,False,False,False,False,False,Kenya
Kenya,KEN,2014,Country or economy,Nuclear,False,0.0,0.0,,0.0,0.0,0.0,0.0,0.0,,0.0,,Africa,Africa,False,False,False,False,False,Kenya
Kenya,KEN,2014,Country or economy,Coal,False,0.0,0.0,,0.0,0.0,,0.0,0.0,,0.0,,Africa,Africa,False,False,False,False,False,Kenya
Kenya,KEN,2014,Country or economy,Gas,False,0.0,0.0,,0.0,0.0,,0.0,0.0,,0.0,,Africa,Africa,False,False,False,False,False,Kenya
Kenya,KEN,2014,Country or economy,Other fossil,False,2.17,0.42,24.0,23.587,1.929,0.63,1.428,0.276,23.958,82.508,658.065,Africa,Africa,False,False,False,False,False,Kenya
Kenya,KEN,2014,Country or economy,Net imports,False,0.13,0.13,,1.413,1.413,,0.0,0.0,,0.0,0.0,Africa,Africa,False,False,False,False,False,Kenya
Kenya,KEN,2014,Country or economy,Wind and solar,True,0.07,0.03,75.0,0.761,0.266,0.02,0.003,0.001,50.0,0.173,42.857,Africa,Africa,False,False,False,False,False,Kenya
Kenya,KEN,2014,Country or economy,"Hydro, bioenergy and other renewables",True,6.96,0.67,10.652,75.652,-2.195,0.8899999999999999,0.3,0.034,12.782,17.334,43.103,Africa,Africa,False,False,False,False,False,Kenya
Kenya,KEN,2014,Country or economy,Renewables,True,7.03,0.7,11.058,76.413,-1.929,0.91,0.303,0.035,13.06,17.507,43.101,Africa,Africa,False,False,False,False,False,Kenya
Kenya,KEN,2014,Country or economy,Clean,True,7.03,0.7,11.058,76.413,-1.929,0.91,0.303,0.035,13.06,17.507,43.101,Africa,Africa,False,False,False,False,False,Kenya
Kenya,KEN,2014,Country or economy,Fossil,True,2.17,0.42,24.0,23.587,1.929,0.63,1.428,0.276,23.958,82.508,658.065,Africa,Africa,False,False,False,False,False,Kenya
Kenya,KEN,2014,Country or economy,Total generation,True,9.2,1.12,13.861,100.0,0.0,1.54,1.731,0.312,21.987,100.015,188.152,Africa,Africa,False,False,False,False,False,Kenya
Kenya,KEN,2014,Country or economy,Demand,True,9.33,1.25,15.47,101.413,1.413,,,,,,,Africa,Africa,False,False,False,False,False,Kenya
Kenya,KEN,2015,Country or economy,Solar,False,0.05,0.0,0.0,0.51,-0.033,0.03,0.002,0.0,0.0,0.196,40.0,Africa,Africa,False,False,False,False,False,Kenya
Kenya,KEN,2015,Country or economy,Wind,False,0.06,0.04,200.0,0.612,0.395,0.03,0.001,0.001,,0.098,16.667,Africa,Africa,False,False,False,False,False,Kenya
Kenya,KEN,2015,Country or economy,Hydro,False,3.75,0.47,14.329,38.226,2.574,0.83,0.089,0.011,14.103,8.724,23.733,Africa,Africa,False,False,False,False,False,Kenya
Kenya,KEN,2015,Country or economy,Bioenergy,False,0.47,0.0,0.0,4.791,-0.318,0.06,0.102,0.0,0.0,9.998,217.021,Africa,Africa,False,False,False,False,False,Kenya
Kenya,KEN,2015,Country or economy,Other renewables,False,4.48,1.27,39.564,45.668,10.777,0.0,0.169,0.048,39.669,16.565,37.723,Africa,Africa,False,False,False,False,False,Kenya
Kenya,KEN,2015,Country or economy,Nuclear,False,0.0,0.0,,0.0,0.0,0.0,0.0,0.0,,0.0,,Africa,Africa,False,False,False,False,False,Kenya
Kenya,KEN,2015,Country or economy,Coal,False,0.0,0.0,,0.0,0.0,,0.0,0.0,,0.0,,Africa,Africa,False,False,False,False,False,Kenya
Kenya,KEN,2015,Country or economy,Gas,False,0.0,0.0,,0.0,0.0,,0.0,0.0,,0.0,,Africa,Africa,False,False,False,False,False,Kenya
Kenya,KEN,2015,Country or economy,Other fossil,False,1.0,-1.17,-53.917,10.194,-13.393,0.71,0.658,-0.77,-53.922,64.497,658.0,Africa,Africa,False,False,False,False,False,Kenya
Kenya,KEN,2015,Country or economy,Net imports,False,0.01,-0.12,-92.308,0.102,-1.311,,0.0,0.0,,0.0,0.0,Africa,Africa,False,False,False,False,False,Kenya
Kenya,KEN,2015,Country or economy,Wind and solar,True,0.11,0.04,57.143,1.121,0.36,0.06,0.003,0.0,0.0,0.294,27.273,Africa,Africa,False,False,False,False,False,Kenya
Kenya,KEN,2015,Country or economy,"Hydro, bioenergy and other renewables",True,8.7,1.74,25.0,88.685,13.033,0.8899999999999999,0.359,0.059,19.667,35.189,41.264,Africa,Africa,False,False,False,False,False,Kenya
Kenya,KEN,2015,Country or economy,Renewables,True,8.81,1.78,25.32,89.806,13.393,0.95,0.362,0.059,19.472,35.483,41.09,Africa,Africa,False,False,False,False,False,Kenya
Kenya,KEN,2015,Country or economy,Clean,True,8.81,1.78,25.32,89.806,13.393,0.95,0.362,0.059,19.472,35.483,41.09,Africa,Africa,False,False,False,False,False,Kenya
Kenya,KEN,2015,Country or economy,Fossil,True,1.0,-1.17,-53.917,10.194,-13.393,0.71,0.658,-0.77,-53.922,64.497,658.0,Africa,Africa,False,False,False,False,False,Kenya
Kenya,KEN,2015,Country or economy,Total generation,True,9.81,0.61,6.63,100.0,0.0,1.66,1.02,-0.711,-41.075,99.98,103.976,Africa,Africa,False,False,False,False,False,Kenya
Kenya,KEN,2015,Country or economy,Demand,True,9.82,0.49,5.252,100.102,-1.311,,,,,,,Africa,Africa,False,False,False,False,False,Kenya
Kenya,KEN,2016,Country or economy,Solar,False,0.06,0.01,20.0,0.62,0.11,0.03,0.003,0.001,50.0,0.284,50.0,Africa,Africa,False,False,False,False,False,Kenya
Kenya,KEN,2016,Country or economy,Wind,False,0.06,0.0,0.0,0.62,0.008,0.03,0.001,0.0,0.0,0.095,16.667,Africa,Africa,False,False,False,False,False,Kenya
Kenya,KEN,2016,Country or economy,Hydro,False,3.31,-0.44,-11.733,34.194,-4.032,0.83,0.079,-0.01,-11.236,7.486,23.867,Africa,Africa,False,False,False,False,False,Kenya
Kenya,KEN,2016,Country or economy,Bioenergy,False,0.52,0.05,10.638,5.372,0.581,0.08,0.112,0.01,9.804,10.614,215.385,Africa,Africa,False,False,False,False,False,Kenya
Kenya,KEN,2016,Country or economy,Other renewables,False,4.69,0.21,4.688,48.45,2.782,0.0,0.176,0.007,4.142,16.678,37.527,Africa,Africa,False,False,False,False,False,Kenya
Kenya,KEN,2016,Country or economy,Nuclear,False,0.0,0.0,,0.0,0.0,0.0,0.0,0.0,,0.0,,Africa,Africa,False,False,False,False,False,Kenya
Kenya,KEN,2016,Country or economy,Coal,False,0.0,0.0,,0.0,0.0,,0.0,0.0,,0.0,,Africa,Africa,False,False,False,False,False,Kenya
Kenya,KEN,2016,Country or economy,Gas,False,0.0,0.0,,0.0,0.0,,0.0,0.0,,0.0,,Africa,Africa,False,False,False,False,False,Kenya
Kenya,KEN,2016,Country or economy,Other fossil,False,1.04,0.04,4.0,10.744,0.55,0.71,0.684,0.026,3.951,64.818,657.692,Africa,Africa,False,False,False,False,False,Kenya
Kenya,KEN,2016,Country or economy,Net imports,False,0.05,0.04,400.0,0.517,0.415,,0.0,0.0,,0.0,0.0,Africa,Africa,False,False,False,False,False,Kenya
Kenya,KEN,2016,Country or economy,Wind and solar,True,0.12,0.01,9.091,1.24,0.119,0.06,0.003,0.0,0.0,0.284,25.0,Africa,Africa,False,False,False,False,False,Kenya
Kenya,KEN,2016,Country or economy,"Hydro, bioenergy and other renewables",True,8.52,-0.18,-2.069,88.017,-0.668,0.91,0.368,0.009,2.507,34.873,43.192,Africa,Africa,False,False,False,False,False,Kenya
Kenya,KEN,2016,Country or economy,Renewables,True,8.64,-0.17,-1.93,89.256,-0.55,0.97,0.371,0.009,2.486,35.157,42.94,Africa,Africa,False,False,False,False,False,Kenya
Kenya,KEN,2016,Country or economy,Clean,True,8.64,-0.17,-1.93,89.256,-0.55,0.97,0.371,0.009,2.486,35.157,42.94,Africa,Africa,False,False,False,False,False,Kenya
Kenya,KEN,2016,Country or economy,Fossil,True,1.04,0.04,4.0,10.744,0.55,0.71,0.684,0.026,3.951,64.818,657.692,Africa,Africa,False,False,False,False,False,Kenya
Kenya,KEN,2016,Country or economy,Total generation,True,9.68,-0.13,-1.325,100.0,0.0,1.68,1.055,0.035,3.431,99.976,108.988,Africa,Africa,False,False,False,False,False,Kenya
Kenya,KEN,2016,Country or economy,Demand,True,9.73,-0.09,-0.916,100.517,0.415,,,,,,,Africa,Africa,False,False,False,False,False,Kenya
Kenya,KEN,2017,Country or economy,Solar,False,0.07,0.01,16.667,0.646,0.026,0.04,0.003,0.0,0.0,0.169,42.857,Africa,Africa,False,False,False,False,False,Kenya
Kenya,KEN,2017,Country or economy,Wind,False,0.06,0.0,0.0,0.554,-0.066,0.03,0.001,0.0,0.0,0.056,16.667,Africa,Africa,False,False,False,False,False,Kenya
Kenya,KEN,2017,Country or economy,Hydro,False,3.17,-0.14,-4.23,29.271,-4.923,0.84,0.075,-0.004,-5.063,4.233,23.659,Africa,Africa,False,False,False,False,False,Kenya
Kenya,KEN,2017,Country or economy,Bioenergy,False,0.7,0.18,34.615,6.464,1.092,0.09,0.151,0.039,34.821,8.523,215.714,Africa,Africa,False,False,False,False,False,Kenya
Kenya,KEN,2017,Country or economy,Other renewables,False,4.76,0.07,1.493,43.952,-4.498,0.0,0.179,0.003,1.705,10.103,37.605,Africa,Africa,False,False,False,False,False,Kenya
Kenya,KEN,2017,Country or economy,Nuclear,False,0.0,0.0,,0.0,0.0,0.0,0.0,0.0,,0.0,,Africa,Africa,False,False,False,False,False,Kenya
Kenya,KEN,2017,Country or economy,Coal,False,0.0,0.0,,0.0,0.0,,0.0,0.0,,0.0,,Africa,Africa,False,False,False,False,False,Kenya
Kenya,KEN,2017,Country or economy,Gas,False,0.0,0.0,,0.0,0.0,,0.0,0.0,,0.0,,Africa,Africa,False,False,False,False,False,Kenya
Kenya,KEN,2017,Country or economy,Other fossil,False,2.07,1.03,99.038,19.114,8.37,0.71,1.362,0.678,99.123,76.876,657.971,Africa,Africa,False,False,False,False,False,Kenya
Kenya,KEN,2017,Country or economy,Net imports,False,0.22,0.17,340.0,2.031,1.514,,0.0,0.0,,0.0,0.0,Africa,Africa,False,False,False,False,False,Kenya
Kenya,KEN,2017,Country or economy,Wind and solar,True,0.13,0.01,8.333,1.2,-0.04,0.07,0.004,0.001,33.333,0.226,30.769,Africa,Africa,False,False,False,False,False,Kenya
Kenya,KEN,2017,Country or economy,"Hydro, bioenergy and other renewables",True,8.63,0.11,1.291,79.686,-8.331,0.93,0.406,0.038,10.326,22.916,47.045,Africa,Africa,False,False,False,False,False,Kenya
Kenya,KEN,2017,Country or economy,Renewables,True,8.76,0.12,1.389,80.886,-8.37,1.0,0.41,0.039,10.512,23.142,46.804,Africa,Africa,False,False,False,False,False,Kenya
Kenya,KEN,2017,Country or economy,Clean,True,8.76,0.12,1.389,80.886,-8.37,1.0,0.41,0.039,10.512,23.142,46.804,Africa,Africa,False,False,False,False,False,Kenya
Kenya,KEN,2017,Country or economy,Fossil,True,2.07,1.03,99.038,19.114,8.37,0.71,1.362,0.678,99.123,76.876,657.971,Africa,Africa,False,False,False,False,False,Kenya
Kenya,KEN,2017,Country or economy,Total generation,True,10.83,1.15,11.88,100.0,0.0,1.71,1.772,0.717,67.962,100.017,163.62,Africa,Africa,False,False,False,False,False,Kenya
Kenya,KEN,2017,Country or economy,Demand,True,11.05,1.32,13.566,102.031,1.514,,,,,,,Africa,Africa,False,False,False,False,False,Kenya
Kenya,KEN,2018,Country or economy,Solar,False,0.09,0.02,28.571,0.796,0.15,0.09,0.004,0.001,33.333,0.296,44.444,Africa,Africa,False,False,False,False,False,Kenya
Kenya,KEN,2018,Country or economy,Wind,False,0.38,0.32,533.333,3.363,2.809,0.34,0.004,0.003,300.0,0.296,10.526,Africa,Africa,False,False,False,False,False,Kenya
Kenya,KEN,2018,Country or economy,Hydro,False,3.99,0.82,25.868,35.31,6.039,0.85,0.095,0.02,26.667,7.036,23.81,Africa,Africa,False,False,False,False,False,Kenya
Kenya,KEN,2018,Country or economy,Bioenergy,False,0.16,-0.54,-77.143,1.416,-5.048,0.09,0.035,-0.116,-76.821,2.592,218.75,Africa,Africa,False,False,False,False,False,Kenya
Kenya,KEN,2018,Country or economy,Other renewables,False,5.13,0.37,7.773,45.398,1.446,0.0,0.193,0.014,7.821,14.294,37.622,Africa,Africa,False,False,False,False,False,Kenya
Kenya,KEN,2018,Country or economy,Nuclear,False,0.0,0.0,,0.0,0.0,0.0,0.0,0.0,,0.0,,Africa,Africa,False,False,False,False,False,Kenya
Kenya,KEN,2018,Country or economy,Coal,False,0.0,0.0,,0.0,0.0,,0.0,0.0,,0.0,,Africa,Africa,False,False,False,False,False,Kenya
Kenya,KEN,2018,Country or economy,Gas,False,0.0,0.0,,0.0,0.0,,0.0,0.0,,0.0,,Africa,Africa,False,False,False,False,False,Kenya
Kenya,KEN,2018,Country or economy,Other fossil,False,1.55,-0.52,-25.121,13.717,-5.397,0.71,1.02,-0.342,-25.11,75.543,658.065,Africa,Africa,False,False,False,False,False,Kenya
Kenya,KEN,2018,Country or economy,Net imports,False,0.09,-0.13,-59.091,0.796,-1.235,,0.0,0.0,,0.0,0.0,Africa,Africa,False,False,False,False,False,Kenya
Kenya,KEN,2018,Country or economy,Wind and solar,True,0.47,0.34,261.538,4.159,2.959,0.43,0.008,0.004,100.0,0.592,17.021,Africa,Africa,False,False,False,False,False,Kenya
Kenya,KEN,2018,Country or economy,"Hydro, bioenergy and other renewables",True,9.28,0.65,7.532,82.124,2.438,0.94,0.322,-0.084,-20.69,23.848,34.698,Africa,Africa,False,False,False,False,False,Kenya
Kenya,KEN,2018,Country or economy,Renewables,True,9.75,0.99,11.301,86.283,5.397,1.37,0.33,-0.08,-19.512,24.44,33.846,Africa,Africa,False,False,False,False,False,Kenya
Kenya,KEN,2018,Country or economy,Clean,True,9.75,0.99,11.301,86.283,5.397,1.37,0.33,-0.08,-19.512,24.44,33.846,Africa,Africa,False,False,False,False,False,Kenya
Kenya,KEN,2018,Country or economy,Fossil,True,1.55,-0.52,-25.121,13.717,-5.397,0.71,1.02,-0.342,-25.11,75.543,658.065,Africa,Africa,False,False,False,False,False,Kenya
Kenya,KEN,2018,Country or economy,Total generation,True,11.3,0.47,4.34,100.0,0.0,2.08,1.35,-0.422,-23.815,99.984,119.469,Africa,Africa,False,False,False,False,False,Kenya
Kenya,KEN,2018,Country or economy,Demand,True,11.39,0.34,3.077,100.796,-1.235,,,,,,,Africa,Africa,False,False,False,False,False,Kenya
Kenya,KEN,2019,Country or economy,Solar,False,0.09,0.0,0.0,0.779,-0.017,0.1,0.004,0.0,0.0,0.337,44.444,Africa,Africa,False,False,False,False,False,Kenya
Kenya,KEN,2019,Country or economy,Wind,False,1.56,1.18,310.526,13.495,10.132,0.34,0.015,0.011,275.0,1.264,9.615,Africa,Africa,False,False,False,False,False,Kenya
Kenya,KEN,2019,Country or economy,Hydro,False,3.21,-0.78,-19.549,27.768,-7.542,0.85,0.076,-0.019,-20.0,6.402,23.676,Africa,Africa,False,False,False,False,False,Kenya
Kenya,KEN,2019,Country or economy,Bioenergy,False,0.15,-0.01,-6.25,1.298,-0.118,0.09,0.032,-0.003,-8.571,2.696,213.333,Africa,Africa,False,False,False,False,False,Kenya
Kenya,KEN,2019,Country or economy,Other renewables,False,5.24,0.11,2.144,45.329,-0.069,0.0,0.197,0.004,2.073,16.595,37.595,Africa,Africa,False,False,False,False,False,Kenya
Kenya,KEN,2019,Country or economy,Nuclear,False,0.0,0.0,,0.0,0.0,0.0,0.0,0.0,,0.0,,Africa,Africa,False,False,False,False,False,Kenya
Kenya,KEN,2019,Country or economy,Coal,False,0.0,0.0,,0.0,0.0,,0.0,0.0,,0.0,,Africa,Africa,False,False,False,False,False,Kenya
Kenya,KEN,2019,Country or economy,Gas,False,0.0,0.0,,0.0,0.0,,0.0,0.0,,0.0,,Africa,Africa,False,False,False,False,False,Kenya
Kenya,KEN,2019,Country or economy,Other fossil,False,1.31,-0.24,-15.484,11.332,-2.385,0.71,0.862,-0.158,-15.49,72.613,658.015,Africa,Africa,False,False,False,False,False,Kenya
Kenya,KEN,2019,Country or economy,Net imports,False,0.2,0.11,122.222,1.73,0.934,,0.0,0.0,,0.0,0.0,Africa,Africa,False,False,False,False,False,Kenya
Kenya,KEN,2019,Country or economy,Wind and solar,True,1.65,1.18,251.064,14.273,10.114,0.44,0.019,0.011,137.5,1.601,11.515,Africa,Africa,False,False,False,False,False,Kenya
Kenya,KEN,2019,Country or economy,"Hydro, bioenergy and other renewables",True,8.6,-0.68,-7.328,74.394,-7.73,0.94,0.306,-0.016,-4.969,25.777,35.581,Africa,Africa,False,False,False,False,False,Kenya
Kenya,KEN,2019,Country or economy,Renewables,True,10.25,0.5,5.128,88.668,2.385,1.38,0.325,-0.005,-1.515,27.377,31.707,Africa,Africa,False,False,False,False,False,Kenya
Kenya,KEN,2019,Country or economy,Clean,True,10.25,0.5,5.128,88.668,2.385,1.38,0.325,-0.005,-1.515,27.377,31.707,Africa,Africa,False,False,False,False,False,Kenya
Kenya,KEN,2019,Country or economy,Fossil,True,1.31,-0.24,-15.484,11.332,-2.385,0.71,0.862,-0.158,-15.49,72.613,658.015,Africa,Africa,False,False,False,False,False,Kenya
Kenya,KEN,2019,Country or economy,Total generation,True,11.56,0.26,2.301,100.0,0.0,2.09,1.187,-0.163,-12.074,99.991,102.682,Africa,Africa,False,False,False,False,False,Kenya
Kenya,KEN,2019,Country or economy,Demand,True,11.76,0.37,3.248,101.73,0.934,,,,,,,Africa,Africa,False,False,False,False,False,Kenya
Kenya,KEN,2020,Country or economy,Solar,False,0.09,0.0,0.0,0.771,-0.008,0.11,0.004,0.0,0.0,0.471,44.444,Africa,Africa,False,False,False,False,False,Kenya
Kenya,KEN,2020,Country or economy,Wind,False,1.33,-0.23,-14.744,11.387,-2.108,0.34,0.013,-0.002,-13.333,1.531,9.774,Africa,Africa,False,False,False,False,False,Kenya
Kenya,KEN,2020,Country or economy,Hydro,False,4.23,1.02,31.776,36.216,8.448,0.85,0.101,0.025,32.895,11.896,23.877,Africa,Africa,False,False,False,False,False,Kenya
Kenya,KEN,2020,Country or economy,Bioenergy,False,0.22,0.07,46.667,1.884,0.586,0.1,0.048,0.016,50.0,5.654,218.182,Africa,Africa,False,False,False,False,False,Kenya
Kenya,KEN,2020,Country or economy,Other renewables,False,5.06,-0.18,-3.435,43.322,-2.007,0.0,0.19,-0.007,-3.553,22.379,37.549,Africa,Africa,False,False,False,False,False,Kenya
Kenya,KEN,2020,Country or economy,Nuclear,False,0.0,0.0,,0.0,0.0,0.0,0.0,0.0,,0.0,,Africa,Africa,False,False,False,False,False,Kenya
Kenya,KEN,2020,Country or economy,Coal,False,0.0,0.0,,0.0,0.0,,0.0,0.0,,0.0,,Africa,Africa,False,False,False,False,False,Kenya
Kenya,KEN,2020,Country or economy,Gas,False,0.0,0.0,,0.0,0.0,,0.0,0.0,,0.0,,Africa,Africa,False,False,False,False,False,Kenya
Kenya,KEN,2020,Country or economy,Other fossil,False,0.75,-0.56,-42.748,6.421,-4.911,0.71,0.494,-0.368,-42.691,58.185,658.667,Africa,Africa,False,False,False,False,False,Kenya
Kenya,KEN,2020,Country or economy,Net imports,False,0.12,-0.08,-40.0,1.027,-0.703,,0.0,0.0,,0.0,0.0,Africa,Africa,False,False,False,False,False,Kenya
Kenya,KEN,2020,Country or economy,Wind and solar,True,1.42,-0.23,-13.939,12.158,-2.115,0.45,0.017,-0.002,-10.526,2.002,11.972,Africa,Africa,False,False,False,False,False,Kenya
Kenya,KEN,2020,Country or economy,"Hydro, bioenergy and other renewables",True,9.51,0.91,10.581,81.421,7.027,0.95,0.338,0.032,10.458,39.811,35.542,Africa,Africa,False,False,False,False,False,Kenya
Kenya,KEN,2020,Country or economy,Renewables,True,10.93,0.68,6.634,93.579,4.911,1.4,0.356,0.031,9.538,41.931,32.571,Africa,Africa,False,False,False,False,False,Kenya
Kenya,KEN,2020,Country or economy,Clean,True,10.93,0.68,6.634,93.579,4.911,1.4,0.356,0.031,9.538,41.931,32.571,Africa,Africa,False,False,False,False,False,Kenya
Kenya,KEN,2020,Country or economy,Fossil,True,0.75,-0.56,-42.748,6.421,-4.911,0.71,0.494,-0.368,-42.691,58.185,658.667,Africa,Africa,False,False,False,False,False,Kenya
Kenya,KEN,2020,Country or economy,Total generation,True,11.68,0.12,1.038,100.0,0.0,2.11,0.849,-0.338,-28.475,99.998,72.688,Africa,Africa,False,False,False,False,False,Kenya
Kenya,KEN,2020,Country or economy,Demand,True,11.8,0.04,0.34,101.027,-0.703,,,,,,,Africa,Africa,False,False,False,False,False,Kenya
Kenya,KEN,2021,Country or economy,Solar,False,0.17,0.08,88.889,1.373,0.602,0.17,0.008,0.004,100.0,0.674,47.059,Africa,Africa,False,False,False,False,False,Kenya
Kenya,KEN,2021,Country or economy,Wind,False,1.99,0.66,49.624,16.074,4.687,0.44,0.019,0.006,46.154,1.6,9.548,Africa,Africa,False,False,False,False,False,Kenya
Kenya,KEN,2021,Country or economy,Hydro,False,3.67,-0.56,-13.239,29.645,-6.571,0.86,0.087,-0.014,-13.861,7.328,23.706,Africa,Africa,False,False,False,False,False,Kenya
Kenya,KEN,2021,Country or economy,Bioenergy,False,0.25,0.03,13.636,2.019,0.135,0.1,0.054,0.006,12.5,4.549,216.0,Africa,Africa,False,False,False,False,False,Kenya
Kenya,KEN,2021,Country or economy,Other renewables,False,5.04,-0.02,-0.395,40.711,-2.611,0.0,0.19,0.0,0.0,16.004,37.698,Africa,Africa,False,False,False,False,False,Kenya
Kenya,KEN,2021,Country or economy,Nuclear,False,0.0,0.0,,0.0,0.0,0.0,0.0,0.0,,0.0,,Africa,Africa,False,False,False,False,False,Kenya
Kenya,KEN,2021,Country or economy,Coal,False,0.0,0.0,,0.0,0.0,,0.0,0.0,,0.0,,Africa,Africa,False,False,False,False,False,Kenya
Kenya,KEN,2021,Country or economy,Gas,False,0.0,0.0,,0.0,0.0,,0.0,0.0,,0.0,,Africa,Africa,False,False,False,False,False,Kenya
Kenya,KEN,2021,Country or economy,Other fossil,False,1.26,0.51,68.0,10.178,3.757,0.64,0.829,0.335,67.814,69.829,657.937,Africa,Africa,False,False,False,False,False,Kenya
Kenya,KEN,2021,Country or economy,Net imports,False,0.27,0.15,125.0,2.181,1.154,,0.0,0.0,,0.0,0.0,Africa,Africa,False,False,False,False,False,Kenya
Kenya,KEN,2021,Country or economy,Wind and solar,True,2.16,0.74,52.113,17.447,5.289,0.61,0.027,0.01,58.824,2.274,12.5,Africa,Africa,False,False,False,False,False,Kenya
Kenya,KEN,2021,Country or economy,"Hydro, bioenergy and other renewables",True,8.96,-0.55,-5.783,72.375,-9.046,0.96,0.331,-0.007,-2.071,27.881,36.942,Africa,Africa,False,False,False,False,False,Kenya
Kenya,KEN,2021,Country or economy,Renewables,True,11.12,0.19,1.738,89.822,-3.757,1.5699999999999998,0.358,0.002,0.562,30.155,32.194,Africa,Africa,False,False,False,False,False,Kenya
Kenya,KEN,2021,Country or economy,Clean,True,11.12,0.19,1.738,89.822,-3.757,1.5699999999999998,0.358,0.002,0.562,30.155,32.194,Africa,Africa,False,False,False,False,False,Kenya
Kenya,KEN,2021,Country or economy,Fossil,True,1.26,0.51,68.0,10.178,3.757,0.64,0.829,0.335,67.814,69.829,657.937,Africa,Africa,False,False,False,False,False,Kenya
Kenya,KEN,2021,Country or economy,Total generation,True,12.38,0.7,5.993,100.0,0.0,2.21,1.187,0.338,39.812,99.985,95.88,Africa,Africa,False,False,False,False,False,Kenya
Kenya,KEN,2021,Country or economy,Demand,True,12.65,0.85,7.203,102.181,1.154,,,,,,,Africa,Africa,False,False,False,False,False,Kenya
Kenya,KEN,2022,Country or economy,Solar,False,0.42,0.25,147.059,3.241,1.868,0.27,0.02,0.012,150.0,1.412,47.619,Africa,Africa,False,False,False,False,False,Kenya
Kenya,KEN,2022,Country or economy,Wind,False,2.14,0.15,7.538,16.512,0.438,0.44,0.021,0.002,10.526,1.483,9.813,Africa,Africa,False,False,False,False,False,Kenya
Kenya,KEN,2022,Country or economy,Hydro,False,3.04,-0.63,-17.166,23.457,-6.188,0.86,0.072,-0.015,-17.241,5.084,23.684,Africa,Africa,False,False,False,False,False,Kenya
Kenya,KEN,2022,Country or economy,Bioenergy,False,0.26,0.01,4.0,2.006,-0.013,0.1,0.056,0.002,3.704,3.954,215.385,Africa,Africa,False,False,False,False,False,Kenya
Kenya,KEN,2022,Country or economy,Other renewables,False,5.52,0.48,9.524,42.593,1.882,0.0,0.208,0.018,9.474,14.686,37.681,Africa,Africa,False,False,False,False,False,Kenya
Kenya,KEN,2022,Country or economy,Nuclear,False,0.0,0.0,,0.0,0.0,0.0,0.0,0.0,,0.0,,Africa,Africa,False,False,False,False,False,Kenya
Kenya,KEN,2022,Country or economy,Coal,False,0.0,0.0,,0.0,0.0,,0.0,0.0,,0.0,,Africa,Africa,False,False,False,False,False,Kenya
Kenya,KEN,2022,Country or economy,Gas,False,0.0,0.0,,0.0,0.0,,0.0,0.0,,0.0,,Africa,Africa,False,False,False,False,False,Kenya
Kenya,KEN,2022,Country or economy,Other fossil,False,1.58,0.32,25.397,12.191,2.013,0.64,1.04,0.211,25.452,73.43,658.228,Africa,Africa,False,False,False,False,False,Kenya
Kenya,KEN,2022,Country or economy,Net imports,False,0.3,0.03,11.111,2.315,0.134,,0.0,0.0,,0.0,0.0,Africa,Africa,False,False,False,False,False,Kenya
Kenya,KEN,2022,Country or economy,Wind and solar,True,2.56,0.4,18.519,19.753,2.306,0.71,0.041,0.014,51.852,2.895,16.016,Africa,Africa,False,False,False,False,False,Kenya
Kenya,KEN,2022,Country or economy,"Hydro, bioenergy and other renewables",True,8.82,-0.14,-1.563,68.056,-4.319,0.96,0.336,0.005,1.511,23.724,38.095,Africa,Africa,False,False,False,False,False,Kenya
Kenya,KEN,2022,Country or economy,Renewables,True,11.38,0.26,2.338,87.809,-2.013,1.67,0.377,0.019,5.307,26.618,33.128,Africa,Africa,False,False,False,False,False,Kenya
Kenya,KEN,2022,Country or economy,Clean,True,11.38,0.26,2.338,87.809,-2.013,1.67,0.377,0.019,5.307,26.618,33.128,Africa,Africa,False,False,False,False,False,Kenya
Kenya,KEN,2022,Country or economy,Fossil,True,1.58,0.32,25.397,12.191,2.013,0.64,1.04,0.211,25.452,73.43,658.228,Africa,Africa,False,False,False,False,False,Kenya
Kenya,KEN,2022,Country or economy,Total generation,True,12.96,0.58,4.685,100.0,0.0,2.31,1.416,0.229,19.292,99.978,109.259,Africa,Africa,False,False,False,False,False,Kenya
Kenya,KEN,2022,Country or economy,Demand,True,13.26,0.61,4.822,102.315,0.134,,,,,,,Africa,Africa,False,False,False,False,False,Kenya
Kenya,KEN,2023,Country or economy,Solar,False,0.58,0.16,38.095,4.531,1.29,0.47,0.028,0.008,40.0,2.254,48.276,Africa,Africa,False,False,False,False,False,Kenya
Kenya,KEN,2023,Country or economy,Wind,False,2.01,-0.13,-6.075,15.703,-0.809,0.44,0.019,-0.002,-9.524,1.529,9.453,Africa,Africa,False,False,False,False,False,Kenya
Kenya,KEN,2023,Country or economy,Hydro,False,2.67,-0.37,-12.171,20.859,-2.598,0.89,0.063,-0.009,-12.5,5.071,23.596,Africa,Africa,False,False,False,False,False,Kenya
Kenya,KEN,2023,Country or economy,Bioenergy,False,0.2,-0.06,-23.077,1.563,-0.443,0.1,0.043,-0.013,-23.214,3.461,215.0,Africa,Africa,False,False,False,False,False,Kenya
Kenya,KEN,2023,Country or economy,Other renewables,False,6.03,0.51,9.239,47.109,4.516,0.0,0.227,0.019,9.135,18.271,37.645,Africa,Africa,False,False,False,False,False,Kenya
Kenya,KEN,2023,Country or economy,Nuclear,False,0.0,0.0,,0.0,0.0,0.0,0.0,0.0,,0.0,,Africa,Africa,False,False,False,False,False,Kenya
Kenya,KEN,2023,Country or economy,Coal,False,0.0,0.0,,0.0,0.0,,0.0,0.0,,0.0,,Africa,Africa,False,False,False,False,False,Kenya
Kenya,KEN,2023,Country or economy,Gas,False,0.0,0.0,,0.0,0.0,,0.0,0.0,,0.0,,Africa,Africa,False,False,False,False,False,Kenya
Kenya,KEN,2023,Country or economy,Other fossil,False,1.31,-0.27,-17.089,10.234,-1.957,0.57,0.862,-0.178,-17.115,69.38,658.015,Africa,Africa,False,False,False,False,False,Kenya
Kenya,KEN,2023,Country or economy,Net imports,False,0.89,0.59,196.667,6.953,4.638,,0.0,0.0,,0.0,0.0,Africa,Africa,False,False,False,False,False,Kenya
Kenya,KEN,2023,Country or economy,Wind and solar,True,2.59,0.03,1.172,20.234,0.481,0.91,0.047,0.006,14.634,3.783,18.147,Africa,Africa,False,False,False,False,False,Kenya
Kenya,KEN,2023,Country or economy,"Hydro, bioenergy and other renewables",True,8.9,0.08,0.907,69.531,1.475,0.99,0.334,-0.002,-0.595,26.883,37.528,Africa,Africa,False,False,False,False,False,Kenya
Kenya,KEN,2023,Country or economy,Renewables,True,11.49,0.11,0.967,89.766,1.957,1.9,0.38,0.003,0.796,30.585,33.072,Africa,Africa,False,False,False,False,False,Kenya
Kenya,KEN,2023,Country or economy,Clean,True,11.49,0.11,0.967,89.766,1.957,1.9,0.38,0.003,0.796,30.585,33.072,Africa,Africa,False,False,False,False,False,Kenya
Kenya,KEN,2023,Country or economy,Fossil,True,1.31,-0.27,-17.089,10.234,-1.957,0.57,0.862,-0.178,-17.115,69.38,658.015,Africa,Africa,False,False,False,False,False,Kenya
Kenya,KEN,2023,Country or economy,Total generation,True,12.8,-0.16,-1.235,100.0,0.0,2.47,1.242,-0.174,-12.288,99.965,97.031,Africa,Africa,False,False,False,False,False,Kenya
Kenya,KEN,2023,Country or economy,Demand,True,13.69,0.43,3.243,106.953,4.638,,,,,,,Africa,Africa,False,False,False,False,False,Kenya
Kenya,KEN,2024,Country or economy,Solar,False,0.66,0.08,13.793,4.977,0.446,0.55,0.031,0.003,10.714,2.723,46.97,Africa,Africa,False,False,False,False,False,Kenya
Kenya,KEN,2024,Country or economy,Wind,False,2.17,0.16,7.96,16.365,0.662,0.44,0.021,0.002,10.526,1.845,9.677,Africa,Africa,False,False,False,False,False,Kenya
Kenya,KEN,2024,Country or economy,Hydro,False,3.1,0.43,16.105,23.379,2.52,0.89,0.074,0.011,17.46,6.5,23.871,Africa,Africa,False,False,False,False,False,Kenya
Kenya,KEN,2024,Country or economy,Bioenergy,False,0.2,0.0,0.0,1.508,-0.055,0.17,0.043,0.0,0.0,3.777,215.0,Africa,Africa,False,False,False,False,False,Kenya
Kenya,KEN,2024,Country or economy,Other renewables,False,6.0,-0.03,-0.498,45.249,-1.86,0.0,0.226,-0.001,-0.441,19.852,37.667,Africa,Africa,False,False,False,False,False,Kenya
Kenya,KEN,2024,Country or economy,Nuclear,False,0.0,0.0,,0.0,0.0,0.0,0.0,0.0,,0.0,,Africa,Africa,False,False,False,False,False,Kenya
Kenya,KEN,2024,Country or economy,Coal,False,0.0,0.0,,0.0,0.0,,0.0,0.0,,0.0,,Africa,Africa,False,False,False,False,False,Kenya
Kenya,KEN,2024,Country or economy,Gas,False,0.0,0.0,,0.0,0.0,,0.0,0.0,,0.0,,Africa,Africa,False,False,False,False,False,Kenya
Kenya,KEN,2024,Country or economy,Other fossil,False,1.13,-0.18,-13.74,8.522,-1.712,0.57,0.744,-0.118,-13.689,65.354,658.407,Africa,Africa,False,False,False,False,False,Kenya
Kenya,KEN,2024,Country or economy,Net imports,False,1.49,0.6,67.416,11.237,4.284,,0.0,0.0,,0.0,0.0,Africa,Africa,False,False,False,False,False,Kenya
Kenya,KEN,2024,Country or economy,Wind and solar,True,2.83,0.24,9.266,21.342,1.108,0.99,0.052,0.005,10.638,4.568,18.375,Africa,Africa,False,False,False,False,False,Kenya
Kenya,KEN,2024,Country or economy,"Hydro, bioenergy and other renewables",True,9.3,0.4,4.494,70.136,0.605,1.06,0.343,0.009,2.695,30.129,36.882,Africa,Africa,False,False,False,False,False,Kenya
Kenya,KEN,2024,Country or economy,Renewables,True,12.13,0.64,5.57,91.478,1.712,2.0500000000000003,0.395,0.015,3.947,34.697,32.564,Africa,Africa,False,False,False,False,False,Kenya
Kenya,KEN,2024,Country or economy,Clean,True,12.13,0.64,5.57,91.478,1.712,2.0500000000000003,0.395,0.015,3.947,34.697,32.564,Africa,Africa,False,False,False,False,False,Kenya
Kenya,KEN,2024,Country or economy,Fossil,True,1.13,-0.18,-13.74,8.522,-1.712,0.57,0.744,-0.118,-13.689,65.354,658.407,Africa,Africa,False,False,False,False,False,Kenya
Kenya,KEN,2024,Country or economy,Total generation,True,13.26,0.46,3.594,100.0,0.0,2.62,1.138,-0.104,-8.374,99.963,85.822,Africa,Africa,False,False,False,False,False,Kenya
Kenya,KEN,2024,Country or economy,Demand,True,14.75,1.06,7.743,111.237,4.284,,,,,,,Africa,Africa,False,False,False,False,False,Kenya
Kenya,KEN,2025,Country or economy,Solar,False,0.673,0.013,1.97,4.791,-0.186,0.55,0.032,0.001,3.226,2.375,47.548,Africa,Africa,False,False,False,False,False,Kenya
Kenya,KEN,2025,Country or economy,Wind,False,2.321,0.151,6.959,16.522,0.157,0.44,0.022,0.001,4.762,1.633,9.479,Africa,Africa,False,False,False,False,False,Kenya
Kenya,KEN,2025,Country or economy,Hydro,False,2.932,-0.168,-5.419,20.871,-2.508,0.89,0.07,-0.004,-5.405,5.195,23.874,Africa,Africa,False,False,False,False,False,Kenya
Kenya,KEN,2025,Country or economy,Bioenergy,False,0.283,0.083,41.5,2.014,0.506,0.17,0.061,0.018,41.86,4.527,215.548,Africa,Africa,False,False,False,False,False,Kenya
Kenya,KEN,2025,Country or economy,Other renewables,False,6.442,0.442,7.367,45.856,0.607,0.0,0.242,0.016,7.08,17.961,37.566,Africa,Africa,False,False,False,False,False,Kenya
Kenya,KEN,2025,Country or economy,Nuclear,False,0.0,0.0,,0.0,0.0,0.0,0.0,0.0,,0.0,,Africa,Africa,False,False,False,False,False,Kenya
Kenya,KEN,2025,Country or economy,Coal,False,0.0,0.0,,0.0,0.0,,0.0,0.0,,0.0,,Africa,Africa,False,False,False,False,False,Kenya
Kenya,KEN,2025,Country or economy,Gas,False,0.0,0.0,,0.0,0.0,,0.0,0.0,,0.0,,Africa,Africa,False,False,False,False,False,Kenya
Kenya,KEN,2025,Country or economy,Other fossil,False,1.398,0.268,23.717,9.951,1.429,0.57,0.92,0.176,23.656,68.28,658.083,Africa,Africa,False,False,False,False,False,Kenya
Kenya,KEN,2025,Country or economy,Net imports,False,1.524,0.034,2.282,10.848,-0.389,,0.0,0.0,,0.0,0.0,Africa,Africa,False,False,False,False,False,Kenya
Kenya,KEN,2025,Country or economy,Wind and solar,True,2.994,0.164,5.795,21.312,-0.03,0.99,0.054,0.002,3.846,4.008,18.036,Africa,Africa,False,False,False,False,False,Kenya
Kenya,KEN,2025,Country or economy,"Hydro, bioenergy and other renewables",True,9.656,0.356,3.828,68.734,-1.402,1.06,0.373,0.03,8.746,27.683,38.629,Africa,Africa,False,False,False,False,False,Kenya
Kenya,KEN,2025,Country or economy,Renewables,True,12.65,0.52,4.287,90.047,-1.431,2.0500000000000003,0.427,0.032,8.101,31.691,33.755,Africa,Africa,False,False,False,False,False,Kenya
Kenya,KEN,2025,Country or economy,Clean,True,12.65,0.52,4.287,90.047,-1.431,2.0500000000000003,0.427,0.032,8.101,31.691,33.755,Africa,Africa,False,False,False,False,False,Kenya
Kenya,KEN,2025,Country or economy,Fossil,True,1.398,0.268,23.717,9.951,1.429,0.57,0.92,0.176,23.656,68.28,658.083,Africa,Africa,False,False,False,False,False,Kenya
Kenya,KEN,2025,Country or economy,Total generation,True,14.048,0.788,5.943,99.998,-0.002,2.62,1.347,0.209,18.366,99.971,95.886,Africa,Africa,False,False,False,False,False,Kenya
Kenya,KEN,2025,Country or economy,Demand,True,15.573,0.823,5.58,110.854,-0.383,,,,,,,Africa,Africa,False,False,False,False,False,Kenya
Morocco,MAR,2000,Country or economy,Solar,False,0.0,,,0.0,,0.01,0.0,,,0.0,,Africa,Africa,False,False,False,False,False,Morocco
Morocco,MAR,2000,Country or economy,Wind,False,0.06,,,0.438,,0.05,0.001,,,0.01,16.667,Africa,Africa,False,False,False,False,False,Morocco
Morocco,MAR,2000,Country or economy,Hydro,False,0.71,,,5.182,,1.17,0.017,,,0.163,23.944,Africa,Africa,False,False,False,False,False,Morocco
Morocco,MAR,2000,Country or economy,Bioenergy,False,0.0,,,0.0,,0.0,0.0,,,0.0,,Africa,Africa,False,False,False,False,False,Morocco
Morocco,MAR,2000,Country or economy,Other renewables,False,0.0,,,0.0,,0.0,0.0,,,0.0,,Africa,Africa,False,False,False,False,False,Morocco
Morocco,MAR,2000,Country or economy,Nuclear,False,0.0,,,0.0,,0.0,0.0,,,0.0,,Africa,Africa,False,False,False,False,False,Morocco
Morocco,MAR,2000,Country or economy,Coal,False,9.4,,,68.613,,1.47,8.063,,,77.507,857.766,Africa,Africa,False,False,False,False,False,Morocco
Morocco,MAR,2000,Country or economy,Gas,False,0.0,,,0.0,,0.0,0.0,,,0.0,,Africa,Africa,False,False,False,False,False,Morocco
Morocco,MAR,2000,Country or economy,Other fossil,False,3.53,,,25.766,,0.3,2.323,,,22.33,658.074,Africa,Africa,False,False,False,False,False,Morocco
Morocco,MAR,2000,Country or economy,Net imports,False,2.33,,,17.007,,,0.0,,,0.0,0.0,Africa,Africa,False,False,False,False,False,Morocco
Morocco,MAR,2000,Country or economy,Wind and solar,True,0.06,,,0.438,,0.06,0.001,,,0.01,16.667,Africa,Africa,False,False,False,False,False,Morocco
Morocco,MAR,2000,Country or economy,"Hydro, bioenergy and other renewables",True,0.71,,,5.182,,1.17,0.017,,,0.163,23.944,Africa,Africa,False,False,False,False,False,Morocco
Morocco,MAR,2000,Country or economy,Renewables,True,0.77,,,5.62,,1.23,0.017,,,0.163,22.078,Africa,Africa,False,False,False,False,False,Morocco
Morocco,MAR,2000,Country or economy,Clean,True,0.77,,,5.62,,1.23,0.017,,,0.163,22.078,Africa,Africa,False,False,False,False,False,Morocco
Morocco,MAR,2000,Country or economy,Fossil,True,12.93,,,94.38,,1.77,10.386,,,99.837,803.248,Africa,Africa,False,False,False,False,False,Morocco
Morocco,MAR,2000,Country or economy,Total generation,True,13.7,,,100.0,,2.999999999999999,10.403,,,100.0,759.343,Africa,Africa,False,False,False,False,False,Morocco
Morocco,MAR,2000,Country or economy,Demand,True,16.03,,,117.007,,,,,,,,Africa,Africa,False,False,False,False,False,Morocco
Morocco,MAR,2001,Country or economy,Solar,False,0.0,0.0,,0.0,0.0,0.01,0.0,0.0,,0.0,,Africa,Africa,False,False,False,False,False,Morocco
Morocco,MAR,2001,Country or economy,Wind,False,0.21,0.15,250.0,1.346,0.908,0.05,0.002,0.001,100.0,0.017,9.524,Africa,Africa,False,False,False,False,False,Morocco
Morocco,MAR,2001,Country or economy,Hydro,False,0.86,0.15,21.127,5.513,0.331,1.17,0.02,0.003,17.647,0.167,23.256,Africa,Africa,False,False,False,False,False,Morocco
Morocco,MAR,2001,Country or economy,Bioenergy,False,0.0,0.0,,0.0,0.0,0.0,0.0,0.0,,0.0,,Africa,Africa,False,False,False,False,False,Morocco
Morocco,MAR,2001,Country or economy,Other renewables,False,0.0,0.0,,0.0,0.0,0.0,0.0,0.0,,0.0,,Africa,Africa,False,False,False,False,False,Morocco
Morocco,MAR,2001,Country or economy,Nuclear,False,0.0,0.0,,0.0,0.0,0.0,0.0,0.0,,0.0,,Africa,Africa,False,False,False,False,False,Morocco
Morocco,MAR,2001,Country or economy,Coal,False,12.11,2.71,28.83,77.628,9.015,1.82,10.387,2.324,28.823,86.544,857.721,Africa,Africa,False,False,False,False,False,Morocco
Morocco,MAR,2001,Country or economy,Gas,False,0.0,0.0,,0.0,0.0,0.0,0.0,0.0,,0.0,,Africa,Africa,False,False,False,False,False,Morocco
Morocco,MAR,2001,Country or economy,Other fossil,False,2.42,-1.11,-31.445,15.513,-10.253,0.3,1.592,-0.731,-31.468,13.264,657.851,Africa,Africa,False,False,False,False,False,Morocco
Morocco,MAR,2001,Country or economy,Net imports,False,1.54,-0.79,-33.906,9.872,-7.135,,0.0,0.0,,0.0,0.0,Africa,Africa,False,False,False,False,False,Morocco
Morocco,MAR,2001,Country or economy,Wind and solar,True,0.21,0.15,250.0,1.346,0.908,0.06,0.002,0.001,100.0,0.017,9.524,Africa,Africa,False,False,False,False,False,Morocco
Morocco,MAR,2001,Country or economy,"Hydro, bioenergy and other renewables",True,0.86,0.15,21.127,5.513,0.331,1.17,0.02,0.003,17.647,0.167,23.256,Africa,Africa,False,False,False,False,False,Morocco
Morocco,MAR,2001,Country or economy,Renewables,True,1.07,0.3,38.961,6.859,1.239,1.23,0.022,0.005,29.412,0.183,20.561,Africa,Africa,False,False,False,False,False,Morocco
Morocco,MAR,2001,Country or economy,Clean,True,1.07,0.3,38.961,6.859,1.239,1.23,0.022,0.005,29.412,0.183,20.561,Africa,Africa,False,False,False,False,False,Morocco
Morocco,MAR,2001,Country or economy,Fossil,True,14.53,1.6,12.374,93.141,-1.239,2.12,11.98,1.594,15.348,99.816,824.501,Africa,Africa,False,False,False,False,False,Morocco
Morocco,MAR,2001,Country or economy,Total generation,True,15.6,1.9,13.869,100.0,0.0,3.35,12.002,1.599,15.371,100.0,769.359,Africa,Africa,False,False,False,False,False,Morocco
Morocco,MAR,2001,Country or economy,Demand,True,17.14,1.11,6.925,109.872,-7.135,,,,,,,Africa,Africa,False,False,False,False,False,Morocco
Morocco,MAR,2002,Country or economy,Solar,False,0.0,0.0,,0.0,0.0,0.01,0.0,0.0,,0.0,,Africa,Africa,False,False,False,False,False,Morocco
Morocco,MAR,2002,Country or economy,Wind,False,0.19,-0.02,-9.524,1.258,-0.088,0.05,0.002,0.0,0.0,0.017,10.526,Africa,Africa,False,False,False,False,False,Morocco
Morocco,MAR,2002,Country or economy,Hydro,False,0.84,-0.02,-2.326,5.563,0.05,1.17,0.02,0.0,0.0,0.173,23.81,Africa,Africa,False,False,False,False,False,Morocco
Morocco,MAR,2002,Country or economy,Bioenergy,False,0.0,0.0,,0.0,0.0,0.0,0.0,0.0,,0.0,,Africa,Africa,False,False,False,False,False,Morocco
Morocco,MAR,2002,Country or economy,Other renewables,False,0.0,0.0,,0.0,0.0,0.0,0.0,0.0,,0.0,,Africa,Africa,False,False,False,False,False,Morocco
Morocco,MAR,2002,Country or economy,Nuclear,False,0.0,0.0,,0.0,0.0,0.0,0.0,0.0,,0.0,,Africa,Africa,False,False,False,False,False,Morocco
Morocco,MAR,2002,Country or economy,Coal,False,11.42,-0.69,-5.698,75.629,-1.999,1.82,9.795,-0.592,-5.699,84.725,857.706,Africa,Africa,False,False,False,False,False,Morocco
Morocco,MAR,2002,Country or economy,Gas,False,0.0,0.0,,0.0,0.0,0.0,0.0,0.0,,0.0,,Africa,Africa,False,False,False,False,False,Morocco
Morocco,MAR,2002,Country or economy,Other fossil,False,2.65,0.23,9.504,17.55,2.037,0.3,1.744,0.152,9.548,15.085,658.113,Africa,Africa,False,False,False,False,False,Morocco
Morocco,MAR,2002,Country or economy,Net imports,False,1.37,-0.17,-11.039,9.073,-0.799,,0.0,0.0,,0.0,0.0,Africa,Africa,False,False,False,False,False,Morocco
Morocco,MAR,2002,Country or economy,Wind and solar,True,0.19,-0.02,-9.524,1.258,-0.088,0.06,0.002,0.0,0.0,0.017,10.526,Africa,Africa,False,False,False,False,False,Morocco
Morocco,MAR,2002,Country or economy,"Hydro, bioenergy and other renewables",True,0.84,-0.02,-2.326,5.563,0.05,1.17,0.02,0.0,0.0,0.173,23.81,Africa,Africa,False,False,False,False,False,Morocco
Morocco,MAR,2002,Country or economy,Renewables,True,1.03,-0.04,-3.738,6.821,-0.038,1.23,0.022,0.0,0.0,0.19,21.359,Africa,Africa,False,False,False,False,False,Morocco
Morocco,MAR,2002,Country or economy,Clean,True,1.03,-0.04,-3.738,6.821,-0.038,1.23,0.022,0.0,0.0,0.19,21.359,Africa,Africa,False,False,False,False,False,Morocco
Morocco,MAR,2002,Country or economy,Fossil,True,14.07,-0.46,-3.166,93.179,0.038,2.12,11.539,-0.441,-3.681,99.811,820.114,Africa,Africa,False,False,False,False,False,Morocco
Morocco,MAR,2002,Country or economy,Total generation,True,15.1,-0.5,-3.205,100.0,0.0,3.35,11.561,-0.441,-3.674,100.001,765.629,Africa,Africa,False,False,False,False,False,Morocco
Morocco,MAR,2002,Country or economy,Demand,True,16.47,-0.67,-3.909,109.073,-0.799,,,,,,,Africa,Africa,False,False,False,False,False,Morocco
Morocco,MAR,2003,Country or economy,Solar,False,0.0,0.0,,0.0,0.0,0.01,0.0,0.0,,0.0,,Africa,Africa,False,False,False,False,False,Morocco
Morocco,MAR,2003,Country or economy,Wind,False,0.2,0.01,5.263,1.224,-0.034,0.05,0.002,0.0,0.0,0.017,10.0,Africa,Africa,False,False,False,False,False,Morocco
Morocco,MAR,2003,Country or economy,Hydro,False,1.44,0.6,71.429,8.813,3.25,1.27,0.034,0.014,70.0,0.283,23.611,Africa,Africa,False,False,False,False,False,Morocco
Morocco,MAR,2003,Country or economy,Bioenergy,False,0.0,0.0,,0.0,0.0,0.0,0.0,0.0,,0.0,,Africa,Africa,False,False,False,False,False,Morocco
Morocco,MAR,2003,Country or economy,Other renewables,False,0.0,0.0,,0.0,0.0,0.0,0.0,0.0,,0.0,,Africa,Africa,False,False,False,False,False,Morocco
Morocco,MAR,2003,Country or economy,Nuclear,False,0.0,0.0,,0.0,0.0,0.0,0.0,0.0,,0.0,,Africa,Africa,False,False,False,False,False,Morocco
Morocco,MAR,2003,Country or economy,Coal,False,11.58,0.16,1.401,70.869,-4.76,1.82,9.933,0.138,1.409,82.625,857.772,Africa,Africa,False,False,False,False,False,Morocco
Morocco,MAR,2003,Country or economy,Gas,False,0.0,0.0,,0.0,0.0,0.0,0.0,0.0,,0.0,,Africa,Africa,False,False,False,False,False,Morocco
Morocco,MAR,2003,Country or economy,Other fossil,False,3.12,0.47,17.736,19.094,1.544,0.3,2.053,0.309,17.718,17.077,658.013,Africa,Africa,False,False,False,False,False,Morocco
Morocco,MAR,2003,Country or economy,Net imports,False,1.42,0.05,3.65,8.69,-0.383,,0.0,0.0,,0.0,0.0,Africa,Africa,False,False,False,False,False,Morocco
Morocco,MAR,2003,Country or economy,Wind and solar,True,0.2,0.01,5.263,1.224,-0.034,0.06,0.002,0.0,0.0,0.017,10.0,Africa,Africa,False,False,False,False,False,Morocco
Morocco,MAR,2003,Country or economy,"Hydro, bioenergy and other renewables",True,1.44,0.6,71.429,8.813,3.25,1.27,0.034,0.014,70.0,0.283,23.611,Africa,Africa,False,False,False,False,False,Morocco
Morocco,MAR,2003,Country or economy,Renewables,True,1.64,0.61,59.223,10.037,3.216,1.33,0.036,0.014,63.636,0.299,21.951,Africa,Africa,False,False,False,False,False,Morocco
Morocco,MAR,2003,Country or economy,Clean,True,1.64,0.61,59.223,10.037,3.216,1.33,0.036,0.014,63.636,0.299,21.951,Africa,Africa,False,False,False,False,False,Morocco
Morocco,MAR,2003,Country or economy,Fossil,True,14.7,0.63,4.478,89.963,-3.216,2.12,11.986,0.447,3.874,99.703,815.374,Africa,Africa,False,False,False,False,False,Morocco
Morocco,MAR,2003,Country or economy,Total generation,True,16.34,1.24,8.212,100.0,0.0,3.4499999999999997,12.022,0.461,3.988,100.002,735.741,Africa,Africa,False,False,False,False,False,Morocco
Morocco,MAR,2003,Country or economy,Demand,True,17.76,1.29,7.832,108.69,-0.383,,,,,,,Africa,Africa,False,False,False,False,False,Morocco
Morocco,MAR,2004,Country or economy,Solar,False,0.0,0.0,,0.0,0.0,0.01,0.0,0.0,,0.0,,Africa,Africa,False,False,False,False,False,Morocco
Morocco,MAR,2004,Country or economy,Wind,False,0.2,0.0,0.0,1.145,-0.079,0.05,0.002,0.0,0.0,0.016,10.0,Africa,Africa,False,False,False,False,False,Morocco
Morocco,MAR,2004,Country or economy,Hydro,False,1.59,0.15,10.417,9.101,0.288,1.27,0.038,0.004,11.765,0.297,23.899,Africa,Africa,False,False,False,False,False,Morocco
Morocco,MAR,2004,Country or economy,Bioenergy,False,0.0,0.0,,0.0,0.0,0.0,0.0,0.0,,0.0,,Africa,Africa,False,False,False,False,False,Morocco
Morocco,MAR,2004,Country or economy,Other renewables,False,0.0,0.0,,0.0,0.0,0.0,0.0,0.0,,0.0,,Africa,Africa,False,False,False,False,False,Morocco
Morocco,MAR,2004,Country or economy,Nuclear,False,0.0,0.0,,0.0,0.0,0.0,0.0,0.0,,0.0,,Africa,Africa,False,False,False,False,False,Morocco
Morocco,MAR,2004,Country or economy,Coal,False,12.35,0.77,6.649,70.693,-0.176,1.82,10.593,0.66,6.645,82.719,857.733,Africa,Africa,False,False,False,False,False,Morocco
Morocco,MAR,2004,Country or economy,Gas,False,0.12,0.12,,0.687,0.687,0.0,0.061,0.061,,0.476,508.333,Africa,Africa,False,False,False,False,False,Morocco
Morocco,MAR,2004,Country or economy,Other fossil,False,3.21,0.09,2.885,18.374,-0.72,0.3,2.112,0.059,2.874,16.492,657.944,Africa,Africa,False,False,False,False,False,Morocco
Morocco,MAR,2004,Country or economy,Net imports,False,1.53,0.11,7.746,8.758,0.068,,0.0,0.0,,0.0,0.0,Africa,Africa,False,False,False,False,False,Morocco
Morocco,MAR,2004,Country or economy,Wind and solar,True,0.2,0.0,0.0,1.145,-0.079,0.06,0.002,0.0,0.0,0.016,10.0,Africa,Africa,False,False,False,False,False,Morocco
Morocco,MAR,2004,Country or economy,"Hydro, bioenergy and other renewables",True,1.59,0.15,10.417,9.101,0.288,1.27,0.038,0.004,11.765,0.297,23.899,Africa,Africa,False,False,False,False,False,Morocco
Morocco,MAR,2004,Country or economy,Renewables,True,1.79,0.15,9.146,10.246,0.209,1.33,0.04,0.004,11.111,0.312,22.346,Africa,Africa,False,False,False,False,False,Morocco
Morocco,MAR,2004,Country or economy,Clean,True,1.79,0.15,9.146,10.246,0.209,1.33,0.04,0.004,11.111,0.312,22.346,Africa,Africa,False,False,False,False,False,Morocco
Morocco,MAR,2004,Country or economy,Fossil,True,15.68,0.98,6.667,89.754,-0.209,2.12,12.766,0.78,6.508,99.688,814.158,Africa,Africa,False,False,False,False,False,Morocco
Morocco,MAR,2004,Country or economy,Total generation,True,17.47,1.13,6.916,100.0,0.0,3.4499999999999997,12.806,0.784,6.521,100.0,733.028,Africa,Africa,False,False,False,False,False,Morocco
Morocco,MAR,2004,Country or economy,Demand,True,19.0,1.24,6.982,108.758,0.068,,,,,,,Africa,Africa,False,False,False,False,False,Morocco
Morocco,MAR,2005,Country or economy,Solar,False,0.0,0.0,,0.0,0.0,0.01,0.0,0.0,,0.0,,Africa,Africa,False,False,False,False,False,Morocco
Morocco,MAR,2005,Country or economy,Wind,False,0.21,0.01,5.0,1.09,-0.055,0.05,0.002,0.0,0.0,0.014,9.524,Africa,Africa,False,False,False,False,False,Morocco
Morocco,MAR,2005,Country or economy,Hydro,False,1.43,-0.16,-10.063,7.425,-1.676,1.27,0.034,-0.004,-10.526,0.246,23.776,Africa,Africa,False,False,False,False,False,Morocco
Morocco,MAR,2005,Country or economy,Bioenergy,False,0.0,0.0,,0.0,0.0,0.0,0.0,0.0,,0.0,,Africa,Africa,False,False,False,False,False,Morocco
Morocco,MAR,2005,Country or economy,Other renewables,False,0.0,0.0,,0.0,0.0,0.0,0.0,0.0,,0.0,,Africa,Africa,False,False,False,False,False,Morocco
Morocco,MAR,2005,Country or economy,Nuclear,False,0.0,0.0,,0.0,0.0,0.0,0.0,0.0,,0.0,,Africa,Africa,False,False,False,False,False,Morocco
Morocco,MAR,2005,Country or economy,Coal,False,12.39,0.04,0.324,64.33,-6.363,1.82,10.627,0.034,0.321,76.936,857.708,Africa,Africa,False,False,False,False,False,Morocco
Morocco,MAR,2005,Country or economy,Gas,False,1.95,1.83,1525.0,10.125,9.438,0.4,0.991,0.93,1524.59,7.175,508.205,Africa,Africa,False,False,False,False,False,Morocco
Morocco,MAR,2005,Country or economy,Other fossil,False,3.28,0.07,2.181,17.03,-1.344,0.3,2.158,0.046,2.178,15.623,657.927,Africa,Africa,False,False,False,False,False,Morocco
Morocco,MAR,2005,Country or economy,Net imports,False,0.81,-0.72,-47.059,4.206,-4.552,,0.0,0.0,,0.0,0.0,Africa,Africa,False,False,False,False,False,Morocco
Morocco,MAR,2005,Country or economy,Wind and solar,True,0.21,0.01,5.0,1.09,-0.055,0.06,0.002,0.0,0.0,0.014,9.524,Africa,Africa,False,False,False,False,False,Morocco
Morocco,MAR,2005,Country or economy,"Hydro, bioenergy and other renewables",True,1.43,-0.16,-10.063,7.425,-1.676,1.27,0.034,-0.004,-10.526,0.246,23.776,Africa,Africa,False,False,False,False,False,Morocco
Morocco,MAR,2005,Country or economy,Renewables,True,1.64,-0.15,-8.38,8.515,-1.731,1.33,0.036,-0.004,-10.0,0.261,21.951,Africa,Africa,False,False,False,False,False,Morocco
Morocco,MAR,2005,Country or economy,Clean,True,1.64,-0.15,-8.38,8.515,-1.731,1.33,0.036,-0.004,-10.0,0.261,21.951,Africa,Africa,False,False,False,False,False,Morocco
Morocco,MAR,2005,Country or economy,Fossil,True,17.62,1.94,12.372,91.485,1.731,2.52,13.777,1.011,7.919,99.741,781.896,Africa,Africa,False,False,False,False,False,Morocco
Morocco,MAR,2005,Country or economy,Total generation,True,19.26,1.79,10.246,100.0,0.0,3.85,13.813,1.007,7.864,100.001,717.186,Africa,Africa,False,False,False,False,False,Morocco
Morocco,MAR,2005,Country or economy,Demand,True,20.07,1.07,5.632,104.206,-4.552,,,,,,,Africa,Africa,False,False,False,False,False,Morocco
Morocco,MAR,2006,Country or economy,Solar,False,0.0,0.0,,0.0,0.0,0.01,0.0,0.0,,0.0,,Africa,Africa,False,False,False,False,False,Morocco
Morocco,MAR,2006,Country or economy,Wind,False,0.18,-0.03,-14.286,0.906,-0.184,0.05,0.002,0.0,0.0,0.014,11.111,Africa,Africa,False,False,False,False,False,Morocco
Morocco,MAR,2006,Country or economy,Hydro,False,1.6,0.17,11.888,8.052,0.627,1.27,0.038,0.004,11.765,0.27,23.75,Africa,Africa,False,False,False,False,False,Morocco
Morocco,MAR,2006,Country or economy,Bioenergy,False,0.0,0.0,,0.0,0.0,0.0,0.0,0.0,,0.0,,Africa,Africa,False,False,False,False,False,Morocco
Morocco,MAR,2006,Country or economy,Other renewables,False,0.0,0.0,,0.0,0.0,0.0,0.0,0.0,,0.0,,Africa,Africa,False,False,False,False,False,Morocco
Morocco,MAR,2006,Country or economy,Nuclear,False,0.0,0.0,,0.0,0.0,0.0,0.0,0.0,,0.0,,Africa,Africa,False,False,False,False,False,Morocco
Morocco,MAR,2006,Country or economy,Coal,False,12.49,0.1,0.807,62.859,-1.471,1.82,10.713,0.086,0.809,76.12,857.726,Africa,Africa,False,False,False,False,False,Morocco
Morocco,MAR,2006,Country or economy,Gas,False,2.43,0.48,24.615,12.229,2.104,0.4,1.235,0.244,24.622,8.775,508.23,Africa,Africa,False,False,False,False,False,Morocco
Morocco,MAR,2006,Country or economy,Other fossil,False,3.17,-0.11,-3.354,15.954,-1.076,0.3,2.086,-0.072,-3.336,14.822,658.044,Africa,Africa,False,False,False,False,False,Morocco
Morocco,MAR,2006,Country or economy,Net imports,False,2.03,1.22,150.617,10.216,6.01,,0.0,0.0,,0.0,0.0,Africa,Africa,False,False,False,False,False,Morocco
Morocco,MAR,2006,Country or economy,Wind and solar,True,0.18,-0.03,-14.286,0.906,-0.184,0.06,0.002,0.0,0.0,0.014,11.111,Africa,Africa,False,False,False,False,False,Morocco
Morocco,MAR,2006,Country or economy,"Hydro, bioenergy and other renewables",True,1.6,0.17,11.888,8.052,0.627,1.27,0.038,0.004,11.765,0.27,23.75,Africa,Africa,False,False,False,False,False,Morocco
Morocco,MAR,2006,Country or economy,Renewables,True,1.78,0.14,8.537,8.958,0.443,1.33,0.04,0.004,11.111,0.284,22.472,Africa,Africa,False,False,False,False,False,Morocco
Morocco,MAR,2006,Country or economy,Clean,True,1.78,0.14,8.537,8.958,0.443,1.33,0.04,0.004,11.111,0.284,22.472,Africa,Africa,False,False,False,False,False,Morocco
Morocco,MAR,2006,Country or economy,Fossil,True,18.09,0.47,2.667,91.042,-0.443,2.52,14.034,0.257,1.865,99.716,775.788,Africa,Africa,False,False,False,False,False,Morocco
Morocco,MAR,2006,Country or economy,Total generation,True,19.87,0.61,3.167,100.0,0.0,3.85,14.074,0.261,1.89,100.001,708.304,Africa,Africa,False,False,False,False,False,Morocco
Morocco,MAR,2006,Country or economy,Demand,True,21.9,1.83,9.118,110.216,6.01,,,,,,,Africa,Africa,False,False,False,False,False,Morocco
Morocco,MAR,2007,Country or economy,Solar,False,0.0,0.0,,0.0,0.0,0.01,0.0,0.0,,0.0,,Africa,Africa,False,False,False,False,False,Morocco
Morocco,MAR,2007,Country or economy,Wind,False,0.28,0.1,55.556,1.422,0.516,0.11,0.003,0.001,50.0,0.022,10.714,Africa,Africa,False,False,False,False,False,Morocco
Morocco,MAR,2007,Country or economy,Hydro,False,1.33,-0.27,-16.875,6.755,-1.297,1.27,0.032,-0.006,-15.789,0.23,24.06,Africa,Africa,False,False,False,False,False,Morocco
Morocco,MAR,2007,Country or economy,Bioenergy,False,0.0,0.0,,0.0,0.0,0.0,0.0,0.0,,0.0,,Africa,Africa,False,False,False,False,False,Morocco
Morocco,MAR,2007,Country or economy,Other renewables,False,0.0,0.0,,0.0,0.0,0.0,0.0,0.0,,0.0,,Africa,Africa,False,False,False,False,False,Morocco
Morocco,MAR,2007,Country or economy,Nuclear,False,0.0,0.0,,0.0,0.0,0.0,0.0,0.0,,0.0,,Africa,Africa,False,False,False,False,False,Morocco
Morocco,MAR,2007,Country or economy,Coal,False,12.04,-0.45,-3.603,61.148,-1.711,1.82,10.327,-0.386,-3.603,74.151,857.724,Africa,Africa,False,False,False,False,False,Morocco
Morocco,MAR,2007,Country or economy,Gas,False,2.73,0.3,12.346,13.865,1.636,0.4,1.388,0.153,12.389,9.966,508.425,Africa,Africa,False,False,False,False,False,Morocco
Morocco,MAR,2007,Country or economy,Other fossil,False,3.31,0.14,4.416,16.811,0.857,0.3,2.178,0.092,4.41,15.639,658.006,Africa,Africa,False,False,False,False,False,Morocco
Morocco,MAR,2007,Country or economy,Net imports,False,3.51,1.48,72.906,17.826,7.61,,0.0,0.0,,0.0,0.0,Africa,Africa,False,False,False,False,False,Morocco
Morocco,MAR,2007,Country or economy,Wind and solar,True,0.28,0.1,55.556,1.422,0.516,0.12,0.003,0.001,50.0,0.022,10.714,Africa,Africa,False,False,False,False,False,Morocco
Morocco,MAR,2007,Country or economy,"Hydro, bioenergy and other renewables",True,1.33,-0.27,-16.875,6.755,-1.297,1.27,0.032,-0.006,-15.789,0.23,24.06,Africa,Africa,False,False,False,False,False,Morocco
Morocco,MAR,2007,Country or economy,Renewables,True,1.61,-0.17,-9.551,8.177,-0.781,1.39,0.034,-0.006,-15.0,0.244,21.118,Africa,Africa,False,False,False,False,False,Morocco
Morocco,MAR,2007,Country or economy,Clean,True,1.61,-0.17,-9.551,8.177,-0.781,1.39,0.034,-0.006,-15.0,0.244,21.118,Africa,Africa,False,False,False,False,False,Morocco
Morocco,MAR,2007,Country or economy,Fossil,True,18.08,-0.01,-0.055,91.823,0.781,2.52,13.893,-0.141,-1.005,99.755,768.418,Africa,Africa,False,False,False,False,False,Morocco
Morocco,MAR,2007,Country or economy,Total generation,True,19.69,-0.18,-0.906,100.0,0.0,3.91,13.927,-0.147,-1.044,99.999,707.313,Africa,Africa,False,False,False,False,False,Morocco
Morocco,MAR,2007,Country or economy,Demand,True,23.2,1.3,5.936,117.826,7.61,,,,,,,Africa,Africa,False,False,False,False,False,Morocco
Morocco,MAR,2008,Country or economy,Solar,False,0.0,0.0,,0.0,0.0,0.01,0.0,0.0,,0.0,,Africa,Africa,False,False,False,False,False,Morocco
Morocco,MAR,2008,Country or economy,Wind,False,0.3,0.02,7.143,1.474,0.052,0.11,0.003,0.0,0.0,0.021,10.0,Africa,Africa,False,False,False,False,False,Morocco
Morocco,MAR,2008,Country or economy,Hydro,False,1.37,0.04,3.008,6.732,-0.023,1.27,0.033,0.001,3.125,0.233,24.088,Africa,Africa,False,False,False,False,False,Morocco
Morocco,MAR,2008,Country or economy,Bioenergy,False,0.0,0.0,,0.0,0.0,0.0,0.0,0.0,,0.0,,Africa,Africa,False,False,False,False,False,Morocco
Morocco,MAR,2008,Country or economy,Other renewables,False,0.0,0.0,,0.0,0.0,0.0,0.0,0.0,,0.0,,Africa,Africa,False,False,False,False,False,Morocco
Morocco,MAR,2008,Country or economy,Nuclear,False,0.0,0.0,,0.0,0.0,0.0,0.0,0.0,,0.0,,Africa,Africa,False,False,False,False,False,Morocco
Morocco,MAR,2008,Country or economy,Coal,False,11.27,-0.77,-6.395,55.381,-5.767,1.82,9.667,-0.66,-6.391,68.254,857.764,Africa,Africa,False,False,False,False,False,Morocco
Morocco,MAR,2008,Country or economy,Gas,False,2.77,0.04,1.465,13.612,-0.253,0.4,1.408,0.02,1.441,9.941,508.303,Africa,Africa,False,False,False,False,False,Morocco
Morocco,MAR,2008,Country or economy,Other fossil,False,4.64,1.33,40.181,22.801,5.99,0.3,3.053,0.875,40.174,21.556,657.974,Africa,Africa,False,False,False,False,False,Morocco
Morocco,MAR,2008,Country or economy,Net imports,False,4.26,0.75,21.368,20.934,3.108,,0.0,0.0,,0.0,0.0,Africa,Africa,False,False,False,False,False,Morocco
Morocco,MAR,2008,Country or economy,Wind and solar,True,0.3,0.02,7.143,1.474,0.052,0.12,0.003,0.0,0.0,0.021,10.0,Africa,Africa,False,False,False,False,False,Morocco
Morocco,MAR,2008,Country or economy,"Hydro, bioenergy and other renewables",True,1.37,0.04,3.008,6.732,-0.023,1.27,0.033,0.001,3.125,0.233,24.088,Africa,Africa,False,False,False,False,False,Morocco
Morocco,MAR,2008,Country or economy,Renewables,True,1.67,0.06,3.727,8.206,0.029,1.39,0.035,0.001,2.941,0.247,20.958,Africa,Africa,False,False,False,False,False,Morocco
Morocco,MAR,2008,Country or economy,Clean,True,1.67,0.06,3.727,8.206,0.029,1.39,0.035,0.001,2.941,0.247,20.958,Africa,Africa,False,False,False,False,False,Morocco
Morocco,MAR,2008,Country or economy,Fossil,True,18.68,0.6,3.319,91.794,-0.029,2.52,14.128,0.235,1.691,99.751,756.317,Africa,Africa,False,False,False,False,False,Morocco
Morocco,MAR,2008,Country or economy,Total generation,True,20.35,0.66,3.352,100.0,0.0,3.91,14.163,0.236,1.695,99.998,695.971,Africa,Africa,False,False,False,False,False,Morocco
Morocco,MAR,2008,Country or economy,Demand,True,24.61,1.41,6.078,120.934,3.108,,,,,,,Africa,Africa,False,False,False,False,False,Morocco
Morocco,MAR,2009,Country or economy,Solar,False,0.0,0.0,,0.0,0.0,0.01,0.0,0.0,,0.0,,Africa,Africa,False,False,False,False,False,Morocco
Morocco,MAR,2009,Country or economy,Wind,False,0.39,0.09,30.0,1.863,0.389,0.22,0.004,0.001,33.333,0.03,10.256,Africa,Africa,False,False,False,False,False,Morocco
Morocco,MAR,2009,Country or economy,Hydro,False,2.95,1.58,115.328,14.095,7.363,1.29,0.07,0.037,112.121,0.526,23.729,Africa,Africa,False,False,False,False,False,Morocco
Morocco,MAR,2009,Country or economy,Bioenergy,False,0.0,0.0,,0.0,0.0,0.0,0.0,0.0,,0.0,,Africa,Africa,False,False,False,False,False,Morocco
Morocco,MAR,2009,Country or economy,Other renewables,False,0.0,0.0,,0.0,0.0,0.0,0.0,0.0,,0.0,,Africa,Africa,False,False,False,False,False,Morocco
Morocco,MAR,2009,Country or economy,Nuclear,False,0.0,0.0,,0.0,0.0,0.0,0.0,0.0,,0.0,,Africa,Africa,False,False,False,False,False,Morocco
Morocco,MAR,2009,Country or economy,Coal,False,10.51,-0.76,-6.744,50.215,-5.166,1.82,9.015,-0.652,-6.745,67.753,857.755,Africa,Africa,False,False,False,False,False,Morocco
Morocco,MAR,2009,Country or economy,Gas,False,2.95,0.18,6.498,14.095,0.483,0.4,1.499,0.091,6.463,11.266,508.136,Africa,Africa,False,False,False,False,False,Morocco
Morocco,MAR,2009,Country or economy,Other fossil,False,4.13,-0.51,-10.991,19.732,-3.069,0.72,2.718,-0.335,-10.973,20.427,658.111,Africa,Africa,False,False,False,False,False,Morocco
Morocco,MAR,2009,Country or economy,Net imports,False,4.62,0.36,8.451,22.074,1.14,,0.0,0.0,,0.0,0.0,Africa,Africa,False,False,False,False,False,Morocco
Morocco,MAR,2009,Country or economy,Wind and solar,True,0.39,0.09,30.0,1.863,0.389,0.23,0.004,0.001,33.333,0.03,10.256,Africa,Africa,False,False,False,False,False,Morocco
Morocco,MAR,2009,Country or economy,"Hydro, bioenergy and other renewables",True,2.95,1.58,115.328,14.095,7.363,1.29,0.07,0.037,112.121,0.526,23.729,Africa,Africa,False,False,False,False,False,Morocco
Morocco,MAR,2009,Country or economy,Renewables,True,3.34,1.67,100.0,15.958,7.752,1.52,0.074,0.039,111.429,0.556,22.156,Africa,Africa,False,False,False,False,False,Morocco
Morocco,MAR,2009,Country or economy,Clean,True,3.34,1.67,100.0,15.958,7.752,1.52,0.074,0.039,111.429,0.556,22.156,Africa,Africa,False,False,False,False,False,Morocco
Morocco,MAR,2009,Country or economy,Fossil,True,17.59,-1.09,-5.835,84.042,-7.752,2.9400000000000004,13.232,-0.896,-6.342,99.446,752.246,Africa,Africa,False,False,False,False,False,Morocco
Morocco,MAR,2009,Country or economy,Total generation,True,20.93,0.58,2.85,100.0,0.0,4.46,13.306,-0.857,-6.051,100.003,635.738,Africa,Africa,False,False,False,False,False,Morocco
Morocco,MAR,2009,Country or economy,Demand,True,25.55,0.94,3.82,122.074,1.14,,,,,,,Africa,Africa,False,False,False,False,False,Morocco
Morocco,MAR,2010,Country or economy,Solar,False,0.0,0.0,,0.0,0.0,0.03,0.0,0.0,,0.0,,Africa,Africa,False,False,False,False,False,Morocco
Morocco,MAR,2010,Country or economy,Wind,False,0.66,0.27,69.231,2.888,1.025,0.22,0.006,0.002,50.0,0.043,9.091,Africa,Africa,False,False,False,False,False,Morocco
Morocco,MAR,2010,Country or economy,Hydro,False,3.63,0.68,23.051,15.886,1.791,1.31,0.086,0.016,22.857,0.617,23.691,Africa,Africa,False,False,False,False,False,Morocco
Morocco,MAR,2010,Country or economy,Bioenergy,False,0.0,0.0,,0.0,0.0,0.0,0.0,0.0,,0.0,,Africa,Africa,False,False,False,False,False,Morocco
Morocco,MAR,2010,Country or economy,Other renewables,False,0.0,0.0,,0.0,0.0,0.0,0.0,0.0,,0.0,,Africa,Africa,False,False,False,False,False,Morocco
Morocco,MAR,2010,Country or economy,Nuclear,False,0.0,0.0,,0.0,0.0,0.0,0.0,0.0,,0.0,,Africa,Africa,False,False,False,False,False,Morocco
Morocco,MAR,2010,Country or economy,Coal,False,10.32,-0.19,-1.808,45.164,-5.051,1.82,8.852,-0.163,-1.808,63.475,857.752,Africa,Africa,False,False,False,False,False,Morocco
Morocco,MAR,2010,Country or economy,Gas,False,2.81,-0.14,-4.746,12.298,-1.797,0.87,1.428,-0.071,-4.736,10.24,508.185,Africa,Africa,False,False,False,False,False,Morocco
Morocco,MAR,2010,Country or economy,Other fossil,False,5.43,1.3,31.477,23.764,4.032,0.72,3.573,0.855,31.457,25.621,658.011,Africa,Africa,False,False,False,False,False,Morocco
Morocco,MAR,2010,Country or economy,Net imports,False,3.94,-0.68,-14.719,17.243,-4.831,,0.0,0.0,,0.0,0.0,Africa,Africa,False,False,False,False,False,Morocco
Morocco,MAR,2010,Country or economy,Wind and solar,True,0.66,0.27,69.231,2.888,1.025,0.25,0.006,0.002,50.0,0.043,9.091,Africa,Africa,False,False,False,False,False,Morocco
Morocco,MAR,2010,Country or economy,"Hydro, bioenergy and other renewables",True,3.63,0.68,23.051,15.886,1.791,1.31,0.086,0.016,22.857,0.617,23.691,Africa,Africa,False,False,False,False,False,Morocco
Morocco,MAR,2010,Country or economy,Renewables,True,4.29,0.95,28.443,18.775,2.817,1.56,0.093,0.019,25.676,0.667,21.678,Africa,Africa,False,False,False,False,False,Morocco
Morocco,MAR,2010,Country or economy,Clean,True,4.29,0.95,28.443,18.775,2.817,1.56,0.093,0.019,25.676,0.667,21.678,Africa,Africa,False,False,False,False,False,Morocco
Morocco,MAR,2010,Country or economy,Fossil,True,18.56,0.97,5.514,81.225,-2.817,3.41,13.853,0.621,4.693,99.336,746.39,Africa,Africa,False,False,False,False,False,Morocco
Morocco,MAR,2010,Country or economy,Total generation,True,22.85,1.92,9.173,100.0,0.0,4.97,13.946,0.64,4.81,100.003,610.328,Africa,Africa,False,False,False,False,False,Morocco
Morocco,MAR,2010,Country or economy,Demand,True,26.79,1.24,4.853,117.243,-4.831,,,,,,,Africa,Africa,False,False,False,False,False,Morocco
Morocco,MAR,2011,Country or economy,Solar,False,0.0,0.0,,0.0,0.0,0.03,0.0,0.0,,0.0,,Africa,Africa,False,False,False,False,False,Morocco
Morocco,MAR,2011,Country or economy,Wind,False,0.69,0.03,4.545,2.833,-0.055,0.25,0.007,0.001,16.667,0.044,10.145,Africa,Africa,False,False,False,False,False,Morocco
Morocco,MAR,2011,Country or economy,Hydro,False,2.14,-1.49,-41.047,8.785,-7.101,1.31,0.051,-0.035,-40.698,0.321,23.832,Africa,Africa,False,False,False,False,False,Morocco
Morocco,MAR,2011,Country or economy,Bioenergy,False,0.0,0.0,,0.0,0.0,0.0,0.0,0.0,,0.0,,Africa,Africa,False,False,False,False,False,Morocco
Morocco,MAR,2011,Country or economy,Other renewables,False,0.0,0.0,,0.0,0.0,0.0,0.0,0.0,,0.0,,Africa,Africa,False,False,False,False,False,Morocco
Morocco,MAR,2011,Country or economy,Nuclear,False,0.0,0.0,,0.0,0.0,0.0,0.0,0.0,,0.0,,Africa,Africa,False,False,False,False,False,Morocco
Morocco,MAR,2011,Country or economy,Coal,False,11.27,0.95,9.205,46.264,1.1,1.82,9.667,0.815,9.207,60.838,857.764,Africa,Africa,False,False,False,False,False,Morocco
Morocco,MAR,2011,Country or economy,Gas,False,3.91,1.1,39.146,16.051,3.753,0.87,1.987,0.559,39.146,12.505,508.184,Africa,Africa,False,False,False,False,False,Morocco
Morocco,MAR,2011,Country or economy,Other fossil,False,6.35,0.92,16.943,26.067,2.303,0.72,4.178,0.605,16.933,26.293,657.953,Africa,Africa,False,False,False,False,False,Morocco
Morocco,MAR,2011,Country or economy,Net imports,False,4.61,0.67,17.005,18.924,1.681,,0.0,0.0,,0.0,0.0,Africa,Africa,False,False,False,False,False,Morocco
Morocco,MAR,2011,Country or economy,Wind and solar,True,0.69,0.03,4.545,2.833,-0.055,0.28,0.007,0.001,16.667,0.044,10.145,Africa,Africa,False,False,False,False,False,Morocco
Morocco,MAR,2011,Country or economy,"Hydro, bioenergy and other renewables",True,2.14,-1.49,-41.047,8.785,-7.101,1.31,0.051,-0.035,-40.698,0.321,23.832,Africa,Africa,False,False,False,False,False,Morocco
Morocco,MAR,2011,Country or economy,Renewables,True,2.83,-1.46,-34.033,11.617,-7.158,1.59,0.057,-0.036,-38.71,0.359,20.141,Africa,Africa,False,False,False,False,False,Morocco
Morocco,MAR,2011,Country or economy,Clean,True,2.83,-1.46,-34.033,11.617,-7.158,1.59,0.057,-0.036,-38.71,0.359,20.141,Africa,Africa,False,False,False,False,False,Morocco
Morocco,MAR,2011,Country or economy,Fossil,True,21.53,2.97,16.002,88.383,7.158,3.41,15.832,1.979,14.286,99.636,735.346,Africa,Africa,False,False,False,False,False,Morocco
Morocco,MAR,2011,Country or economy,Total generation,True,24.36,1.51,6.608,100.0,0.0,5.0,15.89,1.944,13.939,100.001,652.299,Africa,Africa,False,False,False,False,False,Morocco
Morocco,MAR,2011,Country or economy,Demand,True,28.97,2.18,8.137,118.924,1.681,,,,,,,Africa,Africa,False,False,False,False,False,Morocco
Morocco,MAR,2012,Country or economy,Solar,False,0.0,0.0,,0.0,0.0,0.04,0.0,0.0,,0.0,,Africa,Africa,False,False,False,False,False,Morocco
Morocco,MAR,2012,Country or economy,Wind,False,0.73,0.04,5.797,2.754,-0.079,0.25,0.007,0.0,0.0,0.041,9.589,Africa,Africa,False,False,False,False,False,Morocco
Morocco,MAR,2012,Country or economy,Hydro,False,1.82,-0.32,-14.953,6.865,-1.92,1.31,0.043,-0.008,-15.686,0.25,23.626,Africa,Africa,False,False,False,False,False,Morocco
Morocco,MAR,2012,Country or economy,Bioenergy,False,0.0,0.0,,0.0,0.0,0.0,0.0,0.0,,0.0,,Africa,Africa,False,False,False,False,False,Morocco
Morocco,MAR,2012,Country or economy,Other renewables,False,0.0,0.0,,0.0,0.0,0.0,0.0,0.0,,0.0,,Africa,Africa,False,False,False,False,False,Morocco
Morocco,MAR,2012,Country or economy,Nuclear,False,0.0,0.0,,0.0,0.0,0.0,0.0,0.0,,0.0,,Africa,Africa,False,False,False,False,False,Morocco
Morocco,MAR,2012,Country or economy,Coal,False,11.37,0.1,0.887,42.889,-3.375,1.82,9.753,0.086,0.89,56.716,857.784,Africa,Africa,False,False,False,False,False,Morocco
Morocco,MAR,2012,Country or economy,Gas,False,5.95,2.04,52.174,22.444,6.393,0.87,3.024,1.037,52.189,17.585,508.235,Africa,Africa,False,False,False,False,False,Morocco
Morocco,MAR,2012,Country or economy,Other fossil,False,6.64,0.29,4.567,25.047,-1.02,1.03,4.369,0.191,4.572,25.407,657.982,Africa,Africa,False,False,False,False,False,Morocco
Morocco,MAR,2012,Country or economy,Net imports,False,4.84,0.23,4.989,18.257,-0.667,,0.0,0.0,,0.0,0.0,Africa,Africa,False,False,False,False,False,Morocco
Morocco,MAR,2012,Country or economy,Wind and solar,True,0.73,0.04,5.797,2.754,-0.079,0.29,0.007,0.0,0.0,0.041,9.589,Africa,Africa,False,False,False,False,False,Morocco
Morocco,MAR,2012,Country or economy,"Hydro, bioenergy and other renewables",True,1.82,-0.32,-14.953,6.865,-1.92,1.31,0.043,-0.008,-15.686,0.25,23.626,Africa,Africa,False,False,False,False,False,Morocco
Morocco,MAR,2012,Country or economy,Renewables,True,2.55,-0.28,-9.894,9.619,-1.998,1.6,0.05,-0.007,-12.281,0.291,19.608,Africa,Africa,False,False,False,False,False,Morocco
Morocco,MAR,2012,Country or economy,Clean,True,2.55,-0.28,-9.894,9.619,-1.998,1.6,0.05,-0.007,-12.281,0.291,19.608,Africa,Africa,False,False,False,False,False,Morocco
Morocco,MAR,2012,Country or economy,Fossil,True,23.96,2.43,11.287,90.381,1.998,3.72,17.146,1.314,8.3,99.708,715.609,Africa,Africa,False,False,False,False,False,Morocco
Morocco,MAR,2012,Country or economy,Total generation,True,26.51,2.15,8.826,100.0,0.0,5.32,17.196,1.306,8.219,99.999,648.661,Africa,Africa,False,False,False,False,False,Morocco
Morocco,MAR,2012,Country or economy,Demand,True,31.35,2.38,8.215,118.257,-0.667,,,,,,,Africa,Africa,False,False,False,False,False,Morocco
Morocco,MAR,2013,Country or economy,Solar,False,0.0,0.0,,0.0,0.0,0.04,0.0,0.0,,0.0,,Africa,Africa,False,False,False,False,False,Morocco
Morocco,MAR,2013,Country or economy,Wind,False,1.36,0.63,86.301,5.048,2.294,0.5,0.013,0.006,85.714,0.079,9.559,Africa,Africa,False,False,False,False,False,Morocco
Morocco,MAR,2013,Country or economy,Hydro,False,2.99,1.17,64.286,11.099,4.234,1.31,0.071,0.028,65.116,0.43,23.746,Africa,Africa,False,False,False,False,False,Morocco
Morocco,MAR,2013,Country or economy,Bioenergy,False,0.0,0.0,,0.0,0.0,0.0,0.0,0.0,,0.0,,Africa,Africa,False,False,False,False,False,Morocco
Morocco,MAR,2013,Country or economy,Other renewables,False,0.0,0.0,,0.0,0.0,0.0,0.0,0.0,,0.0,,Africa,Africa,False,False,False,False,False,Morocco
Morocco,MAR,2013,Country or economy,Nuclear,False,0.0,0.0,,0.0,0.0,0.0,0.0,0.0,,0.0,,Africa,Africa,False,False,False,False,False,Morocco
Morocco,MAR,2013,Country or economy,Coal,False,12.14,0.77,6.772,45.063,2.174,1.82,10.413,0.66,6.767,63.102,857.743,Africa,Africa,False,False,False,False,False,Morocco
Morocco,MAR,2013,Country or economy,Gas,False,5.82,-0.13,-2.185,21.604,-0.84,0.87,2.958,-0.066,-2.183,17.925,508.247,Africa,Africa,False,False,False,False,False,Morocco
Morocco,MAR,2013,Country or economy,Other fossil,False,4.63,-2.01,-30.271,17.186,-7.861,1.03,3.047,-1.322,-30.259,18.465,658.099,Africa,Africa,False,False,False,False,False,Morocco
Morocco,MAR,2013,Country or economy,Net imports,False,5.4,0.56,11.57,20.045,1.788,,0.0,0.0,,0.0,0.0,Africa,Africa,False,False,False,False,False,Morocco
Morocco,MAR,2013,Country or economy,Wind and solar,True,1.36,0.63,86.301,5.048,2.294,0.54,0.013,0.006,85.714,0.079,9.559,Africa,Africa,False,False,False,False,False,Morocco
Morocco,MAR,2013,Country or economy,"Hydro, bioenergy and other renewables",True,2.99,1.17,64.286,11.099,4.234,1.31,0.071,0.028,65.116,0.43,23.746,Africa,Africa,False,False,False,False,False,Morocco
Morocco,MAR,2013,Country or economy,Renewables,True,4.35,1.8,70.588,16.147,6.528,1.85,0.084,0.034,68.0,0.509,19.31,Africa,Africa,False,False,False,False,False,Morocco
Morocco,MAR,2013,Country or economy,Clean,True,4.35,1.8,70.588,16.147,6.528,1.85,0.084,0.034,68.0,0.509,19.31,Africa,Africa,False,False,False,False,False,Morocco
Morocco,MAR,2013,Country or economy,Fossil,True,22.59,-1.37,-5.718,83.853,-6.528,3.72,16.418,-0.728,-4.246,99.493,726.782,Africa,Africa,False,False,False,False,False,Morocco
Morocco,MAR,2013,Country or economy,Total generation,True,26.94,0.43,1.622,100.0,0.0,5.57,16.502,-0.694,-4.036,100.002,612.546,Africa,Africa,False,False,False,False,False,Morocco
Morocco,MAR,2013,Country or economy,Demand,True,32.34,0.99,3.158,120.045,1.788,,,,,,,Africa,Africa,False,False,False,False,False,Morocco
Morocco,MAR,2014,Country or economy,Solar,False,0.0,0.0,,0.0,0.0,0.04,0.0,0.0,,0.0,,Africa,Africa,False,False,False,False,False,Morocco
Morocco,MAR,2014,Country or economy,Wind,False,1.92,0.56,41.176,6.838,1.79,0.8,0.018,0.005,38.462,0.098,9.375,Africa,Africa,False,False,False,False,False,Morocco
Morocco,MAR,2014,Country or economy,Hydro,False,2.03,-0.96,-32.107,7.229,-3.87,1.31,0.048,-0.023,-32.394,0.262,23.645,Africa,Africa,False,False,False,False,False,Morocco
Morocco,MAR,2014,Country or economy,Bioenergy,False,0.01,0.01,,0.036,0.036,0.0,0.002,0.002,,0.011,200.0,Africa,Africa,False,False,False,False,False,Morocco
Morocco,MAR,2014,Country or economy,Other renewables,False,0.0,0.0,,0.0,0.0,0.0,0.0,0.0,,0.0,,Africa,Africa,False,False,False,False,False,Morocco
Morocco,MAR,2014,Country or economy,Nuclear,False,0.0,0.0,,0.0,0.0,0.0,0.0,0.0,,0.0,,Africa,Africa,False,False,False,False,False,Morocco
Morocco,MAR,2014,Country or economy,Coal,False,15.95,3.81,31.384,56.802,11.739,2.52,13.681,3.268,31.384,74.812,857.743,Africa,Africa,False,False,False,False,False,Morocco
Morocco,MAR,2014,Country or economy,Gas,False,5.6,-0.22,-3.78,19.943,-1.661,0.87,2.846,-0.112,-3.786,15.563,508.214,Africa,Africa,False,False,False,False,False,Morocco
Morocco,MAR,2014,Country or economy,Other fossil,False,2.57,-2.06,-44.492,9.152,-8.034,1.03,1.691,-1.356,-44.503,9.247,657.977,Africa,Africa,False,False,False,False,False,Morocco
Morocco,MAR,2014,Country or economy,Net imports,False,6.01,0.61,11.296,21.403,1.358,,0.0,0.0,,0.0,0.0,Africa,Africa,False,False,False,False,False,Morocco
Morocco,MAR,2014,Country or economy,Wind and solar,True,1.92,0.56,41.176,6.838,1.79,0.8400000000000001,0.018,0.005,38.462,0.098,9.375,Africa,Africa,False,False,False,False,False,Morocco
Morocco,MAR,2014,Country or economy,"Hydro, bioenergy and other renewables",True,2.04,-0.95,-31.773,7.265,-3.834,1.31,0.05,-0.021,-29.577,0.273,24.51,Africa,Africa,False,False,False,False,False,Morocco
Morocco,MAR,2014,Country or economy,Renewables,True,3.96,-0.39,-8.966,14.103,-2.044,2.1500000000000004,0.069,-0.015,-17.857,0.377,17.424,Africa,Africa,False,False,False,False,False,Morocco
Morocco,MAR,2014,Country or economy,Clean,True,3.96,-0.39,-8.966,14.103,-2.044,2.1500000000000004,0.069,-0.015,-17.857,0.377,17.424,Africa,Africa,False,False,False,False,False,Morocco
Morocco,MAR,2014,Country or economy,Fossil,True,24.12,1.53,6.773,85.897,2.044,4.42,18.218,1.8,10.964,99.622,755.307,Africa,Africa,False,False,False,False,False,Morocco
Morocco,MAR,2014,Country or economy,Total generation,True,28.08,1.14,4.232,100.0,0.0,6.57,18.287,1.785,10.817,99.999,651.246,Africa,Africa,False,False,False,False,False,Morocco
Morocco,MAR,2014,Country or economy,Demand,True,34.09,1.75,5.411,121.403,1.358,,,,,,,Africa,Africa,False,False,False,False,False,Morocco
Morocco,MAR,2015,Country or economy,Solar,False,0.0,0.0,,0.0,0.0,0.2,0.0,0.0,,0.0,,Africa,Africa,False,False,False,False,False,Morocco
Morocco,MAR,2015,Country or economy,Wind,False,2.52,0.6,31.25,8.425,1.587,0.8,0.024,0.006,33.333,0.125,9.524,Africa,Africa,False,False,False,False,False,Morocco
Morocco,MAR,2015,Country or economy,Hydro,False,2.28,0.25,12.315,7.623,0.394,1.31,0.054,0.006,12.5,0.282,23.684,Africa,Africa,False,False,False,False,False,Morocco
Morocco,MAR,2015,Country or economy,Bioenergy,False,0.01,0.0,0.0,0.033,-0.003,0.0,0.002,0.0,0.0,0.01,200.0,Africa,Africa,False,False,False,False,False,Morocco
Morocco,MAR,2015,Country or economy,Other renewables,False,0.0,0.0,,0.0,0.0,0.0,0.0,0.0,,0.0,,Africa,Africa,False,False,False,False,False,Morocco
Morocco,MAR,2015,Country or economy,Nuclear,False,0.0,0.0,,0.0,0.0,0.0,0.0,0.0,,0.0,,Africa,Africa,False,False,False,False,False,Morocco
Morocco,MAR,2015,Country or economy,Coal,False,17.11,1.16,7.273,57.205,0.403,2.52,14.676,0.995,7.273,76.644,857.744,Africa,Africa,False,False,False,False,False,Morocco
Morocco,MAR,2015,Country or economy,Gas,False,5.78,0.18,3.214,19.325,-0.618,0.87,2.938,0.092,3.233,15.343,508.304,Africa,Africa,False,False,False,False,False,Morocco
Morocco,MAR,2015,Country or economy,Other fossil,False,2.21,-0.36,-14.008,7.389,-1.763,1.03,1.454,-0.237,-14.015,7.593,657.919,Africa,Africa,False,False,False,False,False,Morocco
Morocco,MAR,2015,Country or economy,Net imports,False,4.97,-1.04,-17.304,16.617,-4.786,,0.0,0.0,,0.0,0.0,Africa,Africa,False,False,False,False,False,Morocco
Morocco,MAR,2015,Country or economy,Wind and solar,True,2.52,0.6,31.25,8.425,1.587,1.0,0.024,0.006,33.333,0.125,9.524,Africa,Africa,False,False,False,False,False,Morocco
Morocco,MAR,2015,Country or economy,"Hydro, bioenergy and other renewables",True,2.29,0.25,12.255,7.656,0.391,1.31,0.056,0.006,12.0,0.292,24.454,Africa,Africa,False,False,False,False,False,Morocco
Morocco,MAR,2015,Country or economy,Renewables,True,4.81,0.85,21.465,16.082,1.979,2.31,0.08,0.011,15.942,0.418,16.632,Africa,Africa,False,False,False,False,False,Morocco
Morocco,MAR,2015,Country or economy,Clean,True,4.81,0.85,21.465,16.082,1.979,2.31,0.08,0.011,15.942,0.418,16.632,Africa,Africa,False,False,False,False,False,Morocco
Morocco,MAR,2015,Country or economy,Fossil,True,25.1,0.98,4.063,83.918,-1.979,4.42,19.068,0.85,4.666,99.58,759.681,Africa,Africa,False,False,False,False,False,Morocco
Morocco,MAR,2015,Country or economy,Total generation,True,29.91,1.83,6.517,100.0,0.0,6.73,19.148,0.861,4.708,99.998,640.187,Africa,Africa,False,False,False,False,False,Morocco
Morocco,MAR,2015,Country or economy,Demand,True,34.88,0.79,2.317,116.617,-4.786,,,,,,,Africa,Africa,False,False,False,False,False,Morocco
Morocco,MAR,2016,Country or economy,Solar,False,0.4,0.4,,1.296,1.296,0.2,0.019,0.019,,0.097,47.5,Africa,Africa,False,False,False,False,False,Morocco
Morocco,MAR,2016,Country or economy,Wind,False,3.02,0.5,19.841,9.783,1.358,0.9,0.029,0.005,20.833,0.148,9.603,Africa,Africa,False,False,False,False,False,Morocco
Morocco,MAR,2016,Country or economy,Hydro,False,1.66,-0.62,-27.193,5.377,-2.246,1.31,0.039,-0.015,-27.778,0.199,23.494,Africa,Africa,False,False,False,False,False,Morocco
Morocco,MAR,2016,Country or economy,Bioenergy,False,0.01,0.0,0.0,0.032,-0.001,0.01,0.002,0.0,0.0,0.01,200.0,Africa,Africa,False,False,False,False,False,Morocco
Morocco,MAR,2016,Country or economy,Other renewables,False,0.0,0.0,,0.0,0.0,0.0,0.0,0.0,,0.0,,Africa,Africa,False,False,False,False,False,Morocco
Morocco,MAR,2016,Country or economy,Nuclear,False,0.0,0.0,,0.0,0.0,0.0,0.0,0.0,,0.0,,Africa,Africa,False,False,False,False,False,Morocco
Morocco,MAR,2016,Country or economy,Coal,False,16.99,-0.12,-0.701,55.037,-2.168,2.52,14.573,-0.103,-0.702,74.499,857.74,Africa,Africa,False,False,False,False,False,Morocco
Morocco,MAR,2016,Country or economy,Gas,False,5.91,0.13,2.249,19.145,-0.18,0.87,3.004,0.066,2.246,15.357,508.291,Africa,Africa,False,False,False,False,False,Morocco
Morocco,MAR,2016,Country or economy,Other fossil,False,2.88,0.67,30.317,9.329,1.94,1.03,1.895,0.441,30.33,9.687,657.986,Africa,Africa,False,False,False,False,False,Morocco
Morocco,MAR,2016,Country or economy,Net imports,False,5.15,0.18,3.622,16.683,0.066,,0.0,0.0,,0.0,0.0,Africa,Africa,False,False,False,False,False,Morocco
Morocco,MAR,2016,Country or economy,Wind and solar,True,3.42,0.9,35.714,11.079,2.654,1.1,0.048,0.024,100.0,0.245,14.035,Africa,Africa,False,False,False,False,False,Morocco
Morocco,MAR,2016,Country or economy,"Hydro, bioenergy and other renewables",True,1.67,-0.62,-27.074,5.41,-2.246,1.32,0.042,-0.014,-25.0,0.215,25.15,Africa,Africa,False,False,False,False,False,Morocco
Morocco,MAR,2016,Country or economy,Renewables,True,5.09,0.28,5.821,16.489,0.407,2.42,0.089,0.009,11.25,0.455,17.485,Africa,Africa,False,False,False,False,False,Morocco
Morocco,MAR,2016,Country or economy,Clean,True,5.09,0.28,5.821,16.489,0.407,2.42,0.089,0.009,11.25,0.455,17.485,Africa,Africa,False,False,False,False,False,Morocco
Morocco,MAR,2016,Country or economy,Fossil,True,25.78,0.68,2.709,83.511,-0.407,4.42,19.472,0.404,2.119,99.543,755.314,Africa,Africa,False,False,False,False,False,Morocco
Morocco,MAR,2016,Country or economy,Total generation,True,30.87,0.96,3.21,100.0,0.0,6.840000000000001,19.561,0.413,2.157,99.998,633.657,Africa,Africa,False,False,False,False,False,Morocco
Morocco,MAR,2016,Country or economy,Demand,True,36.02,1.14,3.268,116.683,0.066,,,,,,,Africa,Africa,False,False,False,False,False,Morocco
Morocco,MAR,2017,Country or economy,Solar,False,0.41,0.01,2.5,1.284,-0.012,0.2,0.019,0.0,0.0,0.093,46.341,Africa,Africa,False,False,False,False,False,Morocco
Morocco,MAR,2017,Country or economy,Wind,False,3.04,0.02,0.662,9.518,-0.265,1.02,0.029,0.0,0.0,0.143,9.539,Africa,Africa,False,False,False,False,False,Morocco
Morocco,MAR,2017,Country or economy,Hydro,False,1.57,-0.09,-5.422,4.915,-0.462,1.31,0.037,-0.002,-5.128,0.182,23.567,Africa,Africa,False,False,False,False,False,Morocco
Morocco,MAR,2017,Country or economy,Bioenergy,False,0.04,0.03,300.0,0.125,0.093,0.01,0.009,0.007,350.0,0.044,225.0,Africa,Africa,False,False,False,False,False,Morocco
Morocco,MAR,2017,Country or economy,Other renewables,False,0.0,0.0,,0.0,0.0,0.0,0.0,0.0,,0.0,,Africa,Africa,False,False,False,False,False,Morocco
Morocco,MAR,2017,Country or economy,Nuclear,False,0.0,0.0,,0.0,0.0,0.0,0.0,0.0,,0.0,,Africa,Africa,False,False,False,False,False,Morocco
Morocco,MAR,2017,Country or economy,Coal,False,17.55,0.56,3.296,54.947,-0.09,2.87,14.987,0.414,2.841,73.662,853.96,Africa,Africa,False,False,False,False,False,Morocco
Morocco,MAR,2017,Country or economy,Gas,False,5.84,-0.07,-1.184,18.284,-0.861,0.87,2.968,-0.036,-1.198,14.588,508.219,Africa,Africa,False,False,False,False,False,Morocco
Morocco,MAR,2017,Country or economy,Other fossil,False,3.49,0.61,21.181,10.927,1.598,1.03,2.296,0.401,21.161,11.285,657.88,Africa,Africa,False,False,False,False,False,Morocco
Morocco,MAR,2017,Country or economy,Net imports,False,5.9,0.75,14.563,18.472,1.789,,0.0,0.0,,0.0,0.0,Africa,Africa,False,False,False,False,False,Morocco
Morocco,MAR,2017,Country or economy,Wind and solar,True,3.45,0.03,0.877,10.802,-0.277,1.22,0.048,0.0,0.0,0.236,13.913,Africa,Africa,False,False,False,False,False,Morocco
Morocco,MAR,2017,Country or economy,"Hydro, bioenergy and other renewables",True,1.61,-0.06,-3.593,5.041,-0.369,1.32,0.046,0.004,9.524,0.226,28.571,Africa,Africa,False,False,False,False,False,Morocco
Morocco,MAR,2017,Country or economy,Renewables,True,5.06,-0.03,-0.589,15.842,-0.647,2.54,0.094,0.005,5.618,0.462,18.577,Africa,Africa,False,False,False,False,False,Morocco
Morocco,MAR,2017,Country or economy,Clean,True,5.06,-0.03,-0.589,15.842,-0.647,2.54,0.094,0.005,5.618,0.462,18.577,Africa,Africa,False,False,False,False,False,Morocco
Morocco,MAR,2017,Country or economy,Fossil,True,26.88,1.1,4.267,84.158,0.647,4.7700000000000005,20.251,0.779,4.001,99.535,753.385,Africa,Africa,False,False,False,False,False,Morocco
Morocco,MAR,2017,Country or economy,Total generation,True,31.94,1.07,3.466,100.0,0.0,7.31,20.346,0.785,4.013,100.002,637.007,Africa,Africa,False,False,False,False,False,Morocco
Morocco,MAR,2017,Country or economy,Demand,True,37.84,1.82,5.053,118.472,1.789,,,,,,,Africa,Africa,False,False,False,False,False,Morocco
Morocco,MAR,2018,Country or economy,Solar,False,0.95,0.54,131.707,2.749,1.465,0.73,0.045,0.026,136.842,0.21,47.368,Africa,Africa,False,False,False,False,False,Morocco
Morocco,MAR,2018,Country or economy,Wind,False,3.86,0.82,26.974,11.169,1.651,1.23,0.037,0.008,27.586,0.172,9.585,Africa,Africa,False,False,False,False,False,Morocco
Morocco,MAR,2018,Country or economy,Hydro,False,2.0,0.43,27.389,5.787,0.872,1.31,0.048,0.011,29.73,0.224,24.0,Africa,Africa,False,False,False,False,False,Morocco
Morocco,MAR,2018,Country or economy,Bioenergy,False,0.04,0.0,0.0,0.116,-0.009,0.01,0.009,0.0,0.0,0.042,225.0,Africa,Africa,False,False,False,False,False,Morocco
Morocco,MAR,2018,Country or economy,Other renewables,False,0.0,0.0,,0.0,0.0,0.0,0.0,0.0,,0.0,,Africa,Africa,False,False,False,False,False,Morocco
Morocco,MAR,2018,Country or economy,Nuclear,False,0.0,0.0,,0.0,0.0,0.0,0.0,0.0,,0.0,,Africa,Africa,False,False,False,False,False,Morocco
Morocco,MAR,2018,Country or economy,Coal,False,21.26,3.71,21.14,61.516,6.569,4.26,17.87,2.883,19.237,83.217,840.546,Africa,Africa,False,False,False,False,False,Morocco
Morocco,MAR,2018,Country or economy,Gas,False,5.2,-0.64,-10.959,15.046,-3.238,0.87,2.643,-0.325,-10.95,12.308,508.269,Africa,Africa,False,False,False,False,False,Morocco
Morocco,MAR,2018,Country or economy,Other fossil,False,1.25,-2.24,-64.183,3.617,-7.31,1.03,0.822,-1.474,-64.199,3.828,657.6,Africa,Africa,False,False,False,False,False,Morocco
Morocco,MAR,2018,Country or economy,Net imports,False,3.37,-2.53,-42.881,9.751,-8.721,,0.0,0.0,,0.0,0.0,Africa,Africa,False,False,False,False,False,Morocco
Morocco,MAR,2018,Country or economy,Wind and solar,True,4.81,1.36,39.42,13.918,3.116,1.96,0.082,0.034,70.833,0.382,17.048,Africa,Africa,False,False,False,False,False,Morocco
Morocco,MAR,2018,Country or economy,"Hydro, bioenergy and other renewables",True,2.04,0.43,26.708,5.903,0.862,1.32,0.056,0.01,21.739,0.261,27.451,Africa,Africa,False,False,False,False,False,Morocco
Morocco,MAR,2018,Country or economy,Renewables,True,6.85,1.79,35.375,19.821,3.979,3.28,0.138,0.044,46.809,0.643,20.146,Africa,Africa,False,False,False,False,False,Morocco
Morocco,MAR,2018,Country or economy,Clean,True,6.85,1.79,35.375,19.821,3.979,3.28,0.138,0.044,46.809,0.643,20.146,Africa,Africa,False,False,False,False,False,Morocco
Morocco,MAR,2018,Country or economy,Fossil,True,27.71,0.83,3.088,80.179,-3.979,6.16,21.336,1.085,5.358,99.357,769.975,Africa,Africa,False,False,False,False,False,Morocco
Morocco,MAR,2018,Country or economy,Total generation,True,34.56,2.62,8.203,100.0,0.0,9.44,21.474,1.128,5.544,100.0,621.354,Africa,Africa,False,False,False,False,False,Morocco
Morocco,MAR,2018,Country or economy,Demand,True,37.93,0.09,0.238,109.751,-8.721,,,,,,,Africa,Africa,False,False,False,False,False,Morocco
Morocco,MAR,2019,Country or economy,Solar,False,1.58,0.63,66.316,3.913,1.164,0.73,0.075,0.03,66.667,0.294,47.468,Africa,Africa,False,False,False,False,False,Morocco
Morocco,MAR,2019,Country or economy,Wind,False,4.72,0.86,22.28,11.689,0.52,1.23,0.045,0.008,21.622,0.176,9.534,Africa,Africa,False,False,False,False,False,Morocco
Morocco,MAR,2019,Country or economy,Hydro,False,1.65,-0.35,-17.5,4.086,-1.701,1.31,0.039,-0.009,-18.75,0.153,23.636,Africa,Africa,False,False,False,False,False,Morocco
Morocco,MAR,2019,Country or economy,Bioenergy,False,0.04,0.0,0.0,0.099,-0.017,0.01,0.009,0.0,0.0,0.035,225.0,Africa,Africa,False,False,False,False,False,Morocco
Morocco,MAR,2019,Country or economy,Other renewables,False,0.0,0.0,,0.0,0.0,0.0,0.0,0.0,,0.0,,Africa,Africa,False,False,False,False,False,Morocco
Morocco,MAR,2019,Country or economy,Nuclear,False,0.0,0.0,,0.0,0.0,0.0,0.0,0.0,,0.0,,Africa,Africa,False,False,False,False,False,Morocco
Morocco,MAR,2019,Country or economy,Coal,False,26.9,5.64,26.529,66.617,5.101,4.26,22.429,4.559,25.512,87.936,833.792,Africa,Africa,False,False,False,False,False,Morocco
Morocco,MAR,2019,Country or economy,Gas,False,4.7,-0.5,-9.615,11.639,-3.407,0.87,2.389,-0.254,-9.61,9.366,508.298,Africa,Africa,False,False,False,False,False,Morocco
Morocco,MAR,2019,Country or economy,Other fossil,False,0.79,-0.46,-36.8,1.956,-1.661,1.03,0.52,-0.302,-36.74,2.039,658.228,Africa,Africa,False,False,False,False,False,Morocco
Morocco,MAR,2019,Country or economy,Net imports,False,-0.93,-4.3,-127.596,-2.303,-12.054,,0.0,0.0,,0.0,0.0,Africa,Africa,False,False,False,False,False,Morocco
Morocco,MAR,2019,Country or economy,Wind and solar,True,6.3,1.49,30.977,15.602,1.684,1.96,0.12,0.038,46.341,0.47,19.048,Africa,Africa,False,False,False,False,False,Morocco
Morocco,MAR,2019,Country or economy,"Hydro, bioenergy and other renewables",True,1.69,-0.35,-17.157,4.185,-1.718,1.32,0.048,-0.008,-14.286,0.188,28.402,Africa,Africa,False,False,False,False,False,Morocco
Morocco,MAR,2019,Country or economy,Renewables,True,7.99,1.14,16.642,19.787,-0.034,3.28,0.168,0.03,21.739,0.659,21.026,Africa,Africa,False,False,False,False,False,Morocco
Morocco,MAR,2019,Country or economy,Clean,True,7.99,1.14,16.642,19.787,-0.034,3.28,0.168,0.03,21.739,0.659,21.026,Africa,Africa,False,False,False,False,False,Morocco
Morocco,MAR,2019,Country or economy,Fossil,True,32.39,4.68,16.889,80.213,0.034,6.16,25.338,4.002,18.757,99.342,782.278,Africa,Africa,False,False,False,False,False,Morocco
Morocco,MAR,2019,Country or economy,Total generation,True,40.38,5.82,16.84,100.0,0.0,9.44,25.506,4.032,18.776,100.0,631.649,Africa,Africa,False,False,False,False,False,Morocco
Morocco,MAR,2019,Country or economy,Demand,True,39.45,1.52,4.007,97.697,-12.054,,,,,,,Africa,Africa,False,False,False,False,False,Morocco
Morocco,MAR,2020,Country or economy,Solar,False,1.52,-0.06,-3.797,3.918,0.005,0.77,0.072,-0.003,-4.0,0.287,47.368,Africa,Africa,False,False,False,False,False,Morocco
Morocco,MAR,2020,Country or economy,Wind,False,4.59,-0.13,-2.754,11.83,0.141,1.43,0.044,-0.001,-2.222,0.176,9.586,Africa,Africa,False,False,False,False,False,Morocco
Morocco,MAR,2020,Country or economy,Hydro,False,1.29,-0.36,-21.818,3.325,-0.761,1.31,0.031,-0.008,-20.513,0.124,24.031,Africa,Africa,False,False,False,False,False,Morocco
Morocco,MAR,2020,Country or economy,Bioenergy,False,0.04,0.0,0.0,0.103,0.004,0.01,0.009,0.0,0.0,0.036,225.0,Africa,Africa,False,False,False,False,False,Morocco
Morocco,MAR,2020,Country or economy,Other renewables,False,0.0,0.0,,0.0,0.0,0.0,0.0,0.0,,0.0,,Africa,Africa,False,False,False,False,False,Morocco
Morocco,MAR,2020,Country or economy,Nuclear,False,0.0,0.0,,0.0,0.0,0.0,0.0,0.0,,0.0,,Africa,Africa,False,False,False,False,False,Morocco
Morocco,MAR,2020,Country or economy,Coal,False,27.21,0.31,1.152,70.129,3.512,4.26,22.688,0.259,1.155,90.55,833.811,Africa,Africa,False,False,False,False,False,Morocco
Morocco,MAR,2020,Country or economy,Gas,False,3.46,-1.24,-26.383,8.918,-2.721,0.87,1.759,-0.63,-26.371,7.02,508.382,Africa,Africa,False,False,False,False,False,Morocco
Morocco,MAR,2020,Country or economy,Other fossil,False,0.69,-0.1,-12.658,1.778,-0.178,1.03,0.454,-0.066,-12.692,1.812,657.971,Africa,Africa,False,False,False,False,False,Morocco
Morocco,MAR,2020,Country or economy,Net imports,False,0.23,1.16,-124.731,0.593,2.896,,0.0,0.0,,0.0,0.0,Africa,Africa,False,False,False,False,False,Morocco
Morocco,MAR,2020,Country or economy,Wind and solar,True,6.11,-0.19,-3.016,15.747,0.145,2.2,0.116,-0.004,-3.333,0.463,18.985,Africa,Africa,False,False,False,False,False,Morocco
Morocco,MAR,2020,Country or economy,"Hydro, bioenergy and other renewables",True,1.33,-0.36,-21.302,3.428,-0.757,1.32,0.039,-0.009,-18.75,0.156,29.323,Africa,Africa,False,False,False,False,False,Morocco
Morocco,MAR,2020,Country or economy,Renewables,True,7.44,-0.55,-6.884,19.175,-0.612,3.52,0.155,-0.013,-7.738,0.619,20.833,Africa,Africa,False,False,False,False,False,Morocco
Morocco,MAR,2020,Country or economy,Clean,True,7.44,-0.55,-6.884,19.175,-0.612,3.52,0.155,-0.013,-7.738,0.619,20.833,Africa,Africa,False,False,False,False,False,Morocco
Morocco,MAR,2020,Country or economy,Fossil,True,31.36,-1.03,-3.18,80.825,0.612,6.16,24.9,-0.438,-1.729,99.379,794.005,Africa,Africa,False,False,False,False,False,Morocco
Morocco,MAR,2020,Country or economy,Total generation,True,38.8,-1.58,-3.913,100.0,0.0,9.68,25.056,-0.45,-1.764,100.001,645.773,Africa,Africa,False,False,False,False,False,Morocco
Morocco,MAR,2020,Country or economy,Demand,True,39.03,-0.42,-1.065,100.593,2.896,,,,,,,Africa,Africa,False,False,False,False,False,Morocco
Morocco,MAR,2021,Country or economy,Solar,False,1.82,0.3,19.737,4.407,0.489,0.85,0.086,0.014,19.444,0.326,47.253,Africa,Africa,False,False,False,False,False,Morocco
Morocco,MAR,2021,Country or economy,Wind,False,5.11,0.52,11.329,12.373,0.543,1.47,0.049,0.005,11.364,0.185,9.589,Africa,Africa,False,False,False,False,False,Morocco
Morocco,MAR,2021,Country or economy,Hydro,False,1.21,-0.08,-6.202,2.93,-0.395,1.31,0.029,-0.002,-6.452,0.11,23.967,Africa,Africa,False,False,False,False,False,Morocco
Morocco,MAR,2021,Country or economy,Bioenergy,False,0.04,0.0,0.0,0.097,-0.006,0.01,0.009,0.0,0.0,0.034,225.0,Africa,Africa,False,False,False,False,False,Morocco
Morocco,MAR,2021,Country or economy,Other renewables,False,0.0,0.0,,0.0,0.0,0.0,0.0,0.0,,0.0,,Africa,Africa,False,False,False,False,False,Morocco
Morocco,MAR,2021,Country or economy,Nuclear,False,0.0,0.0,,0.0,0.0,0.0,0.0,0.0,,0.0,,Africa,Africa,False,False,False,False,False,Morocco
Morocco,MAR,2021,Country or economy,Coal,False,28.28,1.07,3.932,68.475,-1.654,4.26,23.58,0.892,3.932,89.253,833.805,Africa,Africa,False,False,False,False,False,Morocco
Morocco,MAR,2021,Country or economy,Gas,False,3.46,0.0,0.0,8.378,-0.54,0.87,1.759,0.0,0.0,6.658,508.382,Africa,Africa,False,False,False,False,False,Morocco
Morocco,MAR,2021,Country or economy,Other fossil,False,1.38,0.69,100.0,3.341,1.563,1.03,0.908,0.454,100.0,3.437,657.971,Africa,Africa,False,False,False,False,False,Morocco
Morocco,MAR,2021,Country or economy,Net imports,False,-0.16,-0.39,-169.565,-0.387,-0.98,,0.0,0.0,,0.0,0.0,Africa,Africa,False,False,False,False,False,Morocco
Morocco,MAR,2021,Country or economy,Wind and solar,True,6.93,0.82,13.421,16.78,1.033,2.32,0.135,0.019,16.379,0.511,19.481,Africa,Africa,False,False,False,False,False,Morocco
Morocco,MAR,2021,Country or economy,"Hydro, bioenergy and other renewables",True,1.25,-0.08,-6.015,3.027,-0.401,1.32,0.037,-0.002,-5.128,0.14,29.6,Africa,Africa,False,False,False,False,False,Morocco
Morocco,MAR,2021,Country or economy,Renewables,True,8.18,0.74,9.946,19.806,0.631,3.64,0.173,0.018,11.613,0.655,21.149,Africa,Africa,False,False,False,False,False,Morocco
Morocco,MAR,2021,Country or economy,Clean,True,8.18,0.74,9.946,19.806,0.631,3.64,0.173,0.018,11.613,0.655,21.149,Africa,Africa,False,False,False,False,False,Morocco
Morocco,MAR,2021,Country or economy,Fossil,True,33.12,1.76,5.612,80.194,-0.631,6.16,26.247,1.347,5.41,99.348,792.482,Africa,Africa,False,False,False,False,False,Morocco
Morocco,MAR,2021,Country or economy,Total generation,True,41.3,2.5,6.443,100.0,0.0,9.8,26.419,1.363,5.44,99.999,639.685,Africa,Africa,False,False,False,False,False,Morocco
Morocco,MAR,2021,Country or economy,Demand,True,41.14,2.11,5.406,99.613,-0.98,,,,,,,Africa,Africa,False,False,False,False,False,Morocco
Morocco,MAR,2022,Country or economy,Solar,False,1.45,-0.37,-20.33,3.502,-0.905,0.85,0.069,-0.017,-19.767,0.252,47.586,Africa,Africa,False,False,False,False,False,Morocco
Morocco,MAR,2022,Country or economy,Wind,False,5.36,0.25,4.892,12.944,0.571,1.56,0.051,0.002,4.082,0.186,9.515,Africa,Africa,False,False,False,False,False,Morocco
Morocco,MAR,2022,Country or economy,Hydro,False,0.68,-0.53,-43.802,1.642,-1.288,1.31,0.016,-0.013,-44.828,0.058,23.529,Africa,Africa,False,False,False,False,False,Morocco
Morocco,MAR,2022,Country or economy,Bioenergy,False,0.04,0.0,0.0,0.097,0.0,0.01,0.009,0.0,0.0,0.033,225.0,Africa,Africa,False,False,False,False,False,Morocco
Morocco,MAR,2022,Country or economy,Other renewables,False,0.0,0.0,,0.0,0.0,0.0,0.0,0.0,,0.0,,Africa,Africa,False,False,False,False,False,Morocco
Morocco,MAR,2022,Country or economy,Nuclear,False,0.0,0.0,,0.0,0.0,0.0,0.0,0.0,,0.0,,Africa,Africa,False,False,False,False,False,Morocco
Morocco,MAR,2022,Country or economy,Coal,False,29.0,0.72,2.546,70.031,1.556,4.26,24.18,0.6,2.545,88.143,833.793,Africa,Africa,False,False,False,False,False,Morocco
Morocco,MAR,2022,Country or economy,Gas,False,0.69,-2.77,-80.058,1.666,-6.712,0.87,0.351,-1.408,-80.045,1.279,508.696,Africa,Africa,False,False,False,False,False,Morocco
Morocco,MAR,2022,Country or economy,Other fossil,False,4.19,2.81,203.623,10.118,6.777,1.03,2.757,1.849,203.634,10.05,657.995,Africa,Africa,False,False,False,False,False,Morocco
Morocco,MAR,2022,Country or economy,Net imports,False,1.4,1.56,-975.0,3.381,3.768,,0.0,0.0,,0.0,0.0,Africa,Africa,False,False,False,False,False,Morocco
Morocco,MAR,2022,Country or economy,Wind and solar,True,6.81,-0.12,-1.732,16.445,-0.335,2.41,0.12,-0.015,-11.111,0.437,17.621,Africa,Africa,False,False,False,False,False,Morocco
Morocco,MAR,2022,Country or economy,"Hydro, bioenergy and other renewables",True,0.72,-0.53,-42.4,1.739,-1.288,1.32,0.025,-0.012,-32.432,0.091,34.722,Africa,Africa,False,False,False,False,False,Morocco
Morocco,MAR,2022,Country or economy,Renewables,True,7.53,-0.65,-7.946,18.184,-1.622,3.73,0.145,-0.028,-16.185,0.529,19.256,Africa,Africa,False,False,False,False,False,Morocco
Morocco,MAR,2022,Country or economy,Clean,True,7.53,-0.65,-7.946,18.184,-1.622,3.73,0.145,-0.028,-16.185,0.529,19.256,Africa,Africa,False,False,False,False,False,Morocco
Morocco,MAR,2022,Country or economy,Fossil,True,33.88,0.76,2.295,81.816,1.622,6.16,27.288,1.041,3.966,99.472,805.431,Africa,Africa,False,False,False,False,False,Morocco
Morocco,MAR,2022,Country or economy,Total generation,True,41.41,0.11,0.266,100.0,0.0,9.89,27.433,1.014,3.838,100.001,662.473,Africa,Africa,False,False,False,False,False,Morocco
Morocco,MAR,2022,Country or economy,Demand,True,42.81,1.67,4.059,103.381,3.768,,,,,,,Africa,Africa,False,False,False,False,False,Morocco
Morocco,MAR,2023,Country or economy,Solar,False,2.11,0.66,45.517,4.969,1.467,0.85,0.1,0.031,44.928,0.382,47.393,Africa,Africa,False,False,False,False,False,Morocco
Morocco,MAR,2023,Country or economy,Wind,False,6.55,1.19,22.201,15.426,2.482,2.08,0.062,0.011,21.569,0.237,9.466,Africa,Africa,False,False,False,False,False,Morocco
Morocco,MAR,2023,Country or economy,Hydro,False,0.52,-0.16,-23.529,1.225,-0.417,1.31,0.012,-0.004,-25.0,0.046,23.077,Africa,Africa,False,False,False,False,False,Morocco
Morocco,MAR,2023,Country or economy,Bioenergy,False,0.04,0.0,0.0,0.094,-0.003,0.01,0.009,0.0,0.0,0.034,225.0,Africa,Africa,False,False,False,False,False,Morocco
Morocco,MAR,2023,Country or economy,Other renewables,False,0.0,0.0,,0.0,0.0,0.0,0.0,0.0,,0.0,,Africa,Africa,False,False,False,False,False,Morocco
Morocco,MAR,2023,Country or economy,Nuclear,False,0.0,0.0,,0.0,0.0,0.0,0.0,0.0,,0.0,,Africa,Africa,False,False,False,False,False,Morocco
Morocco,MAR,2023,Country or economy,Coal,False,27.15,-1.85,-6.379,63.943,-6.088,4.26,22.638,-1.542,-6.377,86.435,833.812,Africa,Africa,False,False,False,False,False,Morocco
Morocco,MAR,2023,Country or economy,Gas,False,4.26,3.57,517.391,10.033,8.367,0.87,2.165,1.814,516.809,8.266,508.216,Africa,Africa,False,False,False,False,False,Morocco
Morocco,MAR,2023,Country or economy,Other fossil,False,1.83,-2.36,-56.325,4.31,-5.808,1.03,1.204,-1.553,-56.329,4.597,657.923,Africa,Africa,False,False,False,False,False,Morocco
Morocco,MAR,2023,Country or economy,Net imports,False,1.85,0.45,32.143,4.357,0.976,,0.0,0.0,,0.0,0.0,Africa,Africa,False,False,False,False,False,Morocco
Morocco,MAR,2023,Country or economy,Wind and solar,True,8.66,1.85,27.166,20.396,3.951,2.93,0.163,0.043,35.833,0.622,18.822,Africa,Africa,False,False,False,False,False,Morocco
Morocco,MAR,2023,Country or economy,"Hydro, bioenergy and other renewables",True,0.56,-0.16,-22.222,1.319,-0.42,1.32,0.021,-0.004,-16.0,0.08,37.5,Africa,Africa,False,False,False,False,False,Morocco
Morocco,MAR,2023,Country or economy,Renewables,True,9.22,1.69,22.444,21.715,3.531,4.25,0.184,0.039,26.897,0.703,19.957,Africa,Africa,False,False,False,False,False,Morocco
Morocco,MAR,2023,Country or economy,Clean,True,9.22,1.69,22.444,21.715,3.531,4.25,0.184,0.039,26.897,0.703,19.957,Africa,Africa,False,False,False,False,False,Morocco
Morocco,MAR,2023,Country or economy,Fossil,True,33.24,-0.64,-1.889,78.285,-3.531,6.16,26.007,-1.281,-4.694,99.298,782.401,Africa,Africa,False,False,False,False,False,Morocco
Morocco,MAR,2023,Country or economy,Total generation,True,42.46,1.05,2.536,100.0,0.0,10.41,26.191,-1.242,-4.527,100.001,616.839,Africa,Africa,False,False,False,False,False,Morocco
Morocco,MAR,2023,Country or economy,Demand,True,44.31,1.5,3.504,104.357,0.976,,,,,,,Africa,Africa,False,False,False,False,False,Morocco
Morocco,MAR,2024,Country or economy,Solar,False,2.41,0.3,14.218,5.684,0.715,0.95,0.115,0.015,15.0,0.456,47.718,Africa,Africa,False,False,False,False,False,Morocco
Morocco,MAR,2024,Country or economy,Wind,False,7.09,0.54,8.244,16.722,1.296,2.39,0.067,0.005,8.065,0.265,9.45,Africa,Africa,False,False,False,False,False,Morocco
Morocco,MAR,2024,Country or economy,Hydro,False,0.81,0.29,55.769,1.91,0.685,1.31,0.019,0.007,58.333,0.075,23.457,Africa,Africa,False,False,False,False,False,Morocco
Morocco,MAR,2024,Country or economy,Bioenergy,False,0.04,0.0,0.0,0.094,0.0,0.01,0.009,0.0,0.0,0.036,225.0,Africa,Africa,False,False,False,False,False,Morocco
Morocco,MAR,2024,Country or economy,Other renewables,False,0.0,0.0,,0.0,0.0,0.0,0.0,0.0,,0.0,,Africa,Africa,False,False,False,False,False,Morocco
Morocco,MAR,2024,Country or economy,Nuclear,False,0.0,0.0,,0.0,0.0,0.0,0.0,0.0,,0.0,,Africa,Africa,False,False,False,False,False,Morocco
Morocco,MAR,2024,Country or economy,Coal,False,26.18,-0.97,-3.573,61.745,-2.198,4.09,21.817,-0.821,-3.627,86.436,833.346,Africa,Africa,False,False,False,False,False,Morocco
Morocco,MAR,2024,Country or economy,Gas,False,4.33,0.07,1.643,10.212,0.179,0.87,2.201,0.036,1.663,8.72,508.314,Africa,Africa,False,False,False,False,False,Morocco
Morocco,MAR,2024,Country or economy,Other fossil,False,1.54,-0.29,-15.847,3.632,-0.678,1.03,1.013,-0.191,-15.864,4.013,657.792,Africa,Africa,False,False,False,False,False,Morocco
Morocco,MAR,2024,Country or economy,Net imports,False,2.54,0.69,37.297,5.991,1.634,,0.0,0.0,,0.0,0.0,Africa,Africa,False,False,False,False,False,Morocco
Morocco,MAR,2024,Country or economy,Wind and solar,True,9.5,0.84,9.7,22.406,2.01,3.34,0.182,0.019,11.656,0.721,19.158,Africa,Africa,False,False,False,False,False,Morocco
Morocco,MAR,2024,Country or economy,"Hydro, bioenergy and other renewables",True,0.85,0.29,51.786,2.005,0.686,1.32,0.028,0.007,33.333,0.111,32.941,Africa,Africa,False,False,False,False,False,Morocco
Morocco,MAR,2024,Country or economy,Renewables,True,10.35,1.13,12.256,24.41,2.695,4.66,0.21,0.026,14.13,0.832,20.29,Africa,Africa,False,False,False,False,False,Morocco
Morocco,MAR,2024,Country or economy,Clean,True,10.35,1.13,12.256,24.41,2.695,4.66,0.21,0.026,14.13,0.832,20.29,Africa,Africa,False,False,False,False,False,Morocco
Morocco,MAR,2024,Country or economy,Fossil,True,32.05,-1.19,-3.58,75.59,-2.695,5.99,25.031,-0.976,-3.753,99.169,780.998,Africa,Africa,False,False,False,False,False,Morocco
Morocco,MAR,2024,Country or economy,Total generation,True,42.4,-0.06,-0.141,100.0,0.0,10.65,25.241,-0.95,-3.627,100.001,595.307,Africa,Africa,False,False,False,False,False,Morocco
Morocco,MAR,2024,Country or economy,Demand,True,44.94,0.63,1.422,105.991,1.634,,,,,,,Africa,Africa,False,False,False,False,False,Morocco
Morocco,MAR,2025,Country or economy,Solar,False,2.568,0.158,6.556,5.817,0.133,1.09,0.122,0.007,6.087,0.458,47.508,Africa,Africa,False,False,False,False,False,Morocco
Morocco,MAR,2025,Country or economy,Wind,False,6.717,-0.373,-5.261,15.215,-1.507,2.45,0.064,-0.003,-4.478,0.24,9.528,Africa,Africa,False,False,False,False,False,Morocco
Morocco,MAR,2025,Country or economy,Hydro,False,0.922,0.112,13.827,2.088,0.178,1.31,0.022,0.003,15.789,0.083,23.861,Africa,Africa,False,False,False,False,False,Morocco
Morocco,MAR,2025,Country or economy,Bioenergy,False,0.04,0.0,0.0,0.091,-0.003,0.01,0.009,0.0,0.0,0.034,225.0,Africa,Africa,False,False,False,False,False,Morocco
Morocco,MAR,2025,Country or economy,Other renewables,False,0.0,0.0,,0.0,0.0,0.0,0.0,0.0,,0.0,,Africa,Africa,False,False,False,False,False,Morocco
Morocco,MAR,2025,Country or economy,Nuclear,False,0.0,0.0,,0.0,0.0,0.0,0.0,0.0,,0.0,,Africa,Africa,False,False,False,False,False,Morocco
Morocco,MAR,2025,Country or economy,Coal,False,27.54,1.36,5.195,62.38,0.635,4.09,22.937,1.12,5.134,86.158,832.861,Africa,Africa,False,False,False,False,False,Morocco
Morocco,MAR,2025,Country or economy,Gas,False,4.788,0.458,10.577,10.845,0.633,0.87,2.434,0.233,10.586,9.143,508.354,Africa,Africa,False,False,False,False,False,Morocco
Morocco,MAR,2025,Country or economy,Other fossil,False,1.573,0.033,2.143,3.563,-0.069,1.03,1.035,0.022,2.172,3.888,657.978,Africa,Africa,False,False,False,False,False,Morocco
Morocco,MAR,2025,Country or economy,Net imports,False,3.75,1.21,47.638,8.494,2.503,,0.0,0.0,,0.0,0.0,Africa,Africa,False,False,False,False,False,Morocco
Morocco,MAR,2025,Country or economy,Wind and solar,True,9.285,-0.215,-2.263,21.031,-1.375,3.54,0.186,0.004,2.198,0.699,20.032,Africa,Africa,False,False,False,False,False,Morocco
Morocco,MAR,2025,Country or economy,"Hydro, bioenergy and other renewables",True,0.962,0.112,13.176,2.179,0.174,1.32,0.031,0.003,10.714,0.116,32.225,Africa,Africa,False,False,False,False,False,Morocco
Morocco,MAR,2025,Country or economy,Renewables,True,10.247,-0.103,-0.995,23.21,-1.2,4.86,0.217,0.007,3.333,0.815,21.177,Africa,Africa,False,False,False,False,False,Morocco
Morocco,MAR,2025,Country or economy,Clean,True,10.247,-0.103,-0.995,23.21,-1.2,4.86,0.217,0.007,3.333,0.815,21.177,Africa,Africa,False,False,False,False,False,Morocco
Morocco,MAR,2025,Country or economy,Fossil,True,33.902,1.852,5.778,76.791,1.201,5.99,26.406,1.375,5.493,99.188,778.892,Africa,Africa,False,False,False,False,False,Morocco
Morocco,MAR,2025,Country or economy,Total generation,True,44.149,1.749,4.125,100.001,0.001,10.85,26.622,1.381,5.471,99.999,603.003,Africa,Africa,False,False,False,False,False,Morocco
Morocco,MAR,2025,Country or economy,Demand,True,47.899,2.959,6.584,108.495,2.504,,,,,,,Africa,Africa,False,False,False,False,False,Morocco
Nigeria,NGA,2000,Country or economy,Solar,False,0.0,,,0.0,,0.0,0.0,,,0.0,,Africa,Africa,False,False,False,False,False,Nigeria
Nigeria,NGA,2000,Country or economy,Wind,False,0.0,,,0.0,,0.0,0.0,,,0.0,,Africa,Africa,False,False,False,False,False,Nigeria
Nigeria,NGA,2000,Country or economy,Hydro,False,5.63,,,38.195,,2.08,0.134,,,2.207,23.801,Africa,Africa,False,False,False,False,False,Nigeria
Nigeria,NGA,2000,Country or economy,Bioenergy,False,0.01,,,0.068,,0.0,0.002,,,0.033,200.0,Africa,Africa,False,False,False,False,False,Nigeria
Nigeria,NGA,2000,Country or economy,Other renewables,False,0.0,,,0.0,,0.0,0.0,,,0.0,,Africa,Africa,False,False,False,False,False,Nigeria
Nigeria,NGA,2000,Country or economy,Nuclear,False,0.0,,,0.0,,0.0,0.0,,,0.0,,Africa,Africa,False,False,False,False,False,Nigeria
Nigeria,NGA,2000,Country or economy,Coal,False,0.0,,,0.0,,0.0,0.0,,,0.0,,Africa,Africa,False,False,False,False,False,Nigeria
Nigeria,NGA,2000,Country or economy,Gas,False,9.1,,,61.737,,4.11,5.937,,,97.762,652.418,Africa,Africa,False,False,False,False,False,Nigeria
Nigeria,NGA,2000,Country or economy,Other fossil,False,0.0,,,0.0,,,0.0,,,0.0,,Africa,Africa,False,False,False,False,False,Nigeria
Nigeria,NGA,2000,Country or economy,Net imports,False,-0.02,,,-0.136,,,0.0,,,0.0,0.0,Africa,Africa,False,False,False,False,False,Nigeria
Nigeria,NGA,2000,Country or economy,Wind and solar,True,0.0,,,0.0,,0.0,0.0,,,0.0,,Africa,Africa,False,False,False,False,False,Nigeria
Nigeria,NGA,2000,Country or economy,"Hydro, bioenergy and other renewables",True,5.64,,,38.263,,2.08,0.136,,,2.239,24.113,Africa,Africa,False,False,False,False,False,Nigeria
Nigeria,NGA,2000,Country or economy,Renewables,True,5.64,,,38.263,,2.08,0.136,,,2.239,24.113,Africa,Africa,False,False,False,False,False,Nigeria
Nigeria,NGA,2000,Country or economy,Clean,True,5.64,,,38.263,,2.08,0.136,,,2.239,24.113,Africa,Africa,False,False,False,False,False,Nigeria
Nigeria,NGA,2000,Country or economy,Fossil,True,9.1,,,61.737,,4.11,5.937,,,97.762,652.418,Africa,Africa,False,False,False,False,False,Nigeria
Nigeria,NGA,2000,Country or economy,Total generation,True,14.74,,,100.0,,6.19,6.073,,,100.002,412.008,Africa,Africa,False,False,False,False,False,Nigeria
Nigeria,NGA,2000,Country or economy,Demand,True,14.72,,,99.864,,,,,,,,Africa,Africa,False,False,False,False,False,Nigeria
Nigeria,NGA,2001,Country or economy,Solar,False,0.0,0.0,,0.0,0.0,0.0,0.0,0.0,,0.0,,Africa,Africa,False,False,False,False,False,Nigeria
Nigeria,NGA,2001,Country or economy,Wind,False,0.0,0.0,,0.0,0.0,0.0,0.0,0.0,,0.0,,Africa,Africa,False,False,False,False,False,Nigeria
Nigeria,NGA,2001,Country or economy,Hydro,False,5.91,0.28,4.973,38.203,0.008,2.08,0.14,0.006,4.478,2.197,23.689,Africa,Africa,False,False,False,False,False,Nigeria
Nigeria,NGA,2001,Country or economy,Bioenergy,False,0.01,0.0,0.0,0.065,-0.003,0.0,0.002,0.0,0.0,0.031,200.0,Africa,Africa,False,False,False,False,False,Nigeria
Nigeria,NGA,2001,Country or economy,Other renewables,False,0.0,0.0,,0.0,0.0,0.0,0.0,0.0,,0.0,,Africa,Africa,False,False,False,False,False,Nigeria
Nigeria,NGA,2001,Country or economy,Nuclear,False,0.0,0.0,,0.0,0.0,0.0,0.0,0.0,,0.0,,Africa,Africa,False,False,False,False,False,Nigeria
Nigeria,NGA,2001,Country or economy,Coal,False,0.0,0.0,,0.0,0.0,0.0,0.0,0.0,,0.0,,Africa,Africa,False,False,False,False,False,Nigeria
Nigeria,NGA,2001,Country or economy,Gas,False,9.55,0.45,4.945,61.732,-0.005,4.11,6.231,0.294,4.952,97.77,652.461,Africa,Africa,False,False,False,False,False,Nigeria
Nigeria,NGA,2001,Country or economy,Other fossil,False,0.0,0.0,,0.0,0.0,,0.0,0.0,,0.0,,Africa,Africa,False,False,False,False,False,Nigeria
Nigeria,NGA,2001,Country or economy,Net imports,False,-0.03,-0.01,50.0,-0.194,-0.058,,0.0,0.0,,0.0,0.0,Africa,Africa,False,False,False,False,False,Nigeria
Nigeria,NGA,2001,Country or economy,Wind and solar,True,0.0,0.0,,0.0,0.0,0.0,0.0,0.0,,0.0,,Africa,Africa,False,False,False,False,False,Nigeria
Nigeria,NGA,2001,Country or economy,"Hydro, bioenergy and other renewables",True,5.92,0.28,4.965,38.268,0.005,2.08,0.143,0.007,5.147,2.244,24.155,Africa,Africa,False,False,False,False,False,Nigeria
Nigeria,NGA,2001,Country or economy,Renewables,True,5.92,0.28,4.965,38.268,0.005,2.08,0.143,0.007,5.147,2.244,24.155,Africa,Africa,False,False,False,False,False,Nigeria
Nigeria,NGA,2001,Country or economy,Clean,True,5.92,0.28,4.965,38.268,0.005,2.08,0.143,0.007,5.147,2.244,24.155,Africa,Africa,False,False,False,False,False,Nigeria
Nigeria,NGA,2001,Country or economy,Fossil,True,9.55,0.45,4.945,61.732,-0.005,4.11,6.231,0.294,4.952,97.77,652.461,Africa,Africa,False,False,False,False,False,Nigeria
Nigeria,NGA,2001,Country or economy,Total generation,True,15.47,0.73,4.953,100.0,0.0,6.19,6.373,0.3,4.94,99.998,411.959,Africa,Africa,False,False,False,False,False,Nigeria
Nigeria,NGA,2001,Country or economy,Demand,True,15.44,0.72,4.891,99.806,-0.058,,,,,,,Africa,Africa,False,False,False,False,False,Nigeria
Nigeria,NGA,2002,Country or economy,Solar,False,0.0,0.0,,0.0,0.0,0.0,0.0,0.0,,0.0,,Africa,Africa,False,False,False,False,False,Nigeria
Nigeria,NGA,2002,Country or economy,Wind,False,0.0,0.0,,0.0,0.0,0.0,0.0,0.0,,0.0,,Africa,Africa,False,False,False,False,False,Nigeria
Nigeria,NGA,2002,Country or economy,Hydro,False,8.23,2.32,39.255,38.19,-0.013,2.08,0.196,0.056,40.0,2.207,23.815,Africa,Africa,False,False,False,False,False,Nigeria
Nigeria,NGA,2002,Country or economy,Bioenergy,False,0.01,0.0,0.0,0.046,-0.019,0.0,0.002,0.0,0.0,0.023,200.0,Africa,Africa,False,False,False,False,False,Nigeria
Nigeria,NGA,2002,Country or economy,Other renewables,False,0.0,0.0,,0.0,0.0,0.0,0.0,0.0,,0.0,,Africa,Africa,False,False,False,False,False,Nigeria
Nigeria,NGA,2002,Country or economy,Nuclear,False,0.0,0.0,,0.0,0.0,0.0,0.0,0.0,,0.0,,Africa,Africa,False,False,False,False,False,Nigeria
Nigeria,NGA,2002,Country or economy,Coal,False,0.0,0.0,,0.0,0.0,0.0,0.0,0.0,,0.0,,Africa,Africa,False,False,False,False,False,Nigeria
Nigeria,NGA,2002,Country or economy,Gas,False,13.31,3.76,39.372,61.763,0.031,4.39,8.684,2.453,39.368,97.778,652.442,Africa,Africa,False,False,False,False,False,Nigeria
Nigeria,NGA,2002,Country or economy,Other fossil,False,0.0,0.0,,0.0,0.0,,0.0,0.0,,0.0,,Africa,Africa,False,False,False,False,False,Nigeria
Nigeria,NGA,2002,Country or economy,Net imports,False,-0.03,0.0,0.0,-0.139,0.055,,0.0,0.0,,0.0,0.0,Africa,Africa,False,False,False,False,False,Nigeria
Nigeria,NGA,2002,Country or economy,Wind and solar,True,0.0,0.0,,0.0,0.0,0.0,0.0,0.0,,0.0,,Africa,Africa,False,False,False,False,False,Nigeria
Nigeria,NGA,2002,Country or economy,"Hydro, bioenergy and other renewables",True,8.24,2.32,39.189,38.237,-0.031,2.08,0.198,0.055,38.462,2.229,24.029,Africa,Africa,False,False,False,False,False,Nigeria
Nigeria,NGA,2002,Country or economy,Renewables,True,8.24,2.32,39.189,38.237,-0.031,2.08,0.198,0.055,38.462,2.229,24.029,Africa,Africa,False,False,False,False,False,Nigeria
Nigeria,NGA,2002,Country or economy,Clean,True,8.24,2.32,39.189,38.237,-0.031,2.08,0.198,0.055,38.462,2.229,24.029,Africa,Africa,False,False,False,False,False,Nigeria
Nigeria,NGA,2002,Country or economy,Fossil,True,13.31,3.76,39.372,61.763,0.031,4.39,8.684,2.453,39.368,97.778,652.442,Africa,Africa,False,False,False,False,False,Nigeria
Nigeria,NGA,2002,Country or economy,Total generation,True,21.55,6.08,39.302,100.0,0.0,6.47,8.881,2.508,39.354,99.996,412.111,Africa,Africa,False,False,False,False,False,Nigeria
Nigeria,NGA,2002,Country or economy,Demand,True,21.52,6.08,39.378,99.861,0.055,,,,,,,Africa,Africa,False,False,False,False,False,Nigeria
Nigeria,NGA,2003,Country or economy,Solar,False,0.0,0.0,,0.0,0.0,0.0,0.0,0.0,,0.0,,Africa,Africa,False,False,False,False,False,Nigeria
Nigeria,NGA,2003,Country or economy,Wind,False,0.0,0.0,,0.0,0.0,0.0,0.0,0.0,,0.0,,Africa,Africa,False,False,False,False,False,Nigeria
Nigeria,NGA,2003,Country or economy,Hydro,False,7.45,-0.78,-9.478,36.881,-1.309,2.08,0.177,-0.019,-9.694,2.085,23.758,Africa,Africa,False,False,False,False,False,Nigeria
Nigeria,NGA,2003,Country or economy,Bioenergy,False,0.01,0.0,0.0,0.05,0.004,0.0,0.002,0.0,0.0,0.024,200.0,Africa,Africa,False,False,False,False,False,Nigeria
Nigeria,NGA,2003,Country or economy,Other renewables,False,0.0,0.0,,0.0,0.0,0.0,0.0,0.0,,0.0,,Africa,Africa,False,False,False,False,False,Nigeria
Nigeria,NGA,2003,Country or economy,Nuclear,False,0.0,0.0,,0.0,0.0,0.0,0.0,0.0,,0.0,,Africa,Africa,False,False,False,False,False,Nigeria
Nigeria,NGA,2003,Country or economy,Coal,False,0.0,0.0,,0.0,0.0,0.0,0.0,0.0,,0.0,,Africa,Africa,False,False,False,False,False,Nigeria
Nigeria,NGA,2003,Country or economy,Gas,False,12.74,-0.57,-4.282,63.069,1.306,4.39,8.312,-0.372,-4.284,97.893,652.433,Africa,Africa,False,False,False,False,False,Nigeria
Nigeria,NGA,2003,Country or economy,Other fossil,False,0.0,0.0,,0.0,0.0,,0.0,0.0,,0.0,,Africa,Africa,False,False,False,False,False,Nigeria
Nigeria,NGA,2003,Country or economy,Net imports,False,-0.04,-0.01,33.333,-0.198,-0.059,,0.0,0.0,,0.0,0.0,Africa,Africa,False,False,False,False,False,Nigeria
Nigeria,NGA,2003,Country or economy,Wind and solar,True,0.0,0.0,,0.0,0.0,0.0,0.0,0.0,,0.0,,Africa,Africa,False,False,False,False,False,Nigeria
Nigeria,NGA,2003,Country or economy,"Hydro, bioenergy and other renewables",True,7.46,-0.78,-9.466,36.931,-1.306,2.08,0.179,-0.019,-9.596,2.108,23.995,Africa,Africa,False,False,False,False,False,Nigeria
Nigeria,NGA,2003,Country or economy,Renewables,True,7.46,-0.78,-9.466,36.931,-1.306,2.08,0.179,-0.019,-9.596,2.108,23.995,Africa,Africa,False,False,False,False,False,Nigeria
Nigeria,NGA,2003,Country or economy,Clean,True,7.46,-0.78,-9.466,36.931,-1.306,2.08,0.179,-0.019,-9.596,2.108,23.995,Africa,Africa,False,False,False,False,False,Nigeria
Nigeria,NGA,2003,Country or economy,Fossil,True,12.74,-0.57,-4.282,63.069,1.306,4.39,8.312,-0.372,-4.284,97.893,652.433,Africa,Africa,False,False,False,False,False,Nigeria
Nigeria,NGA,2003,Country or economy,Total generation,True,20.2,-1.35,-6.265,100.0,0.0,6.47,8.491,-0.39,-4.391,100.001,420.347,Africa,Africa,False,False,False,False,False,Nigeria
Nigeria,NGA,2003,Country or economy,Demand,True,20.16,-1.36,-6.32,99.802,-0.059,,,,,,,Africa,Africa,False,False,False,False,False,Nigeria
Nigeria,NGA,2004,Country or economy,Solar,False,0.0,0.0,,0.0,0.0,0.0,0.0,0.0,,0.0,,Africa,Africa,False,False,False,False,False,Nigeria
Nigeria,NGA,2004,Country or economy,Wind,False,0.0,0.0,,0.0,0.0,0.0,0.0,0.0,,0.0,,Africa,Africa,False,False,False,False,False,Nigeria
Nigeria,NGA,2004,Country or economy,Hydro,False,8.11,0.66,8.859,33.388,-3.493,2.08,0.193,0.016,9.04,1.796,23.798,Africa,Africa,False,False,False,False,False,Nigeria
Nigeria,NGA,2004,Country or economy,Bioenergy,False,0.01,0.0,0.0,0.041,-0.009,0.0,0.002,0.0,0.0,0.019,200.0,Africa,Africa,False,False,False,False,False,Nigeria
Nigeria,NGA,2004,Country or economy,Other renewables,False,0.0,0.0,,0.0,0.0,0.0,0.0,0.0,,0.0,,Africa,Africa,False,False,False,False,False,Nigeria
Nigeria,NGA,2004,Country or economy,Nuclear,False,0.0,0.0,,0.0,0.0,0.0,0.0,0.0,,0.0,,Africa,Africa,False,False,False,False,False,Nigeria
Nigeria,NGA,2004,Country or economy,Coal,False,0.0,0.0,,0.0,0.0,0.0,0.0,0.0,,0.0,,Africa,Africa,False,False,False,False,False,Nigeria
Nigeria,NGA,2004,Country or economy,Gas,False,16.17,3.43,26.923,66.571,3.502,4.39,10.55,2.238,26.925,98.191,652.443,Africa,Africa,False,False,False,False,False,Nigeria
Nigeria,NGA,2004,Country or economy,Other fossil,False,0.0,0.0,,0.0,0.0,,0.0,0.0,,0.0,,Africa,Africa,False,False,False,False,False,Nigeria
Nigeria,NGA,2004,Country or economy,Net imports,False,-0.02,0.02,-50.0,-0.082,0.116,,0.0,0.0,,0.0,0.0,Africa,Africa,False,False,False,False,False,Nigeria
Nigeria,NGA,2004,Country or economy,Wind and solar,True,0.0,0.0,,0.0,0.0,0.0,0.0,0.0,,0.0,,Africa,Africa,False,False,False,False,False,Nigeria
Nigeria,NGA,2004,Country or economy,"Hydro, bioenergy and other renewables",True,8.12,0.66,8.847,33.429,-3.502,2.08,0.195,0.016,8.939,1.815,24.015,Africa,Africa,False,False,False,False,False,Nigeria
Nigeria,NGA,2004,Country or economy,Renewables,True,8.12,0.66,8.847,33.429,-3.502,2.08,0.195,0.016,8.939,1.815,24.015,Africa,Africa,False,False,False,False,False,Nigeria
Nigeria,NGA,2004,Country or economy,Clean,True,8.12,0.66,8.847,33.429,-3.502,2.08,0.195,0.016,8.939,1.815,24.015,Africa,Africa,False,False,False,False,False,Nigeria
Nigeria,NGA,2004,Country or economy,Fossil,True,16.17,3.43,26.923,66.571,3.502,4.39,10.55,2.238,26.925,98.191,652.443,Africa,Africa,False,False,False,False,False,Nigeria
Nigeria,NGA,2004,Country or economy,Total generation,True,24.29,4.09,20.248,100.0,0.0,6.47,10.744,2.253,26.534,99.997,442.322,Africa,Africa,False,False,False,False,False,Nigeria
Nigeria,NGA,2004,Country or economy,Demand,True,24.27,4.11,20.387,99.918,0.116,,,,,,,Africa,Africa,False,False,False,False,False,Nigeria
Nigeria,NGA,2005,Country or economy,Solar,False,0.0,0.0,,0.0,0.0,0.0,0.0,0.0,,0.0,,Africa,Africa,False,False,False,False,False,Nigeria
Nigeria,NGA,2005,Country or economy,Wind,False,0.0,0.0,,0.0,0.0,0.0,0.0,0.0,,0.0,,Africa,Africa,False,False,False,False,False,Nigeria
Nigeria,NGA,2005,Country or economy,Hydro,False,7.77,-0.34,-4.192,32.994,-0.394,2.08,0.185,-0.008,-4.145,1.766,23.81,Africa,Africa,False,False,False,False,False,Nigeria
Nigeria,NGA,2005,Country or economy,Bioenergy,False,0.01,0.0,0.0,0.042,0.001,0.0,0.002,0.0,0.0,0.019,200.0,Africa,Africa,False,False,False,False,False,Nigeria
Nigeria,NGA,2005,Country or economy,Other renewables,False,0.0,0.0,,0.0,0.0,0.0,0.0,0.0,,0.0,,Africa,Africa,False,False,False,False,False,Nigeria
Nigeria,NGA,2005,Country or economy,Nuclear,False,0.0,0.0,,0.0,0.0,0.0,0.0,0.0,,0.0,,Africa,Africa,False,False,False,False,False,Nigeria
Nigeria,NGA,2005,Country or economy,Coal,False,0.0,0.0,,0.0,0.0,0.0,0.0,0.0,,0.0,,Africa,Africa,False,False,False,False,False,Nigeria
Nigeria,NGA,2005,Country or economy,Gas,False,15.77,-0.4,-2.474,66.964,0.393,4.87,10.289,-0.261,-2.474,98.221,652.441,Africa,Africa,False,False,False,False,False,Nigeria
Nigeria,NGA,2005,Country or economy,Other fossil,False,0.0,0.0,,0.0,0.0,,0.0,0.0,,0.0,,Africa,Africa,False,False,False,False,False,Nigeria
Nigeria,NGA,2005,Country or economy,Net imports,False,0.0,0.02,-100.0,0.0,0.082,,0.0,0.0,,0.0,,Africa,Africa,False,False,False,False,False,Nigeria
Nigeria,NGA,2005,Country or economy,Wind and solar,True,0.0,0.0,,0.0,0.0,0.0,0.0,0.0,,0.0,,Africa,Africa,False,False,False,False,False,Nigeria
Nigeria,NGA,2005,Country or economy,"Hydro, bioenergy and other renewables",True,7.78,-0.34,-4.187,33.036,-0.393,2.08,0.187,-0.008,-4.103,1.785,24.036,Africa,Africa,False,False,False,False,False,Nigeria
Nigeria,NGA,2005,Country or economy,Renewables,True,7.78,-0.34,-4.187,33.036,-0.393,2.08,0.187,-0.008,-4.103,1.785,24.036,Africa,Africa,False,False,False,False,False,Nigeria
Nigeria,NGA,2005,Country or economy,Clean,True,7.78,-0.34,-4.187,33.036,-0.393,2.08,0.187,-0.008,-4.103,1.785,24.036,Africa,Africa,False,False,False,False,False,Nigeria
Nigeria,NGA,2005,Country or economy,Fossil,True,15.77,-0.4,-2.474,66.964,0.393,4.87,10.289,-0.261,-2.474,98.221,652.441,Africa,Africa,False,False,False,False,False,Nigeria
Nigeria,NGA,2005,Country or economy,Total generation,True,23.55,-0.74,-3.047,100.0,0.0,6.95,10.475,-0.269,-2.504,99.997,444.798,Africa,Africa,False,False,False,False,False,Nigeria
Nigeria,NGA,2005,Country or economy,Demand,True,23.55,-0.72,-2.967,100.0,0.082,,,,,,,Africa,Africa,False,False,False,False,False,Nigeria
Nigeria,NGA,2006,Country or economy,Solar,False,0.0,0.0,,0.0,0.0,0.0,0.0,0.0,,0.0,,Africa,Africa,False,False,False,False,False,Nigeria
Nigeria,NGA,2006,Country or economy,Wind,False,0.0,0.0,,0.0,0.0,0.0,0.0,0.0,,0.0,,Africa,Africa,False,False,False,False,False,Nigeria
Nigeria,NGA,2006,Country or economy,Hydro,False,6.26,-1.51,-19.434,27.076,-5.918,2.08,0.149,-0.036,-19.459,1.337,23.802,Africa,Africa,False,False,False,False,False,Nigeria
Nigeria,NGA,2006,Country or economy,Bioenergy,False,0.01,0.0,0.0,0.043,0.001,0.0,0.002,0.0,0.0,0.018,200.0,Africa,Africa,False,False,False,False,False,Nigeria
Nigeria,NGA,2006,Country or economy,Other renewables,False,0.0,0.0,,0.0,0.0,0.0,0.0,0.0,,0.0,,Africa,Africa,False,False,False,False,False,Nigeria
Nigeria,NGA,2006,Country or economy,Nuclear,False,0.0,0.0,,0.0,0.0,0.0,0.0,0.0,,0.0,,Africa,Africa,False,False,False,False,False,Nigeria
Nigeria,NGA,2006,Country or economy,Coal,False,0.0,0.0,,0.0,0.0,0.0,0.0,0.0,,0.0,,Africa,Africa,False,False,False,False,False,Nigeria
Nigeria,NGA,2006,Country or economy,Gas,False,16.85,1.08,6.848,72.881,5.917,4.87,10.993,0.704,6.842,98.644,652.404,Africa,Africa,False,False,False,False,False,Nigeria
Nigeria,NGA,2006,Country or economy,Other fossil,False,0.0,0.0,,0.0,0.0,,0.0,0.0,,0.0,,Africa,Africa,False,False,False,False,False,Nigeria
Nigeria,NGA,2006,Country or economy,Net imports,False,0.0,0.0,,0.0,0.0,,0.0,0.0,,0.0,,Africa,Africa,False,False,False,False,False,Nigeria
Nigeria,NGA,2006,Country or economy,Wind and solar,True,0.0,0.0,,0.0,0.0,0.0,0.0,0.0,,0.0,,Africa,Africa,False,False,False,False,False,Nigeria
Nigeria,NGA,2006,Country or economy,"Hydro, bioenergy and other renewables",True,6.27,-1.51,-19.409,27.119,-5.917,2.08,0.151,-0.036,-19.251,1.355,24.083,Africa,Africa,False,False,False,False,False,Nigeria
Nigeria,NGA,2006,Country or economy,Renewables,True,6.27,-1.51,-19.409,27.119,-5.917,2.08,0.151,-0.036,-19.251,1.355,24.083,Africa,Africa,False,False,False,False,False,Nigeria
Nigeria,NGA,2006,Country or economy,Clean,True,6.27,-1.51,-19.409,27.119,-5.917,2.08,0.151,-0.036,-19.251,1.355,24.083,Africa,Africa,False,False,False,False,False,Nigeria
Nigeria,NGA,2006,Country or economy,Fossil,True,16.85,1.08,6.848,72.881,5.917,4.87,10.993,0.704,6.842,98.644,652.404,Africa,Africa,False,False,False,False,False,Nigeria
Nigeria,NGA,2006,Country or economy,Total generation,True,23.12,-0.43,-1.826,100.0,0.0,6.95,11.144,0.669,6.387,99.999,482.007,Africa,Africa,False,False,False,False,False,Nigeria
Nigeria,NGA,2006,Country or economy,Demand,True,23.12,-0.43,-1.826,100.0,0.0,,,,,,,Africa,Africa,False,False,False,False,False,Nigeria
Nigeria,NGA,2007,Country or economy,Solar,False,0.0,0.0,,0.0,0.0,0.0,0.0,0.0,,0.0,,Africa,Africa,False,False,False,False,False,Nigeria
Nigeria,NGA,2007,Country or economy,Wind,False,0.0,0.0,,0.0,0.0,0.0,0.0,0.0,,0.0,,Africa,Africa,False,False,False,False,False,Nigeria
Nigeria,NGA,2007,Country or economy,Hydro,False,6.23,-0.03,-0.479,27.099,0.023,2.08,0.148,-0.001,-0.671,1.336,23.756,Africa,Africa,False,False,False,False,False,Nigeria
Nigeria,NGA,2007,Country or economy,Bioenergy,False,0.01,0.0,0.0,0.043,0.0,0.0,0.002,0.0,0.0,0.018,200.0,Africa,Africa,False,False,False,False,False,Nigeria
Nigeria,NGA,2007,Country or economy,Other renewables,False,0.0,0.0,,0.0,0.0,0.0,0.0,0.0,,0.0,,Africa,Africa,False,False,False,False,False,Nigeria
Nigeria,NGA,2007,Country or economy,Nuclear,False,0.0,0.0,,0.0,0.0,0.0,0.0,0.0,,0.0,,Africa,Africa,False,False,False,False,False,Nigeria
Nigeria,NGA,2007,Country or economy,Coal,False,0.0,0.0,,0.0,0.0,0.0,0.0,0.0,,0.0,,Africa,Africa,False,False,False,False,False,Nigeria
Nigeria,NGA,2007,Country or economy,Gas,False,16.75,-0.1,-0.593,72.858,-0.023,5.3,10.928,-0.065,-0.591,98.645,652.418,Africa,Africa,False,False,False,False,False,Nigeria
Nigeria,NGA,2007,Country or economy,Other fossil,False,0.0,0.0,,0.0,0.0,,0.0,0.0,,0.0,,Africa,Africa,False,False,False,False,False,Nigeria
Nigeria,NGA,2007,Country or economy,Net imports,False,0.0,0.0,,0.0,0.0,,0.0,0.0,,0.0,,Africa,Africa,False,False,False,False,False,Nigeria
Nigeria,NGA,2007,Country or economy,Wind and solar,True,0.0,0.0,,0.0,0.0,0.0,0.0,0.0,,0.0,,Africa,Africa,False,False,False,False,False,Nigeria
Nigeria,NGA,2007,Country or economy,"Hydro, bioenergy and other renewables",True,6.24,-0.03,-0.478,27.142,0.023,2.08,0.15,-0.001,-0.662,1.354,24.038,Africa,Africa,False,False,False,False,False,Nigeria
Nigeria,NGA,2007,Country or economy,Renewables,True,6.24,-0.03,-0.478,27.142,0.023,2.08,0.15,-0.001,-0.662,1.354,24.038,Africa,Africa,False,False,False,False,False,Nigeria
Nigeria,NGA,2007,Country or economy,Clean,True,6.24,-0.03,-0.478,27.142,0.023,2.08,0.15,-0.001,-0.662,1.354,24.038,Africa,Africa,False,False,False,False,False,Nigeria
Nigeria,NGA,2007,Country or economy,Fossil,True,16.75,-0.1,-0.593,72.858,-0.023,5.3,10.928,-0.065,-0.591,98.645,652.418,Africa,Africa,False,False,False,False,False,Nigeria
Nigeria,NGA,2007,Country or economy,Total generation,True,22.99,-0.13,-0.562,100.0,0.0,7.38,11.078,-0.066,-0.592,99.999,481.862,Africa,Africa,False,False,False,False,False,Nigeria
Nigeria,NGA,2007,Country or economy,Demand,True,22.99,-0.13,-0.562,100.0,0.0,,,,,,,Africa,Africa,False,False,False,False,False,Nigeria
Nigeria,NGA,2008,Country or economy,Solar,False,0.0,0.0,,0.0,0.0,0.0,0.0,0.0,,0.0,,Africa,Africa,False,False,False,False,False,Nigeria
Nigeria,NGA,2008,Country or economy,Wind,False,0.0,0.0,,0.0,0.0,0.0,0.0,0.0,,0.0,,Africa,Africa,False,False,False,False,False,Nigeria
Nigeria,NGA,2008,Country or economy,Hydro,False,5.72,-0.51,-8.186,27.083,-0.016,2.08,0.136,-0.012,-8.108,1.336,23.776,Africa,Africa,False,False,False,False,False,Nigeria
Nigeria,NGA,2008,Country or economy,Bioenergy,False,0.01,0.0,0.0,0.047,0.004,0.0,0.002,0.0,0.0,0.02,200.0,Africa,Africa,False,False,False,False,False,Nigeria
Nigeria,NGA,2008,Country or economy,Other renewables,False,0.0,0.0,,0.0,0.0,0.0,0.0,0.0,,0.0,,Africa,Africa,False,False,False,False,False,Nigeria
Nigeria,NGA,2008,Country or economy,Nuclear,False,0.0,0.0,,0.0,0.0,0.0,0.0,0.0,,0.0,,Africa,Africa,False,False,False,False,False,Nigeria
Nigeria,NGA,2008,Country or economy,Coal,False,0.0,0.0,,0.0,0.0,0.0,0.0,0.0,,0.0,,Africa,Africa,False,False,False,False,False,Nigeria
Nigeria,NGA,2008,Country or economy,Gas,False,15.39,-1.36,-8.119,72.869,0.011,5.95,10.041,-0.887,-8.117,98.647,652.437,Africa,Africa,False,False,False,False,False,Nigeria
Nigeria,NGA,2008,Country or economy,Other fossil,False,0.0,0.0,,0.0,0.0,,0.0,0.0,,0.0,,Africa,Africa,False,False,False,False,False,Nigeria
Nigeria,NGA,2008,Country or economy,Net imports,False,0.0,0.0,,0.0,0.0,,0.0,0.0,,0.0,,Africa,Africa,False,False,False,False,False,Nigeria
Nigeria,NGA,2008,Country or economy,Wind and solar,True,0.0,0.0,,0.0,0.0,0.0,0.0,0.0,,0.0,,Africa,Africa,False,False,False,False,False,Nigeria
Nigeria,NGA,2008,Country or economy,"Hydro, bioenergy and other renewables",True,5.73,-0.51,-8.173,27.131,-0.011,2.08,0.138,-0.012,-8.0,1.356,24.084,Africa,Africa,False,False,False,False,False,Nigeria
Nigeria,NGA,2008,Country or economy,Renewables,True,5.73,-0.51,-8.173,27.131,-0.011,2.08,0.138,-0.012,-8.0,1.356,24.084,Africa,Africa,False,False,False,False,False,Nigeria
Nigeria,NGA,2008,Country or economy,Clean,True,5.73,-0.51,-8.173,27.131,-0.011,2.08,0.138,-0.012,-8.0,1.356,24.084,Africa,Africa,False,False,False,False,False,Nigeria
Nigeria,NGA,2008,Country or economy,Fossil,True,15.39,-1.36,-8.119,72.869,0.011,5.95,10.041,-0.887,-8.117,98.647,652.437,Africa,Africa,False,False,False,False,False,Nigeria
Nigeria,NGA,2008,Country or economy,Total generation,True,21.12,-1.87,-8.134,100.0,0.0,8.030000000000001,10.179,-0.899,-8.115,100.003,481.96,Africa,Africa,False,False,False,False,False,Nigeria
Nigeria,NGA,2008,Country or economy,Demand,True,21.12,-1.87,-8.134,100.0,0.0,,,,,,,Africa,Africa,False,False,False,False,False,Nigeria
Nigeria,NGA,2009,Country or economy,Solar,False,0.0,0.0,,0.0,0.0,0.0,0.0,0.0,,0.0,,Africa,Africa,False,False,False,False,False,Nigeria
Nigeria,NGA,2009,Country or economy,Wind,False,0.0,0.0,,0.0,0.0,0.0,0.0,0.0,,0.0,,Africa,Africa,False,False,False,False,False,Nigeria
Nigeria,NGA,2009,Country or economy,Hydro,False,4.53,-1.19,-20.804,22.89,-4.193,2.08,0.108,-0.028,-20.588,1.074,23.841,Africa,Africa,False,False,False,False,False,Nigeria
Nigeria,NGA,2009,Country or economy,Bioenergy,False,0.01,0.0,0.0,0.051,0.004,0.0,0.002,0.0,0.0,0.02,200.0,Africa,Africa,False,False,False,False,False,Nigeria
Nigeria,NGA,2009,Country or economy,Other renewables,False,0.0,0.0,,0.0,0.0,0.0,0.0,0.0,,0.0,,Africa,Africa,False,False,False,False,False,Nigeria
Nigeria,NGA,2009,Country or economy,Nuclear,False,0.0,0.0,,0.0,0.0,0.0,0.0,0.0,,0.0,,Africa,Africa,False,False,False,False,False,Nigeria
Nigeria,NGA,2009,Country or economy,Coal,False,0.0,0.0,,0.0,0.0,0.0,0.0,0.0,,0.0,,Africa,Africa,False,False,False,False,False,Nigeria
Nigeria,NGA,2009,Country or economy,Gas,False,15.25,-0.14,-0.91,77.059,4.19,6.14,9.949,-0.092,-0.916,98.906,652.393,Africa,Africa,False,False,False,False,False,Nigeria
Nigeria,NGA,2009,Country or economy,Other fossil,False,0.0,0.0,,0.0,0.0,,0.0,0.0,,0.0,,Africa,Africa,False,False,False,False,False,Nigeria
Nigeria,NGA,2009,Country or economy,Net imports,False,0.0,0.0,,0.0,0.0,,0.0,0.0,,0.0,,Africa,Africa,False,False,False,False,False,Nigeria
Nigeria,NGA,2009,Country or economy,Wind and solar,True,0.0,0.0,,0.0,0.0,0.0,0.0,0.0,,0.0,,Africa,Africa,False,False,False,False,False,Nigeria
Nigeria,NGA,2009,Country or economy,"Hydro, bioenergy and other renewables",True,4.54,-1.19,-20.768,22.941,-4.19,2.08,0.11,-0.028,-20.29,1.094,24.229,Africa,Africa,False,False,False,False,False,Nigeria
Nigeria,NGA,2009,Country or economy,Renewables,True,4.54,-1.19,-20.768,22.941,-4.19,2.08,0.11,-0.028,-20.29,1.094,24.229,Africa,Africa,False,False,False,False,False,Nigeria
Nigeria,NGA,2009,Country or economy,Clean,True,4.54,-1.19,-20.768,22.941,-4.19,2.08,0.11,-0.028,-20.29,1.094,24.229,Africa,Africa,False,False,False,False,False,Nigeria
Nigeria,NGA,2009,Country or economy,Fossil,True,15.25,-0.14,-0.91,77.059,4.19,6.14,9.949,-0.092,-0.916,98.906,652.393,Africa,Africa,False,False,False,False,False,Nigeria
Nigeria,NGA,2009,Country or economy,Total generation,True,19.79,-1.33,-6.297,100.0,0.0,8.219999999999999,10.059,-0.12,-1.179,99.999,508.287,Africa,Africa,False,False,False,False,False,Nigeria
Nigeria,NGA,2009,Country or economy,Demand,True,19.79,-1.33,-6.297,100.0,0.0,,,,,,,Africa,Africa,False,False,False,False,False,Nigeria
Nigeria,NGA,2010,Country or economy,Solar,False,0.0,0.0,,0.0,0.0,0.0,0.0,0.0,,0.0,,Africa,Africa,False,False,False,False,False,Nigeria
Nigeria,NGA,2010,Country or economy,Wind,False,0.0,0.0,,0.0,0.0,0.0,0.0,0.0,,0.0,,Africa,Africa,False,False,False,False,False,Nigeria
Nigeria,NGA,2010,Country or economy,Hydro,False,6.37,1.84,40.618,24.378,1.488,2.08,0.151,0.043,39.815,1.158,23.705,Africa,Africa,False,False,False,False,False,Nigeria
Nigeria,NGA,2010,Country or economy,Bioenergy,False,0.01,0.0,0.0,0.038,-0.013,0.01,0.002,0.0,0.0,0.015,200.0,Africa,Africa,False,False,False,False,False,Nigeria
Nigeria,NGA,2010,Country or economy,Other renewables,False,0.0,0.0,,0.0,0.0,0.0,0.0,0.0,,0.0,,Africa,Africa,False,False,False,False,False,Nigeria
Nigeria,NGA,2010,Country or economy,Nuclear,False,0.0,0.0,,0.0,0.0,0.0,0.0,0.0,,0.0,,Africa,Africa,False,False,False,False,False,Nigeria
Nigeria,NGA,2010,Country or economy,Coal,False,0.0,0.0,,0.0,0.0,0.0,0.0,0.0,,0.0,,Africa,Africa,False,False,False,False,False,Nigeria
Nigeria,NGA,2010,Country or economy,Gas,False,19.75,4.5,29.508,75.584,-1.475,6.14,12.885,2.936,29.511,98.821,652.405,Africa,Africa,False,False,False,False,False,Nigeria
Nigeria,NGA,2010,Country or economy,Other fossil,False,0.0,0.0,,0.0,0.0,,0.0,0.0,,0.0,,Africa,Africa,False,False,False,False,False,Nigeria
Nigeria,NGA,2010,Country or economy,Net imports,False,0.0,0.0,,0.0,0.0,,0.0,0.0,,0.0,,Africa,Africa,False,False,False,False,False,Nigeria
Nigeria,NGA,2010,Country or economy,Wind and solar,True,0.0,0.0,,0.0,0.0,0.0,0.0,0.0,,0.0,,Africa,Africa,False,False,False,False,False,Nigeria
Nigeria,NGA,2010,Country or economy,"Hydro, bioenergy and other renewables",True,6.38,1.84,40.529,24.416,1.475,2.09,0.154,0.044,40.0,1.181,24.138,Africa,Africa,False,False,False,False,False,Nigeria
Nigeria,NGA,2010,Country or economy,Renewables,True,6.38,1.84,40.529,24.416,1.475,2.09,0.154,0.044,40.0,1.181,24.138,Africa,Africa,False,False,False,False,False,Nigeria
Nigeria,NGA,2010,Country or economy,Clean,True,6.38,1.84,40.529,24.416,1.475,2.09,0.154,0.044,40.0,1.181,24.138,Africa,Africa,False,False,False,False,False,Nigeria
Nigeria,NGA,2010,Country or economy,Fossil,True,19.75,4.5,29.508,75.584,-1.475,6.14,12.885,2.936,29.511,98.821,652.405,Africa,Africa,False,False,False,False,False,Nigeria
Nigeria,NGA,2010,Country or economy,Total generation,True,26.13,6.34,32.036,100.0,0.0,8.23,13.039,2.98,29.625,100.003,499.005,Africa,Africa,False,False,False,False,False,Nigeria
Nigeria,NGA,2010,Country or economy,Demand,True,26.13,6.34,32.036,100.0,0.0,,,,,,,Africa,Africa,False,False,False,False,False,Nigeria
Nigeria,NGA,2011,Country or economy,Solar,False,0.0,0.0,,0.0,0.0,0.0,0.0,0.0,,0.0,,Africa,Africa,False,False,False,False,False,Nigeria
Nigeria,NGA,2011,Country or economy,Wind,False,0.0,0.0,,0.0,0.0,0.0,0.0,0.0,,0.0,,Africa,Africa,False,False,False,False,False,Nigeria
Nigeria,NGA,2011,Country or economy,Hydro,False,5.88,-0.49,-7.692,21.746,-2.632,2.11,0.14,-0.011,-7.285,1.004,23.81,Africa,Africa,False,False,False,False,False,Nigeria
Nigeria,NGA,2011,Country or economy,Bioenergy,False,0.01,0.0,0.0,0.037,-0.001,0.01,0.002,0.0,0.0,0.014,200.0,Africa,Africa,False,False,False,False,False,Nigeria
Nigeria,NGA,2011,Country or economy,Other renewables,False,0.0,0.0,,0.0,0.0,0.0,0.0,0.0,,0.0,,Africa,Africa,False,False,False,False,False,Nigeria
Nigeria,NGA,2011,Country or economy,Nuclear,False,0.0,0.0,,0.0,0.0,0.0,0.0,0.0,,0.0,,Africa,Africa,False,False,False,False,False,Nigeria
Nigeria,NGA,2011,Country or economy,Coal,False,0.0,0.0,,0.0,0.0,0.0,0.0,0.0,,0.0,,Africa,Africa,False,False,False,False,False,Nigeria
Nigeria,NGA,2011,Country or economy,Gas,False,21.15,1.4,7.089,78.217,2.633,6.32,13.799,0.914,7.094,98.986,652.435,Africa,Africa,False,False,False,False,False,Nigeria
Nigeria,NGA,2011,Country or economy,Other fossil,False,0.0,0.0,,0.0,0.0,,0.0,0.0,,0.0,,Africa,Africa,False,False,False,False,False,Nigeria
Nigeria,NGA,2011,Country or economy,Net imports,False,0.0,0.0,,0.0,0.0,,0.0,0.0,,0.0,,Africa,Africa,False,False,False,False,False,Nigeria
Nigeria,NGA,2011,Country or economy,Wind and solar,True,0.0,0.0,,0.0,0.0,0.0,0.0,0.0,,0.0,,Africa,Africa,False,False,False,False,False,Nigeria
Nigeria,NGA,2011,Country or economy,"Hydro, bioenergy and other renewables",True,5.89,-0.49,-7.68,21.783,-2.633,2.12,0.142,-0.012,-7.792,1.019,24.109,Africa,Africa,False,False,False,False,False,Nigeria
Nigeria,NGA,2011,Country or economy,Renewables,True,5.89,-0.49,-7.68,21.783,-2.633,2.12,0.142,-0.012,-7.792,1.019,24.109,Africa,Africa,False,False,False,False,False,Nigeria
Nigeria,NGA,2011,Country or economy,Clean,True,5.89,-0.49,-7.68,21.783,-2.633,2.12,0.142,-0.012,-7.792,1.019,24.109,Africa,Africa,False,False,False,False,False,Nigeria
Nigeria,NGA,2011,Country or economy,Fossil,True,21.15,1.4,7.089,78.217,2.633,6.32,13.799,0.914,7.094,98.986,652.435,Africa,Africa,False,False,False,False,False,Nigeria
Nigeria,NGA,2011,Country or economy,Total generation,True,27.04,0.91,3.483,100.0,0.0,8.44,13.94,0.901,6.91,99.997,515.533,Africa,Africa,False,False,False,False,False,Nigeria
Nigeria,NGA,2011,Country or economy,Demand,True,27.04,0.91,3.483,100.0,0.0,,,,,,,Africa,Africa,False,False,False,False,False,Nigeria
Nigeria,NGA,2012,Country or economy,Solar,False,0.02,0.02,,0.07,0.07,0.0,0.001,0.001,,0.007,50.0,Africa,Africa,False,False,False,False,False,Nigeria
Nigeria,NGA,2012,Country or economy,Wind,False,0.0,0.0,,0.0,0.0,0.0,0.0,0.0,,0.0,,Africa,Africa,False,False,False,False,False,Nigeria
Nigeria,NGA,2012,Country or economy,Hydro,False,5.66,-0.22,-3.741,19.694,-2.052,2.11,0.134,-0.006,-4.286,0.883,23.675,Africa,Africa,False,False,False,False,False,Nigeria
Nigeria,NGA,2012,Country or economy,Bioenergy,False,0.01,0.0,0.0,0.035,-0.002,0.01,0.002,0.0,0.0,0.013,200.0,Africa,Africa,False,False,False,False,False,Nigeria
Nigeria,NGA,2012,Country or economy,Other renewables,False,0.0,0.0,,0.0,0.0,0.0,0.0,0.0,,0.0,,Africa,Africa,False,False,False,False,False,Nigeria
Nigeria,NGA,2012,Country or economy,Nuclear,False,0.0,0.0,,0.0,0.0,0.0,0.0,0.0,,0.0,,Africa,Africa,False,False,False,False,False,Nigeria
Nigeria,NGA,2012,Country or economy,Coal,False,0.0,0.0,,0.0,0.0,0.11,0.0,0.0,,0.0,,Africa,Africa,False,False,False,False,False,Nigeria
Nigeria,NGA,2012,Country or economy,Gas,False,23.05,1.9,8.983,80.202,1.985,7.28,15.038,1.239,8.979,99.093,652.408,Africa,Africa,False,False,False,False,False,Nigeria
Nigeria,NGA,2012,Country or economy,Other fossil,False,0.0,0.0,,0.0,0.0,,0.0,0.0,,0.0,,Africa,Africa,False,False,False,False,False,Nigeria
Nigeria,NGA,2012,Country or economy,Net imports,False,0.0,0.0,,0.0,0.0,,0.0,0.0,,0.0,,Africa,Africa,False,False,False,False,False,Nigeria
Nigeria,NGA,2012,Country or economy,Wind and solar,True,0.02,0.02,,0.07,0.07,0.0,0.001,0.001,,0.007,50.0,Africa,Africa,False,False,False,False,False,Nigeria
Nigeria,NGA,2012,Country or economy,"Hydro, bioenergy and other renewables",True,5.67,-0.22,-3.735,19.729,-2.054,2.12,0.137,-0.005,-3.521,0.903,24.162,Africa,Africa,False,False,False,False,False,Nigeria
Nigeria,NGA,2012,Country or economy,Renewables,True,5.69,-0.2,-3.396,19.798,-1.985,2.12,0.138,-0.004,-2.817,0.909,24.253,Africa,Africa,False,False,False,False,False,Nigeria
Nigeria,NGA,2012,Country or economy,Clean,True,5.69,-0.2,-3.396,19.798,-1.985,2.12,0.138,-0.004,-2.817,0.909,24.253,Africa,Africa,False,False,False,False,False,Nigeria
Nigeria,NGA,2012,Country or economy,Fossil,True,23.05,1.9,8.983,80.202,1.985,7.390000000000001,15.038,1.239,8.979,99.093,652.408,Africa,Africa,False,False,False,False,False,Nigeria
Nigeria,NGA,2012,Country or economy,Total generation,True,28.74,1.7,6.287,100.0,0.0,9.51,15.176,1.236,8.867,100.002,528.045,Africa,Africa,False,False,False,False,False,Nigeria
Nigeria,NGA,2012,Country or economy,Demand,True,28.74,1.7,6.287,100.0,0.0,,,,,,,Africa,Africa,False,False,False,False,False,Nigeria
Nigeria,NGA,2013,Country or economy,Solar,False,0.02,0.0,0.0,0.069,-0.001,0.0,0.001,0.0,0.0,0.006,50.0,Africa,Africa,False,False,False,False,False,Nigeria
Nigeria,NGA,2013,Country or economy,Wind,False,0.0,0.0,,0.0,0.0,0.0,0.0,0.0,,0.0,,Africa,Africa,False,False,False,False,False,Nigeria
Nigeria,NGA,2013,Country or economy,Hydro,False,5.33,-0.33,-5.83,18.424,-1.27,2.11,0.127,-0.007,-5.224,0.819,23.827,Africa,Africa,False,False,False,False,False,Nigeria
Nigeria,NGA,2013,Country or economy,Bioenergy,False,0.02,0.01,100.0,0.069,0.034,0.01,0.004,0.002,100.0,0.026,200.0,Africa,Africa,False,False,False,False,False,Nigeria
Nigeria,NGA,2013,Country or economy,Other renewables,False,0.0,0.0,,0.0,0.0,0.0,0.0,0.0,,0.0,,Africa,Africa,False,False,False,False,False,Nigeria
Nigeria,NGA,2013,Country or economy,Nuclear,False,0.0,0.0,,0.0,0.0,0.0,0.0,0.0,,0.0,,Africa,Africa,False,False,False,False,False,Nigeria
Nigeria,NGA,2013,Country or economy,Coal,False,0.0,0.0,,0.0,0.0,0.11,0.0,0.0,,0.0,,Africa,Africa,False,False,False,False,False,Nigeria
Nigeria,NGA,2013,Country or economy,Gas,False,23.56,0.51,2.213,81.438,1.236,8.24,15.371,0.333,2.214,99.15,652.419,Africa,Africa,False,False,False,False,False,Nigeria
Nigeria,NGA,2013,Country or economy,Other fossil,False,0.0,0.0,,0.0,0.0,,0.0,0.0,,0.0,,Africa,Africa,False,False,False,False,False,Nigeria
Nigeria,NGA,2013,Country or economy,Net imports,False,0.0,0.0,,0.0,0.0,,0.0,0.0,,0.0,,Africa,Africa,False,False,False,False,False,Nigeria
Nigeria,NGA,2013,Country or economy,Wind and solar,True,0.02,0.0,0.0,0.069,-0.001,0.0,0.001,0.0,0.0,0.006,50.0,Africa,Africa,False,False,False,False,False,Nigeria
Nigeria,NGA,2013,Country or economy,"Hydro, bioenergy and other renewables",True,5.35,-0.32,-5.644,18.493,-1.236,2.12,0.131,-0.006,-4.38,0.845,24.486,Africa,Africa,False,False,False,False,False,Nigeria
Nigeria,NGA,2013,Country or economy,Renewables,True,5.37,-0.32,-5.624,18.562,-1.236,2.12,0.132,-0.006,-4.348,0.851,24.581,Africa,Africa,False,False,False,False,False,Nigeria
Nigeria,NGA,2013,Country or economy,Clean,True,5.37,-0.32,-5.624,18.562,-1.236,2.12,0.132,-0.006,-4.348,0.851,24.581,Africa,Africa,False,False,False,False,False,Nigeria
Nigeria,NGA,2013,Country or economy,Fossil,True,23.56,0.51,2.213,81.438,1.236,8.35,15.371,0.333,2.214,99.15,652.419,Africa,Africa,False,False,False,False,False,Nigeria
Nigeria,NGA,2013,Country or economy,Total generation,True,28.93,0.19,0.661,100.0,0.0,10.47,15.503,0.327,2.155,100.002,535.88,Africa,Africa,False,False,False,False,False,Nigeria
Nigeria,NGA,2013,Country or economy,Demand,True,28.93,0.19,0.661,100.0,0.0,,,,,,,Africa,Africa,False,False,False,False,False,Nigeria
Nigeria,NGA,2014,Country or economy,Solar,False,0.02,0.0,0.0,0.062,-0.007,0.0,0.001,0.0,0.0,0.006,50.0,Africa,Africa,False,False,False,False,False,Nigeria
Nigeria,NGA,2014,Country or economy,Wind,False,0.0,0.0,,0.0,0.0,0.0,0.0,0.0,,0.0,,Africa,Africa,False,False,False,False,False,Nigeria
Nigeria,NGA,2014,Country or economy,Hydro,False,5.35,0.02,0.375,16.574,-1.85,2.11,0.127,0.0,0.0,0.718,23.738,Africa,Africa,False,False,False,False,False,Nigeria
Nigeria,NGA,2014,Country or economy,Bioenergy,False,0.02,0.0,0.0,0.062,-0.007,0.01,0.004,0.0,0.0,0.023,200.0,Africa,Africa,False,False,False,False,False,Nigeria
Nigeria,NGA,2014,Country or economy,Other renewables,False,0.0,0.0,,0.0,0.0,0.0,0.0,0.0,,0.0,,Africa,Africa,False,False,False,False,False,Nigeria
Nigeria,NGA,2014,Country or economy,Nuclear,False,0.0,0.0,,0.0,0.0,0.0,0.0,0.0,,0.0,,Africa,Africa,False,False,False,False,False,Nigeria
Nigeria,NGA,2014,Country or economy,Coal,False,0.0,0.0,,0.0,0.0,0.11,0.0,0.0,,0.0,,Africa,Africa,False,False,False,False,False,Nigeria
Nigeria,NGA,2014,Country or economy,Gas,False,26.89,3.33,14.134,83.302,1.864,8.24,17.543,2.172,14.131,99.249,652.399,Africa,Africa,False,False,False,False,False,Nigeria
Nigeria,NGA,2014,Country or economy,Other fossil,False,0.0,0.0,,0.0,0.0,,0.0,0.0,,0.0,,Africa,Africa,False,False,False,False,False,Nigeria
Nigeria,NGA,2014,Country or economy,Net imports,False,0.0,0.0,,0.0,0.0,,0.0,0.0,,0.0,,Africa,Africa,False,False,False,False,False,Nigeria
Nigeria,NGA,2014,Country or economy,Wind and solar,True,0.02,0.0,0.0,0.062,-0.007,0.0,0.001,0.0,0.0,0.006,50.0,Africa,Africa,False,False,False,False,False,Nigeria
Nigeria,NGA,2014,Country or economy,"Hydro, bioenergy and other renewables",True,5.37,0.02,0.374,16.636,-1.857,2.12,0.131,0.0,0.0,0.741,24.395,Africa,Africa,False,False,False,False,False,Nigeria
Nigeria,NGA,2014,Country or economy,Renewables,True,5.39,0.02,0.372,16.698,-1.864,2.12,0.132,0.0,0.0,0.747,24.49,Africa,Africa,False,False,False,False,False,Nigeria
Nigeria,NGA,2014,Country or economy,Clean,True,5.39,0.02,0.372,16.698,-1.864,2.12,0.132,0.0,0.0,0.747,24.49,Africa,Africa,False,False,False,False,False,Nigeria
Nigeria,NGA,2014,Country or economy,Fossil,True,26.89,3.33,14.134,83.302,1.864,8.35,17.543,2.172,14.131,99.249,652.399,Africa,Africa,False,False,False,False,False,Nigeria
Nigeria,NGA,2014,Country or economy,Total generation,True,32.28,3.35,11.58,100.0,0.0,10.47,17.676,2.173,14.017,100.001,547.584,Africa,Africa,False,False,False,False,False,Nigeria
Nigeria,NGA,2014,Country or economy,Demand,True,32.28,3.35,11.58,100.0,0.0,,,,,,,Africa,Africa,False,False,False,False,False,Nigeria
Nigeria,NGA,2015,Country or economy,Solar,False,0.03,0.01,50.0,0.09,0.028,0.02,0.001,0.0,0.0,0.006,33.333,Africa,Africa,False,False,False,False,False,Nigeria
Nigeria,NGA,2015,Country or economy,Wind,False,0.0,0.0,,0.0,0.0,0.0,0.0,0.0,,0.0,,Africa,Africa,False,False,False,False,False,Nigeria
Nigeria,NGA,2015,Country or economy,Hydro,False,6.42,1.07,20.0,19.355,2.781,2.11,0.153,0.026,20.472,0.87,23.832,Africa,Africa,False,False,False,False,False,Nigeria
Nigeria,NGA,2015,Country or economy,Bioenergy,False,0.02,0.0,0.0,0.06,-0.002,0.01,0.004,0.0,0.0,0.023,200.0,Africa,Africa,False,False,False,False,False,Nigeria
Nigeria,NGA,2015,Country or economy,Other renewables,False,0.0,0.0,,0.0,0.0,0.0,0.0,0.0,,0.0,,Africa,Africa,False,False,False,False,False,Nigeria
Nigeria,NGA,2015,Country or economy,Nuclear,False,0.0,0.0,,0.0,0.0,0.0,0.0,0.0,,0.0,,Africa,Africa,False,False,False,False,False,Nigeria
Nigeria,NGA,2015,Country or economy,Coal,False,0.0,0.0,,0.0,0.0,0.15,0.0,0.0,,0.0,,Africa,Africa,False,False,False,False,False,Nigeria
Nigeria,NGA,2015,Country or economy,Gas,False,26.7,-0.19,-0.707,80.494,-2.808,10.06,17.419,-0.124,-0.707,99.097,652.397,Africa,Africa,False,False,False,False,False,Nigeria
Nigeria,NGA,2015,Country or economy,Other fossil,False,0.0,0.0,,0.0,0.0,,0.0,0.0,,0.0,,Africa,Africa,False,False,False,False,False,Nigeria
Nigeria,NGA,2015,Country or economy,Net imports,False,0.0,0.0,,0.0,0.0,,0.0,0.0,,0.0,,Africa,Africa,False,False,False,False,False,Nigeria
Nigeria,NGA,2015,Country or economy,Wind and solar,True,0.03,0.01,50.0,0.09,0.028,0.02,0.001,0.0,0.0,0.006,33.333,Africa,Africa,False,False,False,False,False,Nigeria
Nigeria,NGA,2015,Country or economy,"Hydro, bioenergy and other renewables",True,6.44,1.07,19.926,19.415,2.779,2.12,0.157,0.026,19.847,0.893,24.379,Africa,Africa,False,False,False,False,False,Nigeria
Nigeria,NGA,2015,Country or economy,Renewables,True,6.47,1.08,20.037,19.506,2.808,2.14,0.158,0.026,19.697,0.899,24.42,Africa,Africa,False,False,False,False,False,Nigeria
Nigeria,NGA,2015,Country or economy,Clean,True,6.47,1.08,20.037,19.506,2.808,2.14,0.158,0.026,19.697,0.899,24.42,Africa,Africa,False,False,False,False,False,Nigeria
Nigeria,NGA,2015,Country or economy,Fossil,True,26.7,-0.19,-0.707,80.494,-2.808,10.21,17.419,-0.124,-0.707,99.097,652.397,Africa,Africa,False,False,False,False,False,Nigeria
Nigeria,NGA,2015,Country or economy,Total generation,True,33.17,0.89,2.757,100.0,0.0,12.35,17.578,-0.098,-0.554,100.002,529.937,Africa,Africa,False,False,False,False,False,Nigeria
Nigeria,NGA,2015,Country or economy,Demand,True,33.17,0.89,2.757,100.0,0.0,,,,,,,Africa,Africa,False,False,False,False,False,Nigeria
Nigeria,NGA,2016,Country or economy,Solar,False,0.03,0.0,0.0,0.082,-0.008,0.02,0.001,0.0,0.0,0.005,33.333,Africa,Africa,False,False,False,False,False,Nigeria
Nigeria,NGA,2016,Country or economy,Wind,False,0.0,0.0,,0.0,0.0,0.0,0.0,0.0,,0.0,,Africa,Africa,False,False,False,False,False,Nigeria
Nigeria,NGA,2016,Country or economy,Hydro,False,8.15,1.73,26.947,22.304,2.949,2.11,0.194,0.041,26.797,1.038,23.804,Africa,Africa,False,False,False,False,False,Nigeria
Nigeria,NGA,2016,Country or economy,Bioenergy,False,0.03,0.01,50.0,0.082,0.022,0.01,0.006,0.002,50.0,0.032,200.0,Africa,Africa,False,False,False,False,False,Nigeria
Nigeria,NGA,2016,Country or economy,Other renewables,False,0.0,0.0,,0.0,0.0,0.0,0.0,0.0,,0.0,,Africa,Africa,False,False,False,False,False,Nigeria
Nigeria,NGA,2016,Country or economy,Nuclear,False,0.0,0.0,,0.0,0.0,0.0,0.0,0.0,,0.0,,Africa,Africa,False,False,False,False,False,Nigeria
Nigeria,NGA,2016,Country or economy,Coal,False,0.0,0.0,,0.0,0.0,0.28,0.0,0.0,,0.0,,Africa,Africa,False,False,False,False,False,Nigeria
Nigeria,NGA,2016,Country or economy,Gas,False,28.33,1.63,6.105,77.531,-2.963,10.18,18.483,1.064,6.108,98.922,652.418,Africa,Africa,False,False,False,False,False,Nigeria
Nigeria,NGA,2016,Country or economy,Other fossil,False,0.0,0.0,,0.0,0.0,,0.0,0.0,,0.0,,Africa,Africa,False,False,False,False,False,Nigeria
Nigeria,NGA,2016,Country or economy,Net imports,False,-1.94,-1.94,,-5.309,-5.309,,0.0,0.0,,0.0,0.0,Africa,Africa,False,False,False,False,False,Nigeria
Nigeria,NGA,2016,Country or economy,Wind and solar,True,0.03,0.0,0.0,0.082,-0.008,0.02,0.001,0.0,0.0,0.005,33.333,Africa,Africa,False,False,False,False,False,Nigeria
Nigeria,NGA,2016,Country or economy,"Hydro, bioenergy and other renewables",True,8.18,1.74,27.019,22.386,2.971,2.12,0.2,0.043,27.389,1.07,24.45,Africa,Africa,False,False,False,False,False,Nigeria
Nigeria,NGA,2016,Country or economy,Renewables,True,8.21,1.74,26.893,22.469,2.963,2.14,0.202,0.044,27.848,1.081,24.604,Africa,Africa,False,False,False,False,False,Nigeria
Nigeria,NGA,2016,Country or economy,Clean,True,8.21,1.74,26.893,22.469,2.963,2.14,0.202,0.044,27.848,1.081,24.604,Africa,Africa,False,False,False,False,False,Nigeria
Nigeria,NGA,2016,Country or economy,Fossil,True,28.33,1.63,6.105,77.531,-2.963,10.46,18.483,1.064,6.108,98.922,652.418,Africa,Africa,False,False,False,False,False,Nigeria
Nigeria,NGA,2016,Country or economy,Total generation,True,36.54,3.37,10.16,100.0,0.0,12.599999999999998,18.684,1.106,6.292,99.998,511.33,Africa,Africa,False,False,False,False,False,Nigeria
Nigeria,NGA,2016,Country or economy,Demand,True,34.6,1.43,4.311,94.691,-5.309,,,,,,,Africa,Africa,False,False,False,False,False,Nigeria
Nigeria,NGA,2017,Country or economy,Solar,False,0.03,0.0,0.0,0.093,0.011,0.03,0.001,0.0,0.0,0.006,33.333,Africa,Africa,False,False,False,False,False,Nigeria
Nigeria,NGA,2017,Country or economy,Wind,False,0.0,0.0,,0.0,0.0,0.0,0.0,0.0,,0.0,,Africa,Africa,False,False,False,False,False,Nigeria
Nigeria,NGA,2017,Country or economy,Hydro,False,7.75,-0.4,-4.908,24.038,1.734,2.11,0.184,-0.01,-5.155,1.14,23.742,Africa,Africa,False,False,False,False,False,Nigeria
Nigeria,NGA,2017,Country or economy,Bioenergy,False,0.02,-0.01,-33.333,0.062,-0.02,0.01,0.004,-0.002,-33.333,0.025,200.0,Africa,Africa,False,False,False,False,False,Nigeria
Nigeria,NGA,2017,Country or economy,Other renewables,False,0.0,0.0,,0.0,0.0,0.0,0.0,0.0,,0.0,,Africa,Africa,False,False,False,False,False,Nigeria
Nigeria,NGA,2017,Country or economy,Nuclear,False,0.0,0.0,,0.0,0.0,0.0,0.0,0.0,,0.0,,Africa,Africa,False,False,False,False,False,Nigeria
Nigeria,NGA,2017,Country or economy,Coal,False,0.0,0.0,,0.0,0.0,0.28,0.0,0.0,,0.0,,Africa,Africa,False,False,False,False,False,Nigeria
Nigeria,NGA,2017,Country or economy,Gas,False,24.44,-3.89,-13.731,75.806,-1.725,10.18,15.945,-2.538,-13.732,98.823,652.414,Africa,Africa,False,False,False,False,False,Nigeria
Nigeria,NGA,2017,Country or economy,Other fossil,False,0.0,0.0,,0.0,0.0,,0.0,0.0,,0.0,,Africa,Africa,False,False,False,False,False,Nigeria
Nigeria,NGA,2017,Country or economy,Net imports,False,-2.46,-0.52,26.804,-7.63,-2.321,,0.0,0.0,,0.0,0.0,Africa,Africa,False,False,False,False,False,Nigeria
Nigeria,NGA,2017,Country or economy,Wind and solar,True,0.03,0.0,0.0,0.093,0.011,0.03,0.001,0.0,0.0,0.006,33.333,Africa,Africa,False,False,False,False,False,Nigeria
Nigeria,NGA,2017,Country or economy,"Hydro, bioenergy and other renewables",True,7.77,-0.41,-5.012,24.1,1.714,2.12,0.188,-0.012,-6.0,1.165,24.196,Africa,Africa,False,False,False,False,False,Nigeria
Nigeria,NGA,2017,Country or economy,Renewables,True,7.8,-0.41,-4.994,24.194,1.725,2.1499999999999995,0.19,-0.012,-5.941,1.178,24.359,Africa,Africa,False,False,False,False,False,Nigeria
Nigeria,NGA,2017,Country or economy,Clean,True,7.8,-0.41,-4.994,24.194,1.725,2.1499999999999995,0.19,-0.012,-5.941,1.178,24.359,Africa,Africa,False,False,False,False,False,Nigeria
Nigeria,NGA,2017,Country or economy,Fossil,True,24.44,-3.89,-13.731,75.806,-1.725,10.46,15.945,-2.538,-13.732,98.823,652.414,Africa,Africa,False,False,False,False,False,Nigeria
Nigeria,NGA,2017,Country or economy,Total generation,True,32.24,-4.3,-11.768,100.0,0.0,12.609999999999998,16.135,-2.549,-13.643,100.001,500.465,Africa,Africa,False,False,False,False,False,Nigeria
Nigeria,NGA,2017,Country or economy,Demand,True,29.78,-4.82,-13.931,92.37,-2.321,,,,,,,Africa,Africa,False,False,False,False,False,Nigeria
Nigeria,NGA,2018,Country or economy,Solar,False,0.04,0.01,33.333,0.109,0.016,0.03,0.002,0.001,100.0,0.01,50.0,Africa,Africa,False,False,False,False,False,Nigeria
Nigeria,NGA,2018,Country or economy,Wind,False,0.0,0.0,,0.0,0.0,0.0,0.0,0.0,,0.0,,Africa,Africa,False,False,False,False,False,Nigeria
Nigeria,NGA,2018,Country or economy,Hydro,False,7.7,-0.05,-0.645,20.975,-3.063,2.11,0.183,-0.001,-0.543,0.96,23.766,Africa,Africa,False,False,False,False,False,Nigeria
Nigeria,NGA,2018,Country or economy,Bioenergy,False,0.03,0.01,50.0,0.082,0.02,0.01,0.006,0.002,50.0,0.031,200.0,Africa,Africa,False,False,False,False,False,Nigeria
Nigeria,NGA,2018,Country or economy,Other renewables,False,0.0,0.0,,0.0,0.0,0.0,0.0,0.0,,0.0,,Africa,Africa,False,False,False,False,False,Nigeria
Nigeria,NGA,2018,Country or economy,Nuclear,False,0.0,0.0,,0.0,0.0,0.0,0.0,0.0,,0.0,,Africa,Africa,False,False,False,False,False,Nigeria
Nigeria,NGA,2018,Country or economy,Coal,False,0.0,0.0,,0.0,0.0,0.28,0.0,0.0,,0.0,,Africa,Africa,False,False,False,False,False,Nigeria
Nigeria,NGA,2018,Country or economy,Gas,False,28.94,4.5,18.412,78.834,3.028,10.76,18.881,2.936,18.413,98.998,652.419,Africa,Africa,False,False,False,False,False,Nigeria
Nigeria,NGA,2018,Country or economy,Other fossil,False,0.0,0.0,,0.0,0.0,,0.0,0.0,,0.0,,Africa,Africa,False,False,False,False,False,Nigeria
Nigeria,NGA,2018,Country or economy,Net imports,False,-3.0,-0.54,21.951,-8.172,-0.542,,0.0,0.0,,0.0,0.0,Africa,Africa,False,False,False,False,False,Nigeria
Nigeria,NGA,2018,Country or economy,Wind and solar,True,0.04,0.01,33.333,0.109,0.016,0.03,0.002,0.001,100.0,0.01,50.0,Africa,Africa,False,False,False,False,False,Nigeria
Nigeria,NGA,2018,Country or economy,"Hydro, bioenergy and other renewables",True,7.73,-0.04,-0.515,21.057,-3.043,2.12,0.189,0.001,0.532,0.991,24.45,Africa,Africa,False,False,False,False,False,Nigeria
Nigeria,NGA,2018,Country or economy,Renewables,True,7.77,-0.03,-0.385,21.166,-3.028,2.1499999999999995,0.191,0.001,0.526,1.001,24.582,Africa,Africa,False,False,False,False,False,Nigeria
Nigeria,NGA,2018,Country or economy,Clean,True,7.77,-0.03,-0.385,21.166,-3.028,2.1499999999999995,0.191,0.001,0.526,1.001,24.582,Africa,Africa,False,False,False,False,False,Nigeria
Nigeria,NGA,2018,Country or economy,Fossil,True,28.94,4.5,18.412,78.834,3.028,11.04,18.881,2.936,18.413,98.998,652.419,Africa,Africa,False,False,False,False,False,Nigeria
Nigeria,NGA,2018,Country or economy,Total generation,True,36.71,4.47,13.865,100.0,0.0,13.19,19.072,2.937,18.203,99.999,519.531,Africa,Africa,False,False,False,False,False,Nigeria
Nigeria,NGA,2018,Country or economy,Demand,True,33.71,3.93,13.197,91.828,-0.542,,,,,,,Africa,Africa,False,False,False,False,False,Nigeria
Nigeria,NGA,2019,Country or economy,Solar,False,0.05,0.01,25.0,0.137,0.028,0.05,0.002,0.0,0.0,0.011,40.0,Africa,Africa,False,False,False,False,False,Nigeria
Nigeria,NGA,2019,Country or economy,Wind,False,0.0,0.0,,0.0,0.0,0.0,0.0,0.0,,0.0,,Africa,Africa,False,False,False,False,False,Nigeria
Nigeria,NGA,2019,Country or economy,Hydro,False,8.43,0.73,9.481,23.121,2.146,2.11,0.2,0.017,9.29,1.084,23.725,Africa,Africa,False,False,False,False,False,Nigeria
Nigeria,NGA,2019,Country or economy,Bioenergy,False,0.03,0.0,0.0,0.082,0.0,0.01,0.006,0.0,0.0,0.033,200.0,Africa,Africa,False,False,False,False,False,Nigeria
Nigeria,NGA,2019,Country or economy,Other renewables,False,0.0,0.0,,0.0,0.0,0.0,0.0,0.0,,0.0,,Africa,Africa,False,False,False,False,False,Nigeria
Nigeria,NGA,2019,Country or economy,Nuclear,False,0.0,0.0,,0.0,0.0,0.0,0.0,0.0,,0.0,,Africa,Africa,False,False,False,False,False,Nigeria
Nigeria,NGA,2019,Country or economy,Coal,False,0.0,0.0,,0.0,0.0,0.28,0.0,0.0,,0.0,,Africa,Africa,False,False,False,False,False,Nigeria
Nigeria,NGA,2019,Country or economy,Gas,False,27.95,-0.99,-3.421,76.659,-2.175,10.87,18.235,-0.646,-3.421,98.866,652.415,Africa,Africa,False,False,False,False,False,Nigeria
Nigeria,NGA,2019,Country or economy,Other fossil,False,0.0,0.0,,0.0,0.0,,0.0,0.0,,0.0,,Africa,Africa,False,False,False,False,False,Nigeria
Nigeria,NGA,2019,Country or economy,Net imports,False,-2.33,0.67,-22.333,-6.391,1.781,,0.0,0.0,,0.0,0.0,Africa,Africa,False,False,False,False,False,Nigeria
Nigeria,NGA,2019,Country or economy,Wind and solar,True,0.05,0.01,25.0,0.137,0.028,0.05,0.002,0.0,0.0,0.011,40.0,Africa,Africa,False,False,False,False,False,Nigeria
Nigeria,NGA,2019,Country or economy,"Hydro, bioenergy and other renewables",True,8.46,0.73,9.444,23.204,2.147,2.12,0.207,0.018,9.524,1.122,24.468,Africa,Africa,False,False,False,False,False,Nigeria
Nigeria,NGA,2019,Country or economy,Renewables,True,8.51,0.74,9.524,23.341,2.175,2.1699999999999995,0.209,0.018,9.424,1.133,24.559,Africa,Africa,False,False,False,False,False,Nigeria
Nigeria,NGA,2019,Country or economy,Clean,True,8.51,0.74,9.524,23.341,2.175,2.1699999999999995,0.209,0.018,9.424,1.133,24.559,Africa,Africa,False,False,False,False,False,Nigeria
Nigeria,NGA,2019,Country or economy,Fossil,True,27.95,-0.99,-3.421,76.659,-2.175,11.15,18.235,-0.646,-3.421,98.866,652.415,Africa,Africa,False,False,False,False,False,Nigeria
Nigeria,NGA,2019,Country or economy,Total generation,True,36.46,-0.25,-0.681,100.0,0.0,13.32,18.444,-0.628,-3.293,99.999,505.869,Africa,Africa,False,False,False,False,False,Nigeria
Nigeria,NGA,2019,Country or economy,Demand,True,34.13,0.42,1.246,93.609,1.781,,,,,,,Africa,Africa,False,False,False,False,False,Nigeria
Nigeria,NGA,2020,Country or economy,Solar,False,0.08,0.03,60.0,0.211,0.074,0.08,0.004,0.002,100.0,0.02,50.0,Africa,Africa,False,False,False,False,False,Nigeria
Nigeria,NGA,2020,Country or economy,Wind,False,0.0,0.0,,0.0,0.0,0.0,0.0,0.0,,0.0,,Africa,Africa,False,False,False,False,False,Nigeria
Nigeria,NGA,2020,Country or economy,Hydro,False,7.69,-0.74,-8.778,20.237,-2.884,2.11,0.183,-0.017,-8.5,0.92,23.797,Africa,Africa,False,False,False,False,False,Nigeria
Nigeria,NGA,2020,Country or economy,Bioenergy,False,0.04,0.01,33.333,0.105,0.023,0.01,0.009,0.003,50.0,0.045,225.0,Africa,Africa,False,False,False,False,False,Nigeria
Nigeria,NGA,2020,Country or economy,Other renewables,False,0.0,0.0,,0.0,0.0,0.0,0.0,0.0,,0.0,,Africa,Africa,False,False,False,False,False,Nigeria
Nigeria,NGA,2020,Country or economy,Nuclear,False,0.0,0.0,,0.0,0.0,0.0,0.0,0.0,,0.0,,Africa,Africa,False,False,False,False,False,Nigeria
Nigeria,NGA,2020,Country or economy,Coal,False,0.0,0.0,,0.0,0.0,0.28,0.0,0.0,,0.0,,Africa,Africa,False,False,False,False,False,Nigeria
Nigeria,NGA,2020,Country or economy,Gas,False,30.19,2.24,8.014,79.447,2.788,11.0,19.696,1.461,8.012,99.017,652.401,Africa,Africa,False,False,False,False,False,Nigeria
Nigeria,NGA,2020,Country or economy,Other fossil,False,0.0,0.0,,0.0,0.0,,0.0,0.0,,0.0,,Africa,Africa,False,False,False,False,False,Nigeria
Nigeria,NGA,2020,Country or economy,Net imports,False,-3.01,-0.68,29.185,-7.921,-1.53,,0.0,0.0,,0.0,0.0,Africa,Africa,False,False,False,False,False,Nigeria
Nigeria,NGA,2020,Country or economy,Wind and solar,True,0.08,0.03,60.0,0.211,0.074,0.08,0.004,0.002,100.0,0.02,50.0,Africa,Africa,False,False,False,False,False,Nigeria
Nigeria,NGA,2020,Country or economy,"Hydro, bioenergy and other renewables",True,7.73,-0.73,-8.629,20.342,-2.862,2.12,0.191,-0.016,-7.729,0.96,24.709,Africa,Africa,False,False,False,False,False,Nigeria
Nigeria,NGA,2020,Country or economy,Renewables,True,7.81,-0.7,-8.226,20.553,-2.788,2.2,0.195,-0.014,-6.699,0.98,24.968,Africa,Africa,False,False,False,False,False,Nigeria
Nigeria,NGA,2020,Country or economy,Clean,True,7.81,-0.7,-8.226,20.553,-2.788,2.2,0.195,-0.014,-6.699,0.98,24.968,Africa,Africa,False,False,False,False,False,Nigeria
Nigeria,NGA,2020,Country or economy,Fossil,True,30.19,2.24,8.014,79.447,2.788,11.28,19.696,1.461,8.012,99.017,652.401,Africa,Africa,False,False,False,False,False,Nigeria
Nigeria,NGA,2020,Country or economy,Total generation,True,38.0,1.54,4.224,100.0,0.0,13.48,19.892,1.448,7.851,100.002,523.474,Africa,Africa,False,False,False,False,False,Nigeria
Nigeria,NGA,2020,Country or economy,Demand,True,34.99,0.86,2.52,92.079,-1.53,,,,,,,Africa,Africa,False,False,False,False,False,Nigeria
Nigeria,NGA,2021,Country or economy,Solar,False,0.1,0.02,25.0,0.255,0.044,0.1,0.005,0.001,25.0,0.024,50.0,Africa,Africa,False,False,False,False,False,Nigeria
Nigeria,NGA,2021,Country or economy,Wind,False,0.0,0.0,,0.0,0.0,0.0,0.0,0.0,,0.0,,Africa,Africa,False,False,False,False,False,Nigeria
Nigeria,NGA,2021,Country or economy,Hydro,False,7.94,0.25,3.251,20.255,0.018,2.11,0.189,0.006,3.279,0.922,23.804,Africa,Africa,False,False,False,False,False,Nigeria
Nigeria,NGA,2021,Country or economy,Bioenergy,False,0.06,0.02,50.0,0.153,0.048,0.02,0.013,0.004,44.444,0.063,216.667,Africa,Africa,False,False,False,False,False,Nigeria
Nigeria,NGA,2021,Country or economy,Other renewables,False,0.0,0.0,,0.0,0.0,0.0,0.0,0.0,,0.0,,Africa,Africa,False,False,False,False,False,Nigeria
Nigeria,NGA,2021,Country or economy,Nuclear,False,0.0,0.0,,0.0,0.0,0.0,0.0,0.0,,0.0,,Africa,Africa,False,False,False,False,False,Nigeria
Nigeria,NGA,2021,Country or economy,Coal,False,0.0,0.0,,0.0,0.0,0.28,0.0,0.0,,0.0,,Africa,Africa,False,False,False,False,False,Nigeria
Nigeria,NGA,2021,Country or economy,Gas,False,31.1,0.91,3.014,79.337,-0.11,11.29,20.29,0.594,3.016,98.993,652.412,Africa,Africa,False,False,False,False,False,Nigeria
Nigeria,NGA,2021,Country or economy,Other fossil,False,0.0,0.0,,0.0,0.0,,0.0,0.0,,0.0,,Africa,Africa,False,False,False,False,False,Nigeria
Nigeria,NGA,2021,Country or economy,Net imports,False,-3.06,-0.05,1.661,-7.806,0.115,,0.0,0.0,,0.0,0.0,Africa,Africa,False,False,False,False,False,Nigeria
Nigeria,NGA,2021,Country or economy,Wind and solar,True,0.1,0.02,25.0,0.255,0.044,0.1,0.005,0.001,25.0,0.024,50.0,Africa,Africa,False,False,False,False,False,Nigeria
Nigeria,NGA,2021,Country or economy,"Hydro, bioenergy and other renewables",True,8.0,0.27,3.493,20.408,0.066,2.13,0.202,0.011,5.759,0.986,25.25,Africa,Africa,False,False,False,False,False,Nigeria
Nigeria,NGA,2021,Country or economy,Renewables,True,8.1,0.29,3.713,20.663,0.11,2.23,0.206,0.011,5.641,1.005,25.432,Africa,Africa,False,False,False,False,False,Nigeria
Nigeria,NGA,2021,Country or economy,Clean,True,8.1,0.29,3.713,20.663,0.11,2.23,0.206,0.011,5.641,1.005,25.432,Africa,Africa,False,False,False,False,False,Nigeria
Nigeria,NGA,2021,Country or economy,Fossil,True,31.1,0.91,3.014,79.337,-0.11,11.57,20.29,0.594,3.016,98.993,652.412,Africa,Africa,False,False,False,False,False,Nigeria
Nigeria,NGA,2021,Country or economy,Total generation,True,39.2,1.2,3.158,100.0,0.0,13.8,20.496,0.604,3.036,99.998,522.857,Africa,Africa,False,False,False,False,False,Nigeria
Nigeria,NGA,2021,Country or economy,Demand,True,36.14,1.15,3.287,92.194,0.115,,,,,,,Africa,Africa,False,False,False,False,False,Nigeria
Nigeria,NGA,2022,Country or economy,Solar,False,0.1,0.0,0.0,0.263,0.008,0.13,0.005,0.0,0.0,0.026,50.0,Africa,Africa,False,False,False,False,False,Nigeria
Nigeria,NGA,2022,Country or economy,Wind,False,0.0,0.0,,0.0,0.0,0.0,0.0,0.0,,0.0,,Africa,Africa,False,False,False,False,False,Nigeria
Nigeria,NGA,2022,Country or economy,Hydro,False,9.23,1.29,16.247,24.289,4.034,2.11,0.219,0.03,15.873,1.159,23.727,Africa,Africa,False,False,False,False,False,Nigeria
Nigeria,NGA,2022,Country or economy,Bioenergy,False,0.06,0.0,0.0,0.158,0.005,0.02,0.013,0.0,0.0,0.069,216.667,Africa,Africa,False,False,False,False,False,Nigeria
Nigeria,NGA,2022,Country or economy,Other renewables,False,0.0,0.0,,0.0,0.0,0.0,0.0,0.0,,0.0,,Africa,Africa,False,False,False,False,False,Nigeria
Nigeria,NGA,2022,Country or economy,Nuclear,False,0.0,0.0,,0.0,0.0,0.0,0.0,0.0,,0.0,,Africa,Africa,False,False,False,False,False,Nigeria
Nigeria,NGA,2022,Country or economy,Coal,False,0.0,0.0,,0.0,0.0,0.34,0.0,0.0,,0.0,,Africa,Africa,False,False,False,False,False,Nigeria
Nigeria,NGA,2022,Country or economy,Gas,False,28.61,-2.49,-8.006,75.289,-4.048,11.29,18.666,-1.624,-8.004,98.749,652.429,Africa,Africa,False,False,False,False,False,Nigeria
Nigeria,NGA,2022,Country or economy,Other fossil,False,0.0,0.0,,0.0,0.0,,0.0,0.0,,0.0,,Africa,Africa,False,False,False,False,False,Nigeria
Nigeria,NGA,2022,Country or economy,Net imports,False,-2.43,0.63,-20.588,-6.395,1.411,,0.0,0.0,,0.0,0.0,Africa,Africa,False,False,False,False,False,Nigeria
Nigeria,NGA,2022,Country or economy,Wind and solar,True,0.1,0.0,0.0,0.263,0.008,0.13,0.005,0.0,0.0,0.026,50.0,Africa,Africa,False,False,False,False,False,Nigeria
Nigeria,NGA,2022,Country or economy,"Hydro, bioenergy and other renewables",True,9.29,1.29,16.125,24.447,4.039,2.13,0.232,0.03,14.851,1.227,24.973,Africa,Africa,False,False,False,False,False,Nigeria
Nigeria,NGA,2022,Country or economy,Renewables,True,9.39,1.29,15.926,24.711,4.048,2.26,0.237,0.031,15.049,1.254,25.24,Africa,Africa,False,False,False,False,False,Nigeria
Nigeria,NGA,2022,Country or economy,Clean,True,9.39,1.29,15.926,24.711,4.048,2.26,0.237,0.031,15.049,1.254,25.24,Africa,Africa,False,False,False,False,False,Nigeria
Nigeria,NGA,2022,Country or economy,Fossil,True,28.61,-2.49,-8.006,75.289,-4.048,11.63,18.666,-1.624,-8.004,98.749,652.429,Africa,Africa,False,False,False,False,False,Nigeria
Nigeria,NGA,2022,Country or economy,Total generation,True,38.0,-1.2,-3.061,100.0,0.0,13.89,18.903,-1.593,-7.772,100.002,497.447,Africa,Africa,False,False,False,False,False,Nigeria
Nigeria,NGA,2022,Country or economy,Demand,True,35.57,-0.57,-1.577,93.605,1.411,,,,,,,Africa,Africa,False,False,False,False,False,Nigeria
Nigeria,NGA,2023,Country or economy,Solar,False,0.11,0.01,10.0,0.269,0.006,0.17,0.005,0.0,0.0,0.024,45.455,Africa,Africa,False,False,False,False,False,Nigeria
Nigeria,NGA,2023,Country or economy,Wind,False,0.0,0.0,,0.0,0.0,0.0,0.0,0.0,,0.0,,Africa,Africa,False,False,False,False,False,Nigeria
Nigeria,NGA,2023,Country or economy,Hydro,False,9.11,-0.12,-1.3,22.263,-2.026,2.9,0.216,-0.003,-1.37,1.035,23.71,Africa,Africa,False,False,False,False,False,Nigeria
Nigeria,NGA,2023,Country or economy,Bioenergy,False,0.06,0.0,0.0,0.147,-0.011,0.02,0.013,0.0,0.0,0.062,216.667,Africa,Africa,False,False,False,False,False,Nigeria
Nigeria,NGA,2023,Country or economy,Other renewables,False,0.0,0.0,,0.0,0.0,0.0,0.0,0.0,,0.0,,Africa,Africa,False,False,False,False,False,Nigeria
Nigeria,NGA,2023,Country or economy,Nuclear,False,0.0,0.0,,0.0,0.0,0.0,0.0,0.0,,0.0,,Africa,Africa,False,False,False,False,False,Nigeria
Nigeria,NGA,2023,Country or economy,Coal,False,0.0,0.0,,0.0,0.0,0.34,0.0,0.0,,0.0,,Africa,Africa,False,False,False,False,False,Nigeria
Nigeria,NGA,2023,Country or economy,Gas,False,31.64,3.03,10.591,77.322,2.033,11.34,20.642,1.976,10.586,98.874,652.402,Africa,Africa,False,False,False,False,False,Nigeria
Nigeria,NGA,2023,Country or economy,Other fossil,False,0.0,0.0,,0.0,0.0,,0.0,0.0,,0.0,,Africa,Africa,False,False,False,False,False,Nigeria
Nigeria,NGA,2023,Country or economy,Net imports,False,-2.32,0.11,-4.527,-5.67,0.725,,0.0,0.0,,0.0,0.0,Africa,Africa,False,False,False,False,False,Nigeria
Nigeria,NGA,2023,Country or economy,Wind and solar,True,0.11,0.01,10.0,0.269,0.006,0.17,0.005,0.0,0.0,0.024,45.455,Africa,Africa,False,False,False,False,False,Nigeria
Nigeria,NGA,2023,Country or economy,"Hydro, bioenergy and other renewables",True,9.17,-0.12,-1.292,22.41,-2.037,2.92,0.229,-0.003,-1.293,1.097,24.973,Africa,Africa,False,False,False,False,False,Nigeria
Nigeria,NGA,2023,Country or economy,Renewables,True,9.28,-0.11,-1.171,22.678,-2.033,3.09,0.235,-0.002,-0.844,1.126,25.323,Africa,Africa,False,False,False,False,False,Nigeria
Nigeria,NGA,2023,Country or economy,Clean,True,9.28,-0.11,-1.171,22.678,-2.033,3.09,0.235,-0.002,-0.844,1.126,25.323,Africa,Africa,False,False,False,False,False,Nigeria
Nigeria,NGA,2023,Country or economy,Fossil,True,31.64,3.03,10.591,77.322,2.033,11.68,20.642,1.976,10.586,98.874,652.402,Africa,Africa,False,False,False,False,False,Nigeria
Nigeria,NGA,2023,Country or economy,Total generation,True,40.92,2.92,7.684,100.0,0.0,14.77,20.877,1.974,10.443,100.0,510.191,Africa,Africa,False,False,False,False,False,Nigeria
Nigeria,NGA,2023,Country or economy,Demand,True,38.6,3.03,8.518,94.33,0.725,,,,,,,Africa,Africa,False,False,False,False,False,Nigeria
Nigeria,NGA,2024,Country or economy,Solar,False,0.13,0.02,18.182,0.346,0.077,0.23,0.006,0.001,20.0,0.032,46.154,Africa,Africa,False,False,False,False,False,Nigeria
Nigeria,NGA,2024,Country or economy,Wind,False,0.0,0.0,,0.0,0.0,0.0,0.0,0.0,,0.0,,Africa,Africa,False,False,False,False,False,Nigeria
Nigeria,NGA,2024,Country or economy,Hydro,False,9.2,0.09,0.988,24.494,2.231,2.9,0.219,0.003,1.389,1.176,23.804,Africa,Africa,False,False,False,False,False,Nigeria
Nigeria,NGA,2024,Country or economy,Bioenergy,False,0.06,0.0,0.0,0.16,0.013,0.02,0.013,0.0,0.0,0.07,216.667,Africa,Africa,False,False,False,False,False,Nigeria
Nigeria,NGA,2024,Country or economy,Other renewables,False,0.0,0.0,,0.0,0.0,0.0,0.0,0.0,,0.0,,Africa,Africa,False,False,False,False,False,Nigeria
Nigeria,NGA,2024,Country or economy,Nuclear,False,0.0,0.0,,0.0,0.0,0.0,0.0,0.0,,0.0,,Africa,Africa,False,False,False,False,False,Nigeria
Nigeria,NGA,2024,Country or economy,Coal,False,0.0,0.0,,0.0,0.0,0.34,0.0,0.0,,0.0,,Africa,Africa,False,False,False,False,False,Nigeria
Nigeria,NGA,2024,Country or economy,Gas,False,28.17,-3.47,-10.967,75.0,-2.322,11.91,18.378,-2.264,-10.968,98.72,652.396,Africa,Africa,False,False,False,False,False,Nigeria
Nigeria,NGA,2024,Country or economy,Other fossil,False,0.0,0.0,,0.0,0.0,,0.0,0.0,,0.0,,Africa,Africa,False,False,False,False,False,Nigeria
Nigeria,NGA,2024,Country or economy,Net imports,False,-2.3,0.02,-0.862,-6.124,-0.454,,0.0,0.0,,0.0,0.0,Africa,Africa,False,False,False,False,False,Nigeria
Nigeria,NGA,2024,Country or economy,Wind and solar,True,0.13,0.02,18.182,0.346,0.077,0.23,0.006,0.001,20.0,0.032,46.154,Africa,Africa,False,False,False,False,False,Nigeria
Nigeria,NGA,2024,Country or economy,"Hydro, bioenergy and other renewables",True,9.26,0.09,0.981,24.654,2.244,2.92,0.232,0.003,1.31,1.246,25.054,Africa,Africa,False,False,False,False,False,Nigeria
Nigeria,NGA,2024,Country or economy,Renewables,True,9.39,0.11,1.185,25.0,2.322,3.15,0.238,0.003,1.277,1.278,25.346,Africa,Africa,False,False,False,False,False,Nigeria
Nigeria,NGA,2024,Country or economy,Clean,True,9.39,0.11,1.185,25.0,2.322,3.15,0.238,0.003,1.277,1.278,25.346,Africa,Africa,False,False,False,False,False,Nigeria
Nigeria,NGA,2024,Country or economy,Fossil,True,28.17,-3.47,-10.967,75.0,-2.322,12.25,18.378,-2.264,-10.968,98.72,652.396,Africa,Africa,False,False,False,False,False,Nigeria
Nigeria,NGA,2024,Country or economy,Total generation,True,37.56,-3.36,-8.211,100.0,0.0,15.4,18.616,-2.261,-10.83,99.999,495.634,Africa,Africa,False,False,False,False,False,Nigeria
Nigeria,NGA,2024,Country or economy,Demand,True,35.26,-3.34,-8.653,93.876,-0.454,,,,,,,Africa,Africa,False,False,False,False,False,Nigeria
Nigeria,NGA,2025,Country or economy,Solar,False,0.13,0.0,0.0,0.306,-0.04,0.28,0.006,0.0,0.0,0.031,46.154,Africa,Africa,False,False,False,False,False,Nigeria
Nigeria,NGA,2025,Country or economy,Wind,False,0.0,0.0,,0.0,0.0,0.0,0.0,0.0,,0.0,,Africa,Africa,False,False,False,False,False,Nigeria
Nigeria,NGA,2025,Country or economy,Hydro,False,13.395,4.195,45.598,31.513,7.019,2.9,0.318,0.099,45.205,1.656,23.74,Africa,Africa,False,False,False,False,False,Nigeria
Nigeria,NGA,2025,Country or economy,Bioenergy,False,0.06,0.0,0.0,0.141,-0.019,0.02,0.013,0.0,0.0,0.068,216.667,Africa,Africa,False,False,False,False,False,Nigeria
Nigeria,NGA,2025,Country or economy,Other renewables,False,0.0,0.0,,0.0,0.0,0.0,0.0,0.0,,0.0,,Africa,Africa,False,False,False,False,False,Nigeria
Nigeria,NGA,2025,Country or economy,Nuclear,False,0.0,0.0,,0.0,0.0,0.0,0.0,0.0,,0.0,,Africa,Africa,False,False,False,False,False,Nigeria
Nigeria,NGA,2025,Country or economy,Coal,False,0.0,0.0,,0.0,0.0,0.34,0.0,0.0,,0.0,,Africa,Africa,False,False,False,False,False,Nigeria
Nigeria,NGA,2025,Country or economy,Gas,False,28.922,0.752,2.67,68.041,-6.959,11.91,18.869,0.491,2.672,98.243,652.41,Africa,Africa,False,False,False,False,False,Nigeria
Nigeria,NGA,2025,Country or economy,Other fossil,False,0.0,0.0,,0.0,0.0,,0.0,0.0,,0.0,,Africa,Africa,False,False,False,False,False,Nigeria
Nigeria,NGA,2025,Country or economy,Net imports,False,-2.3,0.0,0.0,-5.411,0.713,,0.0,0.0,,0.0,0.0,Africa,Africa,False,False,False,False,False,Nigeria
Nigeria,NGA,2025,Country or economy,Wind and solar,True,0.13,0.0,0.0,0.306,-0.04,0.28,0.006,0.0,0.0,0.031,46.154,Africa,Africa,False,False,False,False,False,Nigeria
Nigeria,NGA,2025,Country or economy,"Hydro, bioenergy and other renewables",True,13.455,4.195,45.302,31.654,7.0,2.92,0.331,0.099,42.672,1.723,24.601,Africa,Africa,False,False,False,False,False,Nigeria
Nigeria,NGA,2025,Country or economy,Renewables,True,13.585,4.195,44.675,31.96,6.96,3.2,0.337,0.099,41.597,1.755,24.807,Africa,Africa,False,False,False,False,False,Nigeria
Nigeria,NGA,2025,Country or economy,Clean,True,13.585,4.195,44.675,31.96,6.96,3.2,0.337,0.099,41.597,1.755,24.807,Africa,Africa,False,False,False,False,False,Nigeria
Nigeria,NGA,2025,Country or economy,Fossil,True,28.922,0.752,2.67,68.041,-6.959,12.25,18.869,0.491,2.672,98.243,652.41,Africa,Africa,False,False,False,False,False,Nigeria
Nigeria,NGA,2025,Country or economy,Total generation,True,42.506,4.946,13.168,99.999,-0.001,15.45,19.206,0.59,3.169,99.998,451.842,Africa,Africa,False,False,False,False,False,Nigeria
Nigeria,NGA,2025,Country or economy,Demand,True,40.206,4.946,14.027,94.588,0.712,,,,,,,Africa,Africa,False,False,False,False,False,Nigeria
Rwanda,RWA,2000,Country or economy,Solar,False,0.0,,,0.0,,0.0,0.0,,,0.0,,Africa,Africa,False,False,False,False,False,Rwanda
Rwanda,RWA,2000,Country or economy,Wind,False,0.0,,,0.0,,0.0,0.0,,,0.0,,Africa,Africa,False,False,False,False,False,Rwanda
Rwanda,RWA,2000,Country or economy,Hydro,False,0.1,,,62.5,,0.04,0.002,,,4.778,20.0,Africa,Africa,False,False,False,False,False,Rwanda
Rwanda,RWA,2000,Country or economy,Bioenergy,False,0.0,,,0.0,,0.0,0.0,,,0.0,,Africa,Africa,False,False,False,False,False,Rwanda
Rwanda,RWA,2000,Country or economy,Other renewables,False,0.0,,,0.0,,0.0,0.0,,,0.0,,Africa,Africa,False,False,False,False,False,Rwanda
Rwanda,RWA,2000,Country or economy,Nuclear,False,0.0,,,0.0,,0.0,0.0,,,0.0,,Africa,Africa,False,False,False,False,False,Rwanda
Rwanda,RWA,2000,Country or economy,Coal,False,0.0,,,0.0,,0.0,0.0,,,0.0,,Africa,Africa,False,False,False,False,False,Rwanda
Rwanda,RWA,2000,Country or economy,Gas,False,0.0,,,0.0,,0.0,0.0,,,0.0,,Africa,Africa,False,False,False,False,False,Rwanda
Rwanda,RWA,2000,Country or economy,Other fossil,False,0.06,,,37.5,,0.0,0.039,,,93.177,650.0,Africa,Africa,False,False,False,False,False,Rwanda
Rwanda,RWA,2000,Country or economy,Net imports,False,0.09,,,56.25,,,0.0,,,0.0,0.0,Africa,Africa,False,False,False,False,False,Rwanda
Rwanda,RWA,2000,Country or economy,Wind and solar,True,0.0,,,0.0,,0.0,0.0,,,0.0,,Africa,Africa,False,False,False,False,False,Rwanda
Rwanda,RWA,2000,Country or economy,"Hydro, bioenergy and other renewables",True,0.1,,,62.5,,0.04,0.002,,,4.778,20.0,Africa,Africa,False,False,False,False,False,Rwanda
Rwanda,RWA,2000,Country or economy,Renewables,True,0.1,,,62.5,,0.04,0.002,,,4.778,20.0,Africa,Africa,False,False,False,False,False,Rwanda
Rwanda,RWA,2000,Country or economy,Clean,True,0.1,,,62.5,,0.04,0.002,,,4.778,20.0,Africa,Africa,False,False,False,False,False,Rwanda
Rwanda,RWA,2000,Country or economy,Fossil,True,0.06,,,37.5,,0.0,0.039,,,93.177,650.0,Africa,Africa,False,False,False,False,False,Rwanda
Rwanda,RWA,2000,Country or economy,Total generation,True,0.16,,,100.0,,0.04,0.042,,,100.344,262.5,Africa,Africa,False,False,False,False,False,Rwanda
Rwanda,RWA,2000,Country or economy,Demand,True,0.25,,,156.25,,,,,,,,Africa,Africa,False,False,False,False,False,Rwanda
Rwanda,RWA,2001,Country or economy,Solar,False,0.0,0.0,,0.0,0.0,0.0,0.0,0.0,,0.0,,Africa,Africa,False,False,False,False,False,Rwanda
Rwanda,RWA,2001,Country or economy,Wind,False,0.0,0.0,,0.0,0.0,0.0,0.0,0.0,,0.0,,Africa,Africa,False,False,False,False,False,Rwanda
Rwanda,RWA,2001,Country or economy,Hydro,False,0.09,-0.01,-10.0,60.0,-2.5,0.04,0.002,0.0,0.0,4.806,22.222,Africa,Africa,False,False,False,False,False,Rwanda
Rwanda,RWA,2001,Country or economy,Bioenergy,False,0.0,0.0,,0.0,0.0,0.0,0.0,0.0,,0.0,,Africa,Africa,False,False,False,False,False,Rwanda
Rwanda,RWA,2001,Country or economy,Other renewables,False,0.0,0.0,,0.0,0.0,0.0,0.0,0.0,,0.0,,Africa,Africa,False,False,False,False,False,Rwanda
Rwanda,RWA,2001,Country or economy,Nuclear,False,0.0,0.0,,0.0,0.0,0.0,0.0,0.0,,0.0,,Africa,Africa,False,False,False,False,False,Rwanda
Rwanda,RWA,2001,Country or economy,Coal,False,0.0,0.0,,0.0,0.0,0.0,0.0,0.0,,0.0,,Africa,Africa,False,False,False,False,False,Rwanda
Rwanda,RWA,2001,Country or economy,Gas,False,0.0,0.0,,0.0,0.0,0.0,0.0,0.0,,0.0,,Africa,Africa,False,False,False,False,False,Rwanda
Rwanda,RWA,2001,Country or economy,Other fossil,False,0.06,0.0,0.0,40.0,2.5,0.0,0.039,0.0,0.0,93.709,650.0,Africa,Africa,False,False,False,False,False,Rwanda
Rwanda,RWA,2001,Country or economy,Net imports,False,0.12,0.03,33.333,80.0,23.75,,0.0,0.0,,0.0,0.0,Africa,Africa,False,False,False,False,False,Rwanda
Rwanda,RWA,2001,Country or economy,Wind and solar,True,0.0,0.0,,0.0,0.0,0.0,0.0,0.0,,0.0,,Africa,Africa,False,False,False,False,False,Rwanda
Rwanda,RWA,2001,Country or economy,"Hydro, bioenergy and other renewables",True,0.09,-0.01,-10.0,60.0,-2.5,0.04,0.002,0.0,0.0,4.806,22.222,Africa,Africa,False,False,False,False,False,Rwanda
Rwanda,RWA,2001,Country or economy,Renewables,True,0.09,-0.01,-10.0,60.0,-2.5,0.04,0.002,0.0,0.0,4.806,22.222,Africa,Africa,False,False,False,False,False,Rwanda
Rwanda,RWA,2001,Country or economy,Clean,True,0.09,-0.01,-10.0,60.0,-2.5,0.04,0.002,0.0,0.0,4.806,22.222,Africa,Africa,False,False,False,False,False,Rwanda
Rwanda,RWA,2001,Country or economy,Fossil,True,0.06,0.0,0.0,40.0,2.5,0.0,0.039,0.0,0.0,93.709,650.0,Africa,Africa,False,False,False,False,False,Rwanda
Rwanda,RWA,2001,Country or economy,Total generation,True,0.15,-0.01,-6.25,100.0,0.0,0.04,0.042,0.0,0.0,100.917,280.0,Africa,Africa,False,False,False,False,False,Rwanda
Rwanda,RWA,2001,Country or economy,Demand,True,0.27,0.02,8.0,180.0,23.75,,,,,,,Africa,Africa,False,False,False,False,False,Rwanda
Rwanda,RWA,2002,Country or economy,Solar,False,0.0,0.0,,0.0,0.0,0.0,0.0,0.0,,0.0,,Africa,Africa,False,False,False,False,False,Rwanda
Rwanda,RWA,2002,Country or economy,Wind,False,0.0,0.0,,0.0,0.0,0.0,0.0,0.0,,0.0,,Africa,Africa,False,False,False,False,False,Rwanda
Rwanda,RWA,2002,Country or economy,Hydro,False,0.1,0.01,11.111,58.824,-1.176,0.04,0.002,0.0,0.0,4.129,20.0,Africa,Africa,False,False,False,False,False,Rwanda
Rwanda,RWA,2002,Country or economy,Bioenergy,False,0.0,0.0,,0.0,0.0,0.0,0.0,0.0,,0.0,,Africa,Africa,False,False,False,False,False,Rwanda
Rwanda,RWA,2002,Country or economy,Other renewables,False,0.0,0.0,,0.0,0.0,0.0,0.0,0.0,,0.0,,Africa,Africa,False,False,False,False,False,Rwanda
Rwanda,RWA,2002,Country or economy,Nuclear,False,0.0,0.0,,0.0,0.0,0.0,0.0,0.0,,0.0,,Africa,Africa,False,False,False,False,False,Rwanda
Rwanda,RWA,2002,Country or economy,Coal,False,0.0,0.0,,0.0,0.0,0.0,0.0,0.0,,0.0,,Africa,Africa,False,False,False,False,False,Rwanda
Rwanda,RWA,2002,Country or economy,Gas,False,0.0,0.0,,0.0,0.0,0.0,0.0,0.0,,0.0,,Africa,Africa,False,False,False,False,False,Rwanda
Rwanda,RWA,2002,Country or economy,Other fossil,False,0.07,0.01,16.667,41.176,1.176,0.0,0.046,0.007,17.949,94.971,657.143,Africa,Africa,False,False,False,False,False,Rwanda
Rwanda,RWA,2002,Country or economy,Net imports,False,0.13,0.01,8.333,76.471,-3.529,,0.0,0.0,,0.0,0.0,Africa,Africa,False,False,False,False,False,Rwanda
Rwanda,RWA,2002,Country or economy,Wind and solar,True,0.0,0.0,,0.0,0.0,0.0,0.0,0.0,,0.0,,Africa,Africa,False,False,False,False,False,Rwanda
Rwanda,RWA,2002,Country or economy,"Hydro, bioenergy and other renewables",True,0.1,0.01,11.111,58.824,-1.176,0.04,0.002,0.0,0.0,4.129,20.0,Africa,Africa,False,False,False,False,False,Rwanda
Rwanda,RWA,2002,Country or economy,Renewables,True,0.1,0.01,11.111,58.824,-1.176,0.04,0.002,0.0,0.0,4.129,20.0,Africa,Africa,False,False,False,False,False,Rwanda
Rwanda,RWA,2002,Country or economy,Clean,True,0.1,0.01,11.111,58.824,-1.176,0.04,0.002,0.0,0.0,4.129,20.0,Africa,Africa,False,False,False,False,False,Rwanda
Rwanda,RWA,2002,Country or economy,Fossil,True,0.07,0.01,16.667,41.176,1.176,0.0,0.046,0.007,17.949,94.971,657.143,Africa,Africa,False,False,False,False,False,Rwanda
Rwanda,RWA,2002,Country or economy,Total generation,True,0.17,0.02,13.333,100.0,0.0,0.04,0.048,0.006,14.286,99.1,282.353,Africa,Africa,False,False,False,False,False,Rwanda
Rwanda,RWA,2002,Country or economy,Demand,True,0.3,0.03,11.111,176.471,-3.529,,,,,,,Africa,Africa,False,False,False,False,False,Rwanda
Rwanda,RWA,2003,Country or economy,Solar,False,0.0,0.0,,0.0,0.0,0.0,0.0,0.0,,0.0,,Africa,Africa,False,False,False,False,False,Rwanda
Rwanda,RWA,2003,Country or economy,Wind,False,0.0,0.0,,0.0,0.0,0.0,0.0,0.0,,0.0,,Africa,Africa,False,False,False,False,False,Rwanda
Rwanda,RWA,2003,Country or economy,Hydro,False,0.12,0.02,20.0,66.667,7.843,0.04,0.003,0.001,50.0,7.087,25.0,Africa,Africa,False,False,False,False,False,Rwanda
Rwanda,RWA,2003,Country or economy,Bioenergy,False,0.0,0.0,,0.0,0.0,0.0,0.0,0.0,,0.0,,Africa,Africa,False,False,False,False,False,Rwanda
Rwanda,RWA,2003,Country or economy,Other renewables,False,0.0,0.0,,0.0,0.0,0.0,0.0,0.0,,0.0,,Africa,Africa,False,False,False,False,False,Rwanda
Rwanda,RWA,2003,Country or economy,Nuclear,False,0.0,0.0,,0.0,0.0,0.0,0.0,0.0,,0.0,,Africa,Africa,False,False,False,False,False,Rwanda
Rwanda,RWA,2003,Country or economy,Coal,False,0.0,0.0,,0.0,0.0,0.0,0.0,0.0,,0.0,,Africa,Africa,False,False,False,False,False,Rwanda
Rwanda,RWA,2003,Country or economy,Gas,False,0.0,0.0,,0.0,0.0,0.0,0.0,0.0,,0.0,,Africa,Africa,False,False,False,False,False,Rwanda
Rwanda,RWA,2003,Country or economy,Other fossil,False,0.06,-0.01,-14.286,33.333,-7.843,0.0,0.039,-0.007,-15.217,92.131,650.0,Africa,Africa,False,False,False,False,False,Rwanda
Rwanda,RWA,2003,Country or economy,Net imports,False,0.12,-0.01,-7.692,66.667,-9.804,,0.0,0.0,,0.0,0.0,Africa,Africa,False,False,False,False,False,Rwanda
Rwanda,RWA,2003,Country or economy,Wind and solar,True,0.0,0.0,,0.0,0.0,0.0,0.0,0.0,,0.0,,Africa,Africa,False,False,False,False,False,Rwanda
Rwanda,RWA,2003,Country or economy,"Hydro, bioenergy and other renewables",True,0.12,0.02,20.0,66.667,7.843,0.04,0.003,0.001,50.0,7.087,25.0,Africa,Africa,False,False,False,False,False,Rwanda
Rwanda,RWA,2003,Country or economy,Renewables,True,0.12,0.02,20.0,66.667,7.843,0.04,0.003,0.001,50.0,7.087,25.0,Africa,Africa,False,False,False,False,False,Rwanda
Rwanda,RWA,2003,Country or economy,Clean,True,0.12,0.02,20.0,66.667,7.843,0.04,0.003,0.001,50.0,7.087,25.0,Africa,Africa,False,False,False,False,False,Rwanda
Rwanda,RWA,2003,Country or economy,Fossil,True,0.06,-0.01,-14.286,33.333,-7.843,0.0,0.039,-0.007,-15.217,92.131,650.0,Africa,Africa,False,False,False,False,False,Rwanda
Rwanda,RWA,2003,Country or economy,Total generation,True,0.18,0.01,5.882,100.0,0.0,0.04,0.042,-0.006,-12.5,99.218,233.333,Africa,Africa,False,False,False,False,False,Rwanda
Rwanda,RWA,2003,Country or economy,Demand,True,0.3,0.0,0.0,166.667,-9.804,,,,,,,Africa,Africa,False,False,False,False,False,Rwanda
Rwanda,RWA,2004,Country or economy,Solar,False,0.0,0.0,,0.0,0.0,0.0,0.0,0.0,,0.0,,Africa,Africa,False,False,False,False,False,Rwanda
Rwanda,RWA,2004,Country or economy,Wind,False,0.0,0.0,,0.0,0.0,0.0,0.0,0.0,,0.0,,Africa,Africa,False,False,False,False,False,Rwanda
Rwanda,RWA,2004,Country or economy,Hydro,False,0.08,-0.04,-33.333,57.143,-9.524,0.04,0.002,-0.001,-33.333,4.833,25.0,Africa,Africa,False,False,False,False,False,Rwanda
Rwanda,RWA,2004,Country or economy,Bioenergy,False,0.0,0.0,,0.0,0.0,0.0,0.0,0.0,,0.0,,Africa,Africa,False,False,False,False,False,Rwanda
Rwanda,RWA,2004,Country or economy,Other renewables,False,0.0,0.0,,0.0,0.0,0.0,0.0,0.0,,0.0,,Africa,Africa,False,False,False,False,False,Rwanda
Rwanda,RWA,2004,Country or economy,Nuclear,False,0.0,0.0,,0.0,0.0,0.0,0.0,0.0,,0.0,,Africa,Africa,False,False,False,False,False,Rwanda
Rwanda,RWA,2004,Country or economy,Coal,False,0.0,0.0,,0.0,0.0,0.0,0.0,0.0,,0.0,,Africa,Africa,False,False,False,False,False,Rwanda
Rwanda,RWA,2004,Country or economy,Gas,False,0.0,0.0,,0.0,0.0,0.0,0.0,0.0,,0.0,,Africa,Africa,False,False,False,False,False,Rwanda
Rwanda,RWA,2004,Country or economy,Other fossil,False,0.06,0.0,0.0,42.857,9.524,0.0,0.039,0.0,0.0,94.247,650.0,Africa,Africa,False,False,False,False,False,Rwanda
Rwanda,RWA,2004,Country or economy,Net imports,False,0.11,-0.01,-8.333,78.571,11.904,,0.0,0.0,,0.0,0.0,Africa,Africa,False,False,False,False,False,Rwanda
Rwanda,RWA,2004,Country or economy,Wind and solar,True,0.0,0.0,,0.0,0.0,0.0,0.0,0.0,,0.0,,Africa,Africa,False,False,False,False,False,Rwanda
Rwanda,RWA,2004,Country or economy,"Hydro, bioenergy and other renewables",True,0.08,-0.04,-33.333,57.143,-9.524,0.04,0.002,-0.001,-33.333,4.833,25.0,Africa,Africa,False,False,False,False,False,Rwanda
Rwanda,RWA,2004,Country or economy,Renewables,True,0.08,-0.04,-33.333,57.143,-9.524,0.04,0.002,-0.001,-33.333,4.833,25.0,Africa,Africa,False,False,False,False,False,Rwanda
Rwanda,RWA,2004,Country or economy,Clean,True,0.08,-0.04,-33.333,57.143,-9.524,0.04,0.002,-0.001,-33.333,4.833,25.0,Africa,Africa,False,False,False,False,False,Rwanda
Rwanda,RWA,2004,Country or economy,Fossil,True,0.06,0.0,0.0,42.857,9.524,0.0,0.039,0.0,0.0,94.247,650.0,Africa,Africa,False,False,False,False,False,Rwanda
Rwanda,RWA,2004,Country or economy,Total generation,True,0.14,-0.04,-22.222,100.0,0.0,0.04,0.041,-0.001,-2.381,99.08,292.857,Africa,Africa,False,False,False,False,False,Rwanda
Rwanda,RWA,2004,Country or economy,Demand,True,0.25,-0.05,-16.667,178.571,11.904,,,,,,,Africa,Africa,False,False,False,False,False,Rwanda
Rwanda,RWA,2005,Country or economy,Solar,False,0.0,0.0,,0.0,0.0,0.0,0.0,0.0,,0.0,,Africa,Africa,False,False,False,False,False,Rwanda
Rwanda,RWA,2005,Country or economy,Wind,False,0.0,0.0,,0.0,0.0,0.0,0.0,0.0,,0.0,,Africa,Africa,False,False,False,False,False,Rwanda
Rwanda,RWA,2005,Country or economy,Hydro,False,0.1,0.02,25.0,52.632,-4.511,0.04,0.002,0.0,0.0,3.247,20.0,Africa,Africa,False,False,False,False,False,Rwanda
Rwanda,RWA,2005,Country or economy,Bioenergy,False,0.0,0.0,,0.0,0.0,0.0,0.0,0.0,,0.0,,Africa,Africa,False,False,False,False,False,Rwanda
Rwanda,RWA,2005,Country or economy,Other renewables,False,0.0,0.0,,0.0,0.0,0.0,0.0,0.0,,0.0,,Africa,Africa,False,False,False,False,False,Rwanda
Rwanda,RWA,2005,Country or economy,Nuclear,False,0.0,0.0,,0.0,0.0,0.0,0.0,0.0,,0.0,,Africa,Africa,False,False,False,False,False,Rwanda
Rwanda,RWA,2005,Country or economy,Coal,False,0.0,0.0,,0.0,0.0,0.0,0.0,0.0,,0.0,,Africa,Africa,False,False,False,False,False,Rwanda
Rwanda,RWA,2005,Country or economy,Gas,False,0.0,0.0,,0.0,0.0,0.0,0.0,0.0,,0.0,,Africa,Africa,False,False,False,False,False,Rwanda
Rwanda,RWA,2005,Country or economy,Other fossil,False,0.09,0.03,50.0,47.368,4.511,0.02,0.059,0.02,51.282,95.785,655.556,Africa,Africa,False,False,False,False,False,Rwanda
Rwanda,RWA,2005,Country or economy,Net imports,False,0.09,-0.02,-18.182,47.368,-31.203,,0.0,0.0,,0.0,0.0,Africa,Africa,False,False,False,False,False,Rwanda
Rwanda,RWA,2005,Country or economy,Wind and solar,True,0.0,0.0,,0.0,0.0,0.0,0.0,0.0,,0.0,,Africa,Africa,False,False,False,False,False,Rwanda
Rwanda,RWA,2005,Country or economy,"Hydro, bioenergy and other renewables",True,0.1,0.02,25.0,52.632,-4.511,0.04,0.002,0.0,0.0,3.247,20.0,Africa,Africa,False,False,False,False,False,Rwanda
Rwanda,RWA,2005,Country or economy,Renewables,True,0.1,0.02,25.0,52.632,-4.511,0.04,0.002,0.0,0.0,3.247,20.0,Africa,Africa,False,False,False,False,False,Rwanda
Rwanda,RWA,2005,Country or economy,Clean,True,0.1,0.02,25.0,52.632,-4.511,0.04,0.002,0.0,0.0,3.247,20.0,Africa,Africa,False,False,False,False,False,Rwanda
Rwanda,RWA,2005,Country or economy,Fossil,True,0.09,0.03,50.0,47.368,4.511,0.02,0.059,0.02,51.282,95.785,655.556,Africa,Africa,False,False,False,False,False,Rwanda
Rwanda,RWA,2005,Country or economy,Total generation,True,0.19,0.05,35.714,100.0,0.0,0.06,0.062,0.021,51.22,100.656,326.316,Africa,Africa,False,False,False,False,False,Rwanda
Rwanda,RWA,2005,Country or economy,Demand,True,0.28,0.03,12.0,147.368,-31.203,,,,,,,Africa,Africa,False,False,False,False,False,Rwanda
Rwanda,RWA,2006,Country or economy,Solar,False,0.0,0.0,,0.0,0.0,0.0,0.0,0.0,,0.0,,Africa,Africa,False,False,False,False,False,Rwanda
Rwanda,RWA,2006,Country or economy,Wind,False,0.0,0.0,,0.0,0.0,0.0,0.0,0.0,,0.0,,Africa,Africa,False,False,False,False,False,Rwanda
Rwanda,RWA,2006,Country or economy,Hydro,False,0.13,0.03,30.0,48.148,-4.484,0.04,0.003,0.001,50.0,3.151,23.077,Africa,Africa,False,False,False,False,False,Rwanda
Rwanda,RWA,2006,Country or economy,Bioenergy,False,0.0,0.0,,0.0,0.0,0.0,0.0,0.0,,0.0,,Africa,Africa,False,False,False,False,False,Rwanda
Rwanda,RWA,2006,Country or economy,Other renewables,False,0.0,0.0,,0.0,0.0,0.0,0.0,0.0,,0.0,,Africa,Africa,False,False,False,False,False,Rwanda
Rwanda,RWA,2006,Country or economy,Nuclear,False,0.0,0.0,,0.0,0.0,0.0,0.0,0.0,,0.0,,Africa,Africa,False,False,False,False,False,Rwanda
Rwanda,RWA,2006,Country or economy,Coal,False,0.0,0.0,,0.0,0.0,0.0,0.0,0.0,,0.0,,Africa,Africa,False,False,False,False,False,Rwanda
Rwanda,RWA,2006,Country or economy,Gas,False,0.0,0.0,,0.0,0.0,0.0,0.0,0.0,,0.0,,Africa,Africa,False,False,False,False,False,Rwanda
Rwanda,RWA,2006,Country or economy,Other fossil,False,0.14,0.05,55.556,51.852,4.484,0.03,0.092,0.033,55.932,96.63,657.143,Africa,Africa,False,False,False,False,False,Rwanda
Rwanda,RWA,2006,Country or economy,Net imports,False,0.06,-0.03,-33.333,22.222,-25.146,,0.0,0.0,,0.0,0.0,Africa,Africa,False,False,False,False,False,Rwanda
Rwanda,RWA,2006,Country or economy,Wind and solar,True,0.0,0.0,,0.0,0.0,0.0,0.0,0.0,,0.0,,Africa,Africa,False,False,False,False,False,Rwanda
Rwanda,RWA,2006,Country or economy,"Hydro, bioenergy and other renewables",True,0.13,0.03,30.0,48.148,-4.484,0.04,0.003,0.001,50.0,3.151,23.077,Africa,Africa,False,False,False,False,False,Rwanda
Rwanda,RWA,2006,Country or economy,Renewables,True,0.13,0.03,30.0,48.148,-4.484,0.04,0.003,0.001,50.0,3.151,23.077,Africa,Africa,False,False,False,False,False,Rwanda
Rwanda,RWA,2006,Country or economy,Clean,True,0.13,0.03,30.0,48.148,-4.484,0.04,0.003,0.001,50.0,3.151,23.077,Africa,Africa,False,False,False,False,False,Rwanda
Rwanda,RWA,2006,Country or economy,Fossil,True,0.14,0.05,55.556,51.852,4.484,0.03,0.092,0.033,55.932,96.63,657.143,Africa,Africa,False,False,False,False,False,Rwanda
Rwanda,RWA,2006,Country or economy,Total generation,True,0.27,0.08,42.105,100.0,0.0,0.07,0.095,0.033,53.226,99.781,351.852,Africa,Africa,False,False,False,False,False,Rwanda
Rwanda,RWA,2006,Country or economy,Demand,True,0.33,0.05,17.857,122.222,-25.146,,,,,,,Africa,Africa,False,False,False,False,False,Rwanda
Rwanda,RWA,2007,Country or economy,Solar,False,0.0,0.0,,0.0,0.0,0.0,0.0,0.0,,0.0,,Africa,Africa,False,False,False,False,False,Rwanda
Rwanda,RWA,2007,Country or economy,Wind,False,0.0,0.0,,0.0,0.0,0.0,0.0,0.0,,0.0,,Africa,Africa,False,False,False,False,False,Rwanda
Rwanda,RWA,2007,Country or economy,Hydro,False,0.12,-0.01,-7.692,48.0,-0.148,0.04,0.003,0.0,0.0,3.394,25.0,Africa,Africa,False,False,False,False,False,Rwanda
Rwanda,RWA,2007,Country or economy,Bioenergy,False,0.0,0.0,,0.0,0.0,0.0,0.0,0.0,,0.0,,Africa,Africa,False,False,False,False,False,Rwanda
Rwanda,RWA,2007,Country or economy,Other renewables,False,0.0,0.0,,0.0,0.0,0.0,0.0,0.0,,0.0,,Africa,Africa,False,False,False,False,False,Rwanda
Rwanda,RWA,2007,Country or economy,Nuclear,False,0.0,0.0,,0.0,0.0,0.0,0.0,0.0,,0.0,,Africa,Africa,False,False,False,False,False,Rwanda
Rwanda,RWA,2007,Country or economy,Coal,False,0.0,0.0,,0.0,0.0,0.0,0.0,0.0,,0.0,,Africa,Africa,False,False,False,False,False,Rwanda
Rwanda,RWA,2007,Country or economy,Gas,False,0.0,0.0,,0.0,0.0,0.0,0.0,0.0,,0.0,,Africa,Africa,False,False,False,False,False,Rwanda
Rwanda,RWA,2007,Country or economy,Other fossil,False,0.13,-0.01,-7.143,52.0,0.148,0.03,0.086,-0.006,-6.522,97.295,661.538,Africa,Africa,False,False,False,False,False,Rwanda
Rwanda,RWA,2007,Country or economy,Net imports,False,0.08,0.02,33.333,32.0,9.778,,0.0,0.0,,0.0,0.0,Africa,Africa,False,False,False,False,False,Rwanda
Rwanda,RWA,2007,Country or economy,Wind and solar,True,0.0,0.0,,0.0,0.0,0.0,0.0,0.0,,0.0,,Africa,Africa,False,False,False,False,False,Rwanda
Rwanda,RWA,2007,Country or economy,"Hydro, bioenergy and other renewables",True,0.12,-0.01,-7.692,48.0,-0.148,0.04,0.003,0.0,0.0,3.394,25.0,Africa,Africa,False,False,False,False,False,Rwanda
Rwanda,RWA,2007,Country or economy,Renewables,True,0.12,-0.01,-7.692,48.0,-0.148,0.04,0.003,0.0,0.0,3.394,25.0,Africa,Africa,False,False,False,False,False,Rwanda
Rwanda,RWA,2007,Country or economy,Clean,True,0.12,-0.01,-7.692,48.0,-0.148,0.04,0.003,0.0,0.0,3.394,25.0,Africa,Africa,False,False,False,False,False,Rwanda
Rwanda,RWA,2007,Country or economy,Fossil,True,0.13,-0.01,-7.143,52.0,0.148,0.03,0.086,-0.006,-6.522,97.295,661.538,Africa,Africa,False,False,False,False,False,Rwanda
Rwanda,RWA,2007,Country or economy,Total generation,True,0.25,-0.02,-7.407,100.0,0.0,0.07,0.088,-0.007,-7.368,99.557,352.0,Africa,Africa,False,False,False,False,False,Rwanda
Rwanda,RWA,2007,Country or economy,Demand,True,0.33,0.0,0.0,132.0,9.778,,,,,,,Africa,Africa,False,False,False,False,False,Rwanda
Rwanda,RWA,2008,Country or economy,Solar,False,0.0,0.0,,0.0,0.0,0.0,0.0,0.0,,0.0,,Africa,Africa,False,False,False,False,False,Rwanda
Rwanda,RWA,2008,Country or economy,Wind,False,0.0,0.0,,0.0,0.0,0.0,0.0,0.0,,0.0,,Africa,Africa,False,False,False,False,False,Rwanda
Rwanda,RWA,2008,Country or economy,Hydro,False,0.16,0.04,33.333,55.172,7.172,0.04,0.004,0.001,33.333,4.477,25.0,Africa,Africa,False,False,False,False,False,Rwanda
Rwanda,RWA,2008,Country or economy,Bioenergy,False,0.0,0.0,,0.0,0.0,0.0,0.0,0.0,,0.0,,Africa,Africa,False,False,False,False,False,Rwanda
Rwanda,RWA,2008,Country or economy,Other renewables,False,0.0,0.0,,0.0,0.0,0.0,0.0,0.0,,0.0,,Africa,Africa,False,False,False,False,False,Rwanda
Rwanda,RWA,2008,Country or economy,Nuclear,False,0.0,0.0,,0.0,0.0,0.0,0.0,0.0,,0.0,,Africa,Africa,False,False,False,False,False,Rwanda
Rwanda,RWA,2008,Country or economy,Coal,False,0.0,0.0,,0.0,0.0,0.0,0.0,0.0,,0.0,,Africa,Africa,False,False,False,False,False,Rwanda
Rwanda,RWA,2008,Country or economy,Gas,False,0.0,0.0,,0.0,0.0,0.0,0.0,0.0,,0.0,,Africa,Africa,False,False,False,False,False,Rwanda
Rwanda,RWA,2008,Country or economy,Other fossil,False,0.13,0.0,0.0,44.828,-7.172,0.03,0.086,0.0,0.0,96.26,661.538,Africa,Africa,False,False,False,False,False,Rwanda
Rwanda,RWA,2008,Country or economy,Net imports,False,0.08,0.0,0.0,27.586,-4.414,,0.0,0.0,,0.0,0.0,Africa,Africa,False,False,False,False,False,Rwanda
Rwanda,RWA,2008,Country or economy,Wind and solar,True,0.0,0.0,,0.0,0.0,0.0,0.0,0.0,,0.0,,Africa,Africa,False,False,False,False,False,Rwanda
Rwanda,RWA,2008,Country or economy,"Hydro, bioenergy and other renewables",True,0.16,0.04,33.333,55.172,7.172,0.04,0.004,0.001,33.333,4.477,25.0,Africa,Africa,False,False,False,False,False,Rwanda
Rwanda,RWA,2008,Country or economy,Renewables,True,0.16,0.04,33.333,55.172,7.172,0.04,0.004,0.001,33.333,4.477,25.0,Africa,Africa,False,False,False,False,False,Rwanda
Rwanda,RWA,2008,Country or economy,Clean,True,0.16,0.04,33.333,55.172,7.172,0.04,0.004,0.001,33.333,4.477,25.0,Africa,Africa,False,False,False,False,False,Rwanda
Rwanda,RWA,2008,Country or economy,Fossil,True,0.13,0.0,0.0,44.828,-7.172,0.03,0.086,0.0,0.0,96.26,661.538,Africa,Africa,False,False,False,False,False,Rwanda
Rwanda,RWA,2008,Country or economy,Total generation,True,0.29,0.04,16.0,100.0,0.0,0.07,0.089,0.001,1.136,99.618,306.897,Africa,Africa,False,False,False,False,False,Rwanda
Rwanda,RWA,2008,Country or economy,Demand,True,0.37,0.04,12.121,127.586,-4.414,,,,,,,Africa,Africa,False,False,False,False,False,Rwanda
Rwanda,RWA,2009,Country or economy,Solar,False,0.0,0.0,,0.0,0.0,0.0,0.0,0.0,,0.0,,Africa,Africa,False,False,False,False,False,Rwanda
Rwanda,RWA,2009,Country or economy,Wind,False,0.0,0.0,,0.0,0.0,0.0,0.0,0.0,,0.0,,Africa,Africa,False,False,False,False,False,Rwanda
Rwanda,RWA,2009,Country or economy,Hydro,False,0.16,0.0,0.0,51.613,-3.559,0.04,0.004,0.0,0.0,3.902,25.0,Africa,Africa,False,False,False,False,False,Rwanda
Rwanda,RWA,2009,Country or economy,Bioenergy,False,0.0,0.0,,0.0,0.0,0.0,0.0,0.0,,0.0,,Africa,Africa,False,False,False,False,False,Rwanda
Rwanda,RWA,2009,Country or economy,Other renewables,False,0.0,0.0,,0.0,0.0,0.0,0.0,0.0,,0.0,,Africa,Africa,False,False,False,False,False,Rwanda
Rwanda,RWA,2009,Country or economy,Nuclear,False,0.0,0.0,,0.0,0.0,0.0,0.0,0.0,,0.0,,Africa,Africa,False,False,False,False,False,Rwanda
Rwanda,RWA,2009,Country or economy,Coal,False,0.0,0.0,,0.0,0.0,0.0,0.0,0.0,,0.0,,Africa,Africa,False,False,False,False,False,Rwanda
Rwanda,RWA,2009,Country or economy,Gas,False,0.0,0.0,,0.0,0.0,0.0,0.0,0.0,,0.0,,Africa,Africa,False,False,False,False,False,Rwanda
Rwanda,RWA,2009,Country or economy,Other fossil,False,0.15,0.02,15.385,48.387,3.559,0.05,0.099,0.013,15.116,96.584,660.0,Africa,Africa,False,False,False,False,False,Rwanda
Rwanda,RWA,2009,Country or economy,Net imports,False,0.06,-0.02,-25.0,19.355,-8.231,,0.0,0.0,,0.0,0.0,Africa,Africa,False,False,False,False,False,Rwanda
Rwanda,RWA,2009,Country or economy,Wind and solar,True,0.0,0.0,,0.0,0.0,0.0,0.0,0.0,,0.0,,Africa,Africa,False,False,False,False,False,Rwanda
Rwanda,RWA,2009,Country or economy,"Hydro, bioenergy and other renewables",True,0.16,0.0,0.0,51.613,-3.559,0.04,0.004,0.0,0.0,3.902,25.0,Africa,Africa,False,False,False,False,False,Rwanda
Rwanda,RWA,2009,Country or economy,Renewables,True,0.16,0.0,0.0,51.613,-3.559,0.04,0.004,0.0,0.0,3.902,25.0,Africa,Africa,False,False,False,False,False,Rwanda
Rwanda,RWA,2009,Country or economy,Clean,True,0.16,0.0,0.0,51.613,-3.559,0.04,0.004,0.0,0.0,3.902,25.0,Africa,Africa,False,False,False,False,False,Rwanda
Rwanda,RWA,2009,Country or economy,Fossil,True,0.15,0.02,15.385,48.387,3.559,0.05,0.099,0.013,15.116,96.584,660.0,Africa,Africa,False,False,False,False,False,Rwanda
Rwanda,RWA,2009,Country or economy,Total generation,True,0.31,0.02,6.897,100.0,0.0,0.09,0.103,0.014,15.73,100.486,332.258,Africa,Africa,False,False,False,False,False,Rwanda
Rwanda,RWA,2009,Country or economy,Demand,True,0.37,0.0,0.0,119.355,-8.231,,,,,,,Africa,Africa,False,False,False,False,False,Rwanda
Rwanda,RWA,2010,Country or economy,Solar,False,0.0,0.0,,0.0,0.0,0.0,0.0,0.0,,0.0,,Africa,Africa,False,False,False,False,False,Rwanda
Rwanda,RWA,2010,Country or economy,Wind,False,0.0,0.0,,0.0,0.0,0.0,0.0,0.0,,0.0,,Africa,Africa,False,False,False,False,False,Rwanda
Rwanda,RWA,2010,Country or economy,Hydro,False,0.11,-0.05,-31.25,39.286,-12.327,0.05,0.003,-0.001,-25.0,2.638,27.273,Africa,Africa,False,False,False,False,False,Rwanda
Rwanda,RWA,2010,Country or economy,Bioenergy,False,0.0,0.0,,0.0,0.0,0.0,0.0,0.0,,0.0,,Africa,Africa,False,False,False,False,False,Rwanda
Rwanda,RWA,2010,Country or economy,Other renewables,False,0.0,0.0,,0.0,0.0,0.0,0.0,0.0,,0.0,,Africa,Africa,False,False,False,False,False,Rwanda
Rwanda,RWA,2010,Country or economy,Nuclear,False,0.0,0.0,,0.0,0.0,0.0,0.0,0.0,,0.0,,Africa,Africa,False,False,False,False,False,Rwanda
Rwanda,RWA,2010,Country or economy,Coal,False,0.0,0.0,,0.0,0.0,0.0,0.0,0.0,,0.0,,Africa,Africa,False,False,False,False,False,Rwanda
Rwanda,RWA,2010,Country or economy,Gas,False,0.01,0.01,,3.571,3.571,0.0,0.006,0.006,,5.276,600.0,Africa,Africa,False,False,False,False,False,Rwanda
Rwanda,RWA,2010,Country or economy,Other fossil,False,0.16,0.01,6.667,57.143,8.756,0.05,0.105,0.006,6.061,92.334,656.25,Africa,Africa,False,False,False,False,False,Rwanda
Rwanda,RWA,2010,Country or economy,Net imports,False,0.08,0.02,33.333,28.571,9.216,,0.0,0.0,,0.0,0.0,Africa,Africa,False,False,False,False,False,Rwanda
Rwanda,RWA,2010,Country or economy,Wind and solar,True,0.0,0.0,,0.0,0.0,0.0,0.0,0.0,,0.0,,Africa,Africa,False,False,False,False,False,Rwanda
Rwanda,RWA,2010,Country or economy,"Hydro, bioenergy and other renewables",True,0.11,-0.05,-31.25,39.286,-12.327,0.05,0.003,-0.001,-25.0,2.638,27.273,Africa,Africa,False,False,False,False,False,Rwanda
Rwanda,RWA,2010,Country or economy,Renewables,True,0.11,-0.05,-31.25,39.286,-12.327,0.05,0.003,-0.001,-25.0,2.638,27.273,Africa,Africa,False,False,False,False,False,Rwanda
Rwanda,RWA,2010,Country or economy,Clean,True,0.11,-0.05,-31.25,39.286,-12.327,0.05,0.003,-0.001,-25.0,2.638,27.273,Africa,Africa,False,False,False,False,False,Rwanda
Rwanda,RWA,2010,Country or economy,Fossil,True,0.17,0.02,13.333,60.714,12.327,0.05,0.111,0.012,12.121,97.61,652.941,Africa,Africa,False,False,False,False,False,Rwanda
Rwanda,RWA,2010,Country or economy,Total generation,True,0.28,-0.03,-9.677,100.0,0.0,0.1,0.114,0.011,10.68,100.249,407.143,Africa,Africa,False,False,False,False,False,Rwanda
Rwanda,RWA,2010,Country or economy,Demand,True,0.36,-0.01,-2.703,128.571,9.216,,,,,,,Africa,Africa,False,False,False,False,False,Rwanda
Rwanda,RWA,2011,Country or economy,Solar,False,0.0,0.0,,0.0,0.0,0.0,0.0,0.0,,0.0,,Africa,Africa,False,False,False,False,False,Rwanda
Rwanda,RWA,2011,Country or economy,Wind,False,0.0,0.0,,0.0,0.0,0.0,0.0,0.0,,0.0,,Africa,Africa,False,False,False,False,False,Rwanda
Rwanda,RWA,2011,Country or economy,Hydro,False,0.15,0.04,36.364,42.857,3.571,0.05,0.004,0.001,33.333,2.976,26.667,Africa,Africa,False,False,False,False,False,Rwanda
Rwanda,RWA,2011,Country or economy,Bioenergy,False,0.0,0.0,,0.0,0.0,0.0,0.0,0.0,,0.0,,Africa,Africa,False,False,False,False,False,Rwanda
Rwanda,RWA,2011,Country or economy,Other renewables,False,0.0,0.0,,0.0,0.0,0.0,0.0,0.0,,0.0,,Africa,Africa,False,False,False,False,False,Rwanda
Rwanda,RWA,2011,Country or economy,Nuclear,False,0.0,0.0,,0.0,0.0,0.0,0.0,0.0,,0.0,,Africa,Africa,False,False,False,False,False,Rwanda
Rwanda,RWA,2011,Country or economy,Coal,False,0.0,0.0,,0.0,0.0,0.0,0.0,0.0,,0.0,,Africa,Africa,False,False,False,False,False,Rwanda
Rwanda,RWA,2011,Country or economy,Gas,False,0.01,0.0,0.0,2.857,-0.714,0.0,0.006,0.0,0.0,4.464,600.0,Africa,Africa,False,False,False,False,False,Rwanda
Rwanda,RWA,2011,Country or economy,Other fossil,False,0.19,0.03,18.75,54.286,-2.857,0.05,0.125,0.02,19.048,93.001,657.895,Africa,Africa,False,False,False,False,False,Rwanda
Rwanda,RWA,2011,Country or economy,Net imports,False,0.07,-0.01,-12.5,20.0,-8.571,,0.0,0.0,,0.0,0.0,Africa,Africa,False,False,False,False,False,Rwanda
Rwanda,RWA,2011,Country or economy,Wind and solar,True,0.0,0.0,,0.0,0.0,0.0,0.0,0.0,,0.0,,Africa,Africa,False,False,False,False,False,Rwanda
Rwanda,RWA,2011,Country or economy,"Hydro, bioenergy and other renewables",True,0.15,0.04,36.364,42.857,3.571,0.05,0.004,0.001,33.333,2.976,26.667,Africa,Africa,False,False,False,False,False,Rwanda
Rwanda,RWA,2011,Country or economy,Renewables,True,0.15,0.04,36.364,42.857,3.571,0.05,0.004,0.001,33.333,2.976,26.667,Africa,Africa,False,False,False,False,False,Rwanda
Rwanda,RWA,2011,Country or economy,Clean,True,0.15,0.04,36.364,42.857,3.571,0.05,0.004,0.001,33.333,2.976,26.667,Africa,Africa,False,False,False,False,False,Rwanda
Rwanda,RWA,2011,Country or economy,Fossil,True,0.2,0.03,17.647,57.143,-3.571,0.05,0.131,0.02,18.018,97.465,655.0,Africa,Africa,False,False,False,False,False,Rwanda
Rwanda,RWA,2011,Country or economy,Total generation,True,0.35,0.07,25.0,100.0,0.0,0.1,0.134,0.02,17.544,99.697,382.857,Africa,Africa,False,False,False,False,False,Rwanda
Rwanda,RWA,2011,Country or economy,Demand,True,0.42,0.06,16.667,120.0,-8.571,,,,,,,Africa,Africa,False,False,False,False,False,Rwanda
Rwanda,RWA,2012,Country or economy,Solar,False,0.0,0.0,,0.0,0.0,0.0,0.0,0.0,,0.0,,Africa,Africa,False,False,False,False,False,Rwanda
Rwanda,RWA,2012,Country or economy,Wind,False,0.0,0.0,,0.0,0.0,0.0,0.0,0.0,,0.0,,Africa,Africa,False,False,False,False,False,Rwanda
Rwanda,RWA,2012,Country or economy,Hydro,False,0.18,0.03,20.0,46.154,3.297,0.06,0.004,0.0,0.0,2.823,22.222,Africa,Africa,False,False,False,False,False,Rwanda
Rwanda,RWA,2012,Country or economy,Bioenergy,False,0.0,0.0,,0.0,0.0,0.0,0.0,0.0,,0.0,,Africa,Africa,False,False,False,False,False,Rwanda
Rwanda,RWA,2012,Country or economy,Other renewables,False,0.0,0.0,,0.0,0.0,0.0,0.0,0.0,,0.0,,Africa,Africa,False,False,False,False,False,Rwanda
Rwanda,RWA,2012,Country or economy,Nuclear,False,0.0,0.0,,0.0,0.0,0.0,0.0,0.0,,0.0,,Africa,Africa,False,False,False,False,False,Rwanda
Rwanda,RWA,2012,Country or economy,Coal,False,0.0,0.0,,0.0,0.0,0.0,0.0,0.0,,0.0,,Africa,Africa,False,False,False,False,False,Rwanda
Rwanda,RWA,2012,Country or economy,Gas,False,0.01,0.0,0.0,2.564,-0.293,0.0,0.006,0.0,0.0,4.234,600.0,Africa,Africa,False,False,False,False,False,Rwanda
Rwanda,RWA,2012,Country or economy,Other fossil,False,0.2,0.01,5.263,51.282,-3.004,0.05,0.132,0.007,5.6,93.154,660.0,Africa,Africa,False,False,False,False,False,Rwanda
Rwanda,RWA,2012,Country or economy,Net imports,False,0.09,0.02,28.571,23.077,3.077,,0.0,0.0,,0.0,0.0,Africa,Africa,False,False,False,False,False,Rwanda
Rwanda,RWA,2012,Country or economy,Wind and solar,True,0.0,0.0,,0.0,0.0,0.0,0.0,0.0,,0.0,,Africa,Africa,False,False,False,False,False,Rwanda
Rwanda,RWA,2012,Country or economy,"Hydro, bioenergy and other renewables",True,0.18,0.03,20.0,46.154,3.297,0.06,0.004,0.0,0.0,2.823,22.222,Africa,Africa,False,False,False,False,False,Rwanda
Rwanda,RWA,2012,Country or economy,Renewables,True,0.18,0.03,20.0,46.154,3.297,0.06,0.004,0.0,0.0,2.823,22.222,Africa,Africa,False,False,False,False,False,Rwanda
Rwanda,RWA,2012,Country or economy,Clean,True,0.18,0.03,20.0,46.154,3.297,0.06,0.004,0.0,0.0,2.823,22.222,Africa,Africa,False,False,False,False,False,Rwanda
Rwanda,RWA,2012,Country or economy,Fossil,True,0.21,0.01,5.0,53.846,-3.297,0.05,0.137,0.006,4.58,96.683,652.381,Africa,Africa,False,False,False,False,False,Rwanda
Rwanda,RWA,2012,Country or economy,Total generation,True,0.39,0.04,11.429,100.0,0.0,0.11,0.142,0.008,5.97,100.211,364.103,Africa,Africa,False,False,False,False,False,Rwanda
Rwanda,RWA,2012,Country or economy,Demand,True,0.48,0.06,14.286,123.077,3.077,,,,,,,Africa,Africa,False,False,False,False,False,Rwanda
Rwanda,RWA,2013,Country or economy,Solar,False,0.0,0.0,,0.0,0.0,0.0,0.0,0.0,,0.0,,Africa,Africa,False,False,False,False,False,Rwanda
Rwanda,RWA,2013,Country or economy,Wind,False,0.0,0.0,,0.0,0.0,0.0,0.0,0.0,,0.0,,Africa,Africa,False,False,False,False,False,Rwanda
Rwanda,RWA,2013,Country or economy,Hydro,False,0.15,-0.03,-16.667,40.541,-5.613,0.06,0.004,0.0,0.0,2.711,26.667,Africa,Africa,False,False,False,False,False,Rwanda
Rwanda,RWA,2013,Country or economy,Bioenergy,False,0.0,0.0,,0.0,0.0,0.0,0.0,0.0,,0.0,,Africa,Africa,False,False,False,False,False,Rwanda
Rwanda,RWA,2013,Country or economy,Other renewables,False,0.0,0.0,,0.0,0.0,0.0,0.0,0.0,,0.0,,Africa,Africa,False,False,False,False,False,Rwanda
Rwanda,RWA,2013,Country or economy,Nuclear,False,0.0,0.0,,0.0,0.0,0.0,0.0,0.0,,0.0,,Africa,Africa,False,False,False,False,False,Rwanda
Rwanda,RWA,2013,Country or economy,Coal,False,0.0,0.0,,0.0,0.0,0.0,0.0,0.0,,0.0,,Africa,Africa,False,False,False,False,False,Rwanda
Rwanda,RWA,2013,Country or economy,Gas,False,0.01,0.0,0.0,2.703,0.139,0.0,0.006,0.0,0.0,4.066,600.0,Africa,Africa,False,False,False,False,False,Rwanda
Rwanda,RWA,2013,Country or economy,Other fossil,False,0.21,0.01,5.0,56.757,5.475,0.05,0.138,0.006,4.545,93.516,657.143,Africa,Africa,False,False,False,False,False,Rwanda
Rwanda,RWA,2013,Country or economy,Net imports,False,0.09,0.0,0.0,24.324,1.247,,0.0,0.0,,0.0,0.0,Africa,Africa,False,False,False,False,False,Rwanda
Rwanda,RWA,2013,Country or economy,Wind and solar,True,0.0,0.0,,0.0,0.0,0.0,0.0,0.0,,0.0,,Africa,Africa,False,False,False,False,False,Rwanda
Rwanda,RWA,2013,Country or economy,"Hydro, bioenergy and other renewables",True,0.15,-0.03,-16.667,40.541,-5.613,0.06,0.004,0.0,0.0,2.711,26.667,Africa,Africa,False,False,False,False,False,Rwanda
Rwanda,RWA,2013,Country or economy,Renewables,True,0.15,-0.03,-16.667,40.541,-5.613,0.06,0.004,0.0,0.0,2.711,26.667,Africa,Africa,False,False,False,False,False,Rwanda
Rwanda,RWA,2013,Country or economy,Clean,True,0.15,-0.03,-16.667,40.541,-5.613,0.06,0.004,0.0,0.0,2.711,26.667,Africa,Africa,False,False,False,False,False,Rwanda
Rwanda,RWA,2013,Country or economy,Fossil,True,0.22,0.01,4.762,59.459,5.613,0.05,0.144,0.007,5.109,97.582,654.545,Africa,Africa,False,False,False,False,False,Rwanda
Rwanda,RWA,2013,Country or economy,Total generation,True,0.37,-0.02,-5.128,100.0,0.0,0.11,0.148,0.006,4.225,100.293,400.0,Africa,Africa,False,False,False,False,False,Rwanda
Rwanda,RWA,2013,Country or economy,Demand,True,0.46,-0.02,-4.167,124.324,1.247,,,,,,,Africa,Africa,False,False,False,False,False,Rwanda
Rwanda,RWA,2014,Country or economy,Solar,False,0.0,0.0,,0.0,0.0,0.01,0.0,0.0,,0.0,,Africa,Africa,False,False,False,False,False,Rwanda
Rwanda,RWA,2014,Country or economy,Wind,False,0.0,0.0,,0.0,0.0,0.0,0.0,0.0,,0.0,,Africa,Africa,False,False,False,False,False,Rwanda
Rwanda,RWA,2014,Country or economy,Hydro,False,0.2,0.05,33.333,48.78,8.239,0.07,0.005,0.001,25.0,3.536,25.0,Africa,Africa,False,False,False,False,False,Rwanda
Rwanda,RWA,2014,Country or economy,Bioenergy,False,0.0,0.0,,0.0,0.0,0.0,0.0,0.0,,0.0,,Africa,Africa,False,False,False,False,False,Rwanda
Rwanda,RWA,2014,Country or economy,Other renewables,False,0.0,0.0,,0.0,0.0,0.0,0.0,0.0,,0.0,,Africa,Africa,False,False,False,False,False,Rwanda
Rwanda,RWA,2014,Country or economy,Nuclear,False,0.0,0.0,,0.0,0.0,0.0,0.0,0.0,,0.0,,Africa,Africa,False,False,False,False,False,Rwanda
Rwanda,RWA,2014,Country or economy,Coal,False,0.0,0.0,,0.0,0.0,0.0,0.0,0.0,,0.0,,Africa,Africa,False,False,False,False,False,Rwanda
Rwanda,RWA,2014,Country or economy,Gas,False,0.02,0.01,100.0,4.878,2.175,0.0,0.012,0.006,100.0,8.485,600.0,Africa,Africa,False,False,False,False,False,Rwanda
Rwanda,RWA,2014,Country or economy,Other fossil,False,0.19,-0.02,-9.524,46.341,-10.416,0.05,0.125,-0.013,-9.42,88.389,657.895,Africa,Africa,False,False,False,False,False,Rwanda
Rwanda,RWA,2014,Country or economy,Net imports,False,0.09,0.0,0.0,21.951,-2.373,,0.0,0.0,,0.0,0.0,Africa,Africa,False,False,False,False,False,Rwanda
Rwanda,RWA,2014,Country or economy,Wind and solar,True,0.0,0.0,,0.0,0.0,0.01,0.0,0.0,,0.0,,Africa,Africa,False,False,False,False,False,Rwanda
Rwanda,RWA,2014,Country or economy,"Hydro, bioenergy and other renewables",True,0.2,0.05,33.333,48.78,8.239,0.07,0.005,0.001,25.0,3.536,25.0,Africa,Africa,False,False,False,False,False,Rwanda
Rwanda,RWA,2014,Country or economy,Renewables,True,0.2,0.05,33.333,48.78,8.239,0.08,0.005,0.001,25.0,3.536,25.0,Africa,Africa,False,False,False,False,False,Rwanda
Rwanda,RWA,2014,Country or economy,Clean,True,0.2,0.05,33.333,48.78,8.239,0.08,0.005,0.001,25.0,3.536,25.0,Africa,Africa,False,False,False,False,False,Rwanda
Rwanda,RWA,2014,Country or economy,Fossil,True,0.21,-0.01,-4.545,51.22,-8.239,0.05,0.137,-0.007,-4.861,96.875,652.381,Africa,Africa,False,False,False,False,False,Rwanda
Rwanda,RWA,2014,Country or economy,Total generation,True,0.41,0.04,10.811,100.0,0.0,0.13,0.141,-0.007,-4.73,99.703,343.902,Africa,Africa,False,False,False,False,False,Rwanda
Rwanda,RWA,2014,Country or economy,Demand,True,0.5,0.04,8.696,121.951,-2.373,,,,,,,Africa,Africa,False,False,False,False,False,Rwanda
Rwanda,RWA,2015,Country or economy,Solar,False,0.01,0.01,,1.961,1.961,0.01,0.0,0.0,,0.0,0.0,Africa,Africa,False,False,False,False,False,Rwanda
Rwanda,RWA,2015,Country or economy,Wind,False,0.0,0.0,,0.0,0.0,0.0,0.0,0.0,,0.0,,Africa,Africa,False,False,False,False,False,Rwanda
Rwanda,RWA,2015,Country or economy,Hydro,False,0.28,0.08,40.0,54.902,6.122,0.09,0.007,0.002,40.0,4.655,25.0,Africa,Africa,False,False,False,False,False,Rwanda
Rwanda,RWA,2015,Country or economy,Bioenergy,False,0.0,0.0,,0.0,0.0,0.0,0.0,0.0,,0.0,,Africa,Africa,False,False,False,False,False,Rwanda
Rwanda,RWA,2015,Country or economy,Other renewables,False,0.0,0.0,,0.0,0.0,0.0,0.0,0.0,,0.0,,Africa,Africa,False,False,False,False,False,Rwanda
Rwanda,RWA,2015,Country or economy,Nuclear,False,0.0,0.0,,0.0,0.0,0.0,0.0,0.0,,0.0,,Africa,Africa,False,False,False,False,False,Rwanda
Rwanda,RWA,2015,Country or economy,Coal,False,0.0,0.0,,0.0,0.0,0.0,0.0,0.0,,0.0,,Africa,Africa,False,False,False,False,False,Rwanda
Rwanda,RWA,2015,Country or economy,Gas,False,0.02,0.0,0.0,3.922,-0.956,0.03,0.012,0.0,0.0,7.98,600.0,Africa,Africa,False,False,False,False,False,Rwanda
Rwanda,RWA,2015,Country or economy,Other fossil,False,0.2,0.01,5.263,39.216,-7.125,0.07,0.132,0.007,5.6,87.78,660.0,Africa,Africa,False,False,False,False,False,Rwanda
Rwanda,RWA,2015,Country or economy,Net imports,False,0.08,-0.01,-11.111,15.686,-6.265,,0.0,0.0,,0.0,0.0,Africa,Africa,False,False,False,False,False,Rwanda
Rwanda,RWA,2015,Country or economy,Wind and solar,True,0.01,0.01,,1.961,1.961,0.01,0.0,0.0,,0.0,0.0,Africa,Africa,False,False,False,False,False,Rwanda
Rwanda,RWA,2015,Country or economy,"Hydro, bioenergy and other renewables",True,0.28,0.08,40.0,54.902,6.122,0.09,0.007,0.002,40.0,4.655,25.0,Africa,Africa,False,False,False,False,False,Rwanda
Rwanda,RWA,2015,Country or economy,Renewables,True,0.29,0.09,45.0,56.863,8.083,0.0999999999999999,0.007,0.002,40.0,4.655,24.138,Africa,Africa,False,False,False,False,False,Rwanda
Rwanda,RWA,2015,Country or economy,Clean,True,0.29,0.09,45.0,56.863,8.083,0.0999999999999999,0.007,0.002,40.0,4.655,24.138,Africa,Africa,False,False,False,False,False,Rwanda
Rwanda,RWA,2015,Country or economy,Fossil,True,0.22,0.01,4.762,43.137,-8.083,0.1,0.143,0.006,4.38,95.095,650.0,Africa,Africa,False,False,False,False,False,Rwanda
Rwanda,RWA,2015,Country or economy,Total generation,True,0.51,0.1,24.39,100.0,0.0,0.2,0.15,0.009,6.383,99.75,294.118,Africa,Africa,False,False,False,False,False,Rwanda
Rwanda,RWA,2015,Country or economy,Demand,True,0.59,0.09,18.0,115.686,-6.265,,,,,,,Africa,Africa,False,False,False,False,False,Rwanda
Rwanda,RWA,2016,Country or economy,Solar,False,0.02,0.01,100.0,3.125,1.164,0.01,0.001,0.001,,0.468,50.0,Africa,Africa,False,False,False,False,False,Rwanda
Rwanda,RWA,2016,Country or economy,Wind,False,0.0,0.0,,0.0,0.0,0.0,0.0,0.0,,0.0,,Africa,Africa,False,False,False,False,False,Rwanda
Rwanda,RWA,2016,Country or economy,Hydro,False,0.3,0.02,7.143,46.875,-8.027,0.1,0.007,0.0,0.0,3.277,23.333,Africa,Africa,False,False,False,False,False,Rwanda
Rwanda,RWA,2016,Country or economy,Bioenergy,False,0.0,0.0,,0.0,0.0,0.0,0.0,0.0,,0.0,,Africa,Africa,False,False,False,False,False,Rwanda
Rwanda,RWA,2016,Country or economy,Other renewables,False,0.0,0.0,,0.0,0.0,0.0,0.0,0.0,,0.0,,Africa,Africa,False,False,False,False,False,Rwanda
Rwanda,RWA,2016,Country or economy,Nuclear,False,0.0,0.0,,0.0,0.0,0.0,0.0,0.0,,0.0,,Africa,Africa,False,False,False,False,False,Rwanda
Rwanda,RWA,2016,Country or economy,Coal,False,0.01,0.01,,1.562,1.562,0.01,0.009,0.009,,4.213,900.0,Africa,Africa,False,False,False,False,False,Rwanda
Rwanda,RWA,2016,Country or economy,Gas,False,0.1,0.08,400.0,15.625,11.703,0.03,0.058,0.046,383.333,27.149,580.0,Africa,Africa,False,False,False,False,False,Rwanda
Rwanda,RWA,2016,Country or economy,Other fossil,False,0.21,0.01,5.0,32.812,-6.404,0.07,0.138,0.006,4.545,64.596,657.143,Africa,Africa,False,False,False,False,False,Rwanda
Rwanda,RWA,2016,Country or economy,Net imports,False,0.07,-0.01,-12.5,10.938,-4.748,,0.0,0.0,,0.0,0.0,Africa,Africa,False,False,False,False,False,Rwanda
Rwanda,RWA,2016,Country or economy,Wind and solar,True,0.02,0.01,100.0,3.125,1.164,0.01,0.001,0.001,,0.468,50.0,Africa,Africa,False,False,False,False,False,Rwanda
Rwanda,RWA,2016,Country or economy,"Hydro, bioenergy and other renewables",True,0.3,0.02,7.143,46.875,-8.027,0.1,0.007,0.0,0.0,3.277,23.333,Africa,Africa,False,False,False,False,False,Rwanda
Rwanda,RWA,2016,Country or economy,Renewables,True,0.32,0.03,10.345,50.0,-6.863,0.11,0.008,0.001,14.286,3.745,25.0,Africa,Africa,False,False,False,False,False,Rwanda
Rwanda,RWA,2016,Country or economy,Clean,True,0.32,0.03,10.345,50.0,-6.863,0.11,0.008,0.001,14.286,3.745,25.0,Africa,Africa,False,False,False,False,False,Rwanda
Rwanda,RWA,2016,Country or economy,Fossil,True,0.32,0.1,45.455,50.0,6.863,0.11,0.206,0.063,44.056,96.426,643.75,Africa,Africa,False,False,False,False,False,Rwanda
Rwanda,RWA,2016,Country or economy,Total generation,True,0.64,0.13,25.49,100.0,0.0,0.22,0.214,0.064,42.667,100.17,334.375,Africa,Africa,False,False,False,False,False,Rwanda
Rwanda,RWA,2016,Country or economy,Demand,True,0.71,0.12,20.339,110.938,-4.748,,,,,,,Africa,Africa,False,False,False,False,False,Rwanda
Rwanda,RWA,2017,Country or economy,Solar,False,0.02,0.0,0.0,3.077,-0.048,0.01,0.001,0.0,0.0,0.426,50.0,Africa,Africa,False,False,False,False,False,Rwanda
Rwanda,RWA,2017,Country or economy,Wind,False,0.0,0.0,,0.0,0.0,0.0,0.0,0.0,,0.0,,Africa,Africa,False,False,False,False,False,Rwanda
Rwanda,RWA,2017,Country or economy,Hydro,False,0.28,-0.02,-6.667,43.077,-3.798,0.1,0.007,0.0,0.0,2.983,25.0,Africa,Africa,False,False,False,False,False,Rwanda
Rwanda,RWA,2017,Country or economy,Bioenergy,False,0.0,0.0,,0.0,0.0,0.0,0.0,0.0,,0.0,,Africa,Africa,False,False,False,False,False,Rwanda
Rwanda,RWA,2017,Country or economy,Other renewables,False,0.0,0.0,,0.0,0.0,0.0,0.0,0.0,,0.0,,Africa,Africa,False,False,False,False,False,Rwanda
Rwanda,RWA,2017,Country or economy,Nuclear,False,0.0,0.0,,0.0,0.0,0.0,0.0,0.0,,0.0,,Africa,Africa,False,False,False,False,False,Rwanda
Rwanda,RWA,2017,Country or economy,Coal,False,0.02,0.01,100.0,3.077,1.515,0.01,0.018,0.009,100.0,7.67,900.0,Africa,Africa,False,False,False,False,False,Rwanda
Rwanda,RWA,2017,Country or economy,Gas,False,0.11,0.01,10.0,16.923,1.298,0.03,0.064,0.006,10.345,27.271,581.818,Africa,Africa,False,False,False,False,False,Rwanda
Rwanda,RWA,2017,Country or economy,Other fossil,False,0.22,0.01,4.762,33.846,1.034,0.07,0.145,0.007,5.072,61.786,659.091,Africa,Africa,False,False,False,False,False,Rwanda
Rwanda,RWA,2017,Country or economy,Net imports,False,0.07,0.0,0.0,10.769,-0.169,,0.0,0.0,,0.0,0.0,Africa,Africa,False,False,False,False,False,Rwanda
Rwanda,RWA,2017,Country or economy,Wind and solar,True,0.02,0.0,0.0,3.077,-0.048,0.01,0.001,0.0,0.0,0.426,50.0,Africa,Africa,False,False,False,False,False,Rwanda
Rwanda,RWA,2017,Country or economy,"Hydro, bioenergy and other renewables",True,0.28,-0.02,-6.667,43.077,-3.798,0.1,0.007,0.0,0.0,2.983,25.0,Africa,Africa,False,False,False,False,False,Rwanda
Rwanda,RWA,2017,Country or economy,Renewables,True,0.3,-0.02,-6.25,46.154,-3.846,0.11,0.008,0.0,0.0,3.409,26.667,Africa,Africa,False,False,False,False,False,Rwanda
Rwanda,RWA,2017,Country or economy,Clean,True,0.3,-0.02,-6.25,46.154,-3.846,0.11,0.008,0.0,0.0,3.409,26.667,Africa,Africa,False,False,False,False,False,Rwanda
Rwanda,RWA,2017,Country or economy,Fossil,True,0.35,0.03,9.375,53.846,3.846,0.11,0.227,0.021,10.194,96.727,648.571,Africa,Africa,False,False,False,False,False,Rwanda
Rwanda,RWA,2017,Country or economy,Total generation,True,0.65,0.01,1.562,100.0,0.0,0.22,0.235,0.021,9.813,100.136,361.538,Africa,Africa,False,False,False,False,False,Rwanda
Rwanda,RWA,2017,Country or economy,Demand,True,0.72,0.01,1.408,110.769,-0.169,,,,,,,Africa,Africa,False,False,False,False,False,Rwanda
Rwanda,RWA,2018,Country or economy,Solar,False,0.03,0.01,50.0,3.659,0.582,0.01,0.001,0.0,0.0,0.316,33.333,Africa,Africa,False,False,False,False,False,Rwanda
Rwanda,RWA,2018,Country or economy,Wind,False,0.0,0.0,,0.0,0.0,0.0,0.0,0.0,,0.0,,Africa,Africa,False,False,False,False,False,Rwanda
Rwanda,RWA,2018,Country or economy,Hydro,False,0.31,0.03,10.714,37.805,-5.272,0.1,0.007,0.0,0.0,2.213,22.581,Africa,Africa,False,False,False,False,False,Rwanda
Rwanda,RWA,2018,Country or economy,Bioenergy,False,0.0,0.0,,0.0,0.0,0.0,0.0,0.0,,0.0,,Africa,Africa,False,False,False,False,False,Rwanda
Rwanda,RWA,2018,Country or economy,Other renewables,False,0.0,0.0,,0.0,0.0,0.0,0.0,0.0,,0.0,,Africa,Africa,False,False,False,False,False,Rwanda
Rwanda,RWA,2018,Country or economy,Nuclear,False,0.0,0.0,,0.0,0.0,0.0,0.0,0.0,,0.0,,Africa,Africa,False,False,False,False,False,Rwanda
Rwanda,RWA,2018,Country or economy,Coal,False,0.03,0.01,50.0,3.659,0.582,0.01,0.027,0.009,50.0,8.534,900.0,Africa,Africa,False,False,False,False,False,Rwanda
Rwanda,RWA,2018,Country or economy,Gas,False,0.21,0.1,90.909,25.61,8.687,0.03,0.122,0.058,90.625,38.562,580.952,Africa,Africa,False,False,False,False,False,Rwanda
Rwanda,RWA,2018,Country or economy,Other fossil,False,0.24,0.02,9.091,29.268,-4.578,0.07,0.158,0.013,8.966,49.941,658.333,Africa,Africa,False,False,False,False,False,Rwanda
Rwanda,RWA,2018,Country or economy,Net imports,False,0.09,0.02,28.571,10.976,0.207,,0.0,0.0,,0.0,0.0,Africa,Africa,False,False,False,False,False,Rwanda
Rwanda,RWA,2018,Country or economy,Wind and solar,True,0.03,0.01,50.0,3.659,0.582,0.01,0.001,0.0,0.0,0.316,33.333,Africa,Africa,False,False,False,False,False,Rwanda
Rwanda,RWA,2018,Country or economy,"Hydro, bioenergy and other renewables",True,0.31,0.03,10.714,37.805,-5.272,0.1,0.007,0.0,0.0,2.213,22.581,Africa,Africa,False,False,False,False,False,Rwanda
Rwanda,RWA,2018,Country or economy,Renewables,True,0.34,0.04,13.333,41.463,-4.691,0.11,0.009,0.001,12.5,2.845,26.471,Africa,Africa,False,False,False,False,False,Rwanda
Rwanda,RWA,2018,Country or economy,Clean,True,0.34,0.04,13.333,41.463,-4.691,0.11,0.009,0.001,12.5,2.845,26.471,Africa,Africa,False,False,False,False,False,Rwanda
Rwanda,RWA,2018,Country or economy,Fossil,True,0.48,0.13,37.143,58.537,4.691,0.11,0.308,0.081,35.683,97.353,641.667,Africa,Africa,False,False,False,False,False,Rwanda
Rwanda,RWA,2018,Country or economy,Total generation,True,0.82,0.17,26.154,100.0,0.0,0.22,0.316,0.081,34.468,99.881,385.366,Africa,Africa,False,False,False,False,False,Rwanda
Rwanda,RWA,2018,Country or economy,Demand,True,0.91,0.19,26.389,110.976,0.207,,,,,,,Africa,Africa,False,False,False,False,False,Rwanda
Rwanda,RWA,2019,Country or economy,Solar,False,0.03,0.0,0.0,3.529,-0.13,0.01,0.001,0.0,0.0,0.362,33.333,Africa,Africa,False,False,False,False,False,Rwanda
Rwanda,RWA,2019,Country or economy,Wind,False,0.0,0.0,,0.0,0.0,0.0,0.0,0.0,,0.0,,Africa,Africa,False,False,False,False,False,Rwanda
Rwanda,RWA,2019,Country or economy,Hydro,False,0.4,0.09,29.032,47.059,9.254,0.11,0.01,0.003,42.857,3.617,25.0,Africa,Africa,False,False,False,False,False,Rwanda
Rwanda,RWA,2019,Country or economy,Bioenergy,False,0.0,0.0,,0.0,0.0,0.0,0.0,0.0,,0.0,,Africa,Africa,False,False,False,False,False,Rwanda
Rwanda,RWA,2019,Country or economy,Other renewables,False,0.0,0.0,,0.0,0.0,0.0,0.0,0.0,,0.0,,Africa,Africa,False,False,False,False,False,Rwanda
Rwanda,RWA,2019,Country or economy,Nuclear,False,0.0,0.0,,0.0,0.0,0.0,0.0,0.0,,0.0,,Africa,Africa,False,False,False,False,False,Rwanda
Rwanda,RWA,2019,Country or economy,Coal,False,0.02,-0.01,-33.333,2.353,-1.306,0.01,0.018,-0.009,-33.333,6.51,900.0,Africa,Africa,False,False,False,False,False,Rwanda
Rwanda,RWA,2019,Country or economy,Gas,False,0.21,0.0,0.0,24.706,-0.904,0.03,0.122,0.0,0.0,44.126,580.952,Africa,Africa,False,False,False,False,False,Rwanda
Rwanda,RWA,2019,Country or economy,Other fossil,False,0.19,-0.05,-20.833,22.353,-6.915,0.07,0.125,-0.033,-20.886,45.211,657.895,Africa,Africa,False,False,False,False,False,Rwanda
Rwanda,RWA,2019,Country or economy,Net imports,False,0.03,-0.06,-66.667,3.529,-7.447,,0.0,0.0,,0.0,0.0,Africa,Africa,False,False,False,False,False,Rwanda
Rwanda,RWA,2019,Country or economy,Wind and solar,True,0.03,0.0,0.0,3.529,-0.13,0.01,0.001,0.0,0.0,0.362,33.333,Africa,Africa,False,False,False,False,False,Rwanda
Rwanda,RWA,2019,Country or economy,"Hydro, bioenergy and other renewables",True,0.4,0.09,29.032,47.059,9.254,0.11,0.01,0.003,42.857,3.617,25.0,Africa,Africa,False,False,False,False,False,Rwanda
Rwanda,RWA,2019,Country or economy,Renewables,True,0.43,0.09,26.471,50.588,9.125,0.12,0.011,0.002,22.222,3.979,25.581,Africa,Africa,False,False,False,False,False,Rwanda
Rwanda,RWA,2019,Country or economy,Clean,True,0.43,0.09,26.471,50.588,9.125,0.12,0.011,0.002,22.222,3.979,25.581,Africa,Africa,False,False,False,False,False,Rwanda
Rwanda,RWA,2019,Country or economy,Fossil,True,0.42,-0.06,-12.5,49.412,-9.125,0.11,0.266,-0.042,-13.636,96.209,633.333,Africa,Africa,False,False,False,False,False,Rwanda
Rwanda,RWA,2019,Country or economy,Total generation,True,0.85,0.03,3.659,100.0,0.0,0.23,0.276,-0.04,-12.658,99.826,324.706,Africa,Africa,False,False,False,False,False,Rwanda
Rwanda,RWA,2019,Country or economy,Demand,True,0.88,-0.03,-3.297,103.529,-7.447,,,,,,,Africa,Africa,False,False,False,False,False,Rwanda
Rwanda,RWA,2020,Country or economy,Solar,False,0.03,0.0,0.0,3.371,-0.158,0.01,0.001,0.0,0.0,0.449,33.333,Africa,Africa,False,False,False,False,False,Rwanda
Rwanda,RWA,2020,Country or economy,Wind,False,0.0,0.0,,0.0,0.0,0.0,0.0,0.0,,0.0,,Africa,Africa,False,False,False,False,False,Rwanda
Rwanda,RWA,2020,Country or economy,Hydro,False,0.53,0.13,32.5,59.551,12.492,0.12,0.013,0.003,30.0,5.833,24.528,Africa,Africa,False,False,False,False,False,Rwanda
Rwanda,RWA,2020,Country or economy,Bioenergy,False,0.0,0.0,,0.0,0.0,0.0,0.0,0.0,,0.0,,Africa,Africa,False,False,False,False,False,Rwanda
Rwanda,RWA,2020,Country or economy,Other renewables,False,0.0,0.0,,0.0,0.0,0.0,0.0,0.0,,0.0,,Africa,Africa,False,False,False,False,False,Rwanda
Rwanda,RWA,2020,Country or economy,Nuclear,False,0.0,0.0,,0.0,0.0,0.0,0.0,0.0,,0.0,,Africa,Africa,False,False,False,False,False,Rwanda
Rwanda,RWA,2020,Country or economy,Coal,False,0.03,0.01,50.0,3.371,1.018,0.01,0.027,0.009,50.0,12.116,900.0,Africa,Africa,False,False,False,False,False,Rwanda
Rwanda,RWA,2020,Country or economy,Gas,False,0.21,0.0,0.0,23.596,-1.11,0.03,0.122,0.0,0.0,54.745,580.952,Africa,Africa,False,False,False,False,False,Rwanda
Rwanda,RWA,2020,Country or economy,Other fossil,False,0.09,-0.1,-52.632,10.112,-12.241,0.07,0.059,-0.066,-52.8,26.475,655.556,Africa,Africa,False,False,False,False,False,Rwanda
Rwanda,RWA,2020,Country or economy,Net imports,False,0.02,-0.01,-33.333,2.247,-1.282,,0.0,0.0,,0.0,0.0,Africa,Africa,False,False,False,False,False,Rwanda
Rwanda,RWA,2020,Country or economy,Wind and solar,True,0.03,0.0,0.0,3.371,-0.158,0.01,0.001,0.0,0.0,0.449,33.333,Africa,Africa,False,False,False,False,False,Rwanda
Rwanda,RWA,2020,Country or economy,"Hydro, bioenergy and other renewables",True,0.53,0.13,32.5,59.551,12.492,0.12,0.013,0.003,30.0,5.833,24.528,Africa,Africa,False,False,False,False,False,Rwanda
Rwanda,RWA,2020,Country or economy,Renewables,True,0.56,0.13,30.233,62.921,12.333,0.13,0.014,0.003,27.273,6.282,25.0,Africa,Africa,False,False,False,False,False,Rwanda
Rwanda,RWA,2020,Country or economy,Clean,True,0.56,0.13,30.233,62.921,12.333,0.13,0.014,0.003,27.273,6.282,25.0,Africa,Africa,False,False,False,False,False,Rwanda
Rwanda,RWA,2020,Country or economy,Fossil,True,0.33,-0.09,-21.429,37.079,-12.333,0.11,0.209,-0.057,-21.429,93.784,633.333,Africa,Africa,False,False,False,False,False,Rwanda
Rwanda,RWA,2020,Country or economy,Total generation,True,0.89,0.04,4.706,100.0,0.0,0.24,0.223,-0.053,-19.203,100.066,250.562,Africa,Africa,False,False,False,False,False,Rwanda
Rwanda,RWA,2020,Country or economy,Demand,True,0.91,0.03,3.409,102.247,-1.282,,,,,,,Africa,Africa,False,False,False,False,False,Rwanda
Rwanda,RWA,2021,Country or economy,Solar,False,0.04,0.01,33.333,4.0,0.629,0.01,0.002,0.001,100.0,0.719,50.0,Africa,Africa,False,False,False,False,False,Rwanda
Rwanda,RWA,2021,Country or economy,Wind,False,0.0,0.0,,0.0,0.0,0.0,0.0,0.0,,0.0,,Africa,Africa,False,False,False,False,False,Rwanda
Rwanda,RWA,2021,Country or economy,Hydro,False,0.55,0.02,3.774,55.0,-4.551,0.12,0.013,0.0,0.0,4.673,23.636,Africa,Africa,False,False,False,False,False,Rwanda
Rwanda,RWA,2021,Country or economy,Bioenergy,False,0.0,0.0,,0.0,0.0,0.0,0.0,0.0,,0.0,,Africa,Africa,False,False,False,False,False,Rwanda
Rwanda,RWA,2021,Country or economy,Other renewables,False,0.0,0.0,,0.0,0.0,0.0,0.0,0.0,,0.0,,Africa,Africa,False,False,False,False,False,Rwanda
Rwanda,RWA,2021,Country or economy,Nuclear,False,0.0,0.0,,0.0,0.0,0.0,0.0,0.0,,0.0,,Africa,Africa,False,False,False,False,False,Rwanda
Rwanda,RWA,2021,Country or economy,Coal,False,0.04,0.01,33.333,4.0,0.629,0.01,0.036,0.009,33.333,12.941,900.0,Africa,Africa,False,False,False,False,False,Rwanda
Rwanda,RWA,2021,Country or economy,Gas,False,0.22,0.01,4.762,22.0,-1.596,0.03,0.128,0.006,4.918,46.011,581.818,Africa,Africa,False,False,False,False,False,Rwanda
Rwanda,RWA,2021,Country or economy,Other fossil,False,0.15,0.06,66.667,15.0,4.888,0.07,0.099,0.04,67.797,35.587,660.0,Africa,Africa,False,False,False,False,False,Rwanda
Rwanda,RWA,2021,Country or economy,Net imports,False,0.02,0.0,0.0,2.0,-0.247,,0.0,0.0,,0.0,0.0,Africa,Africa,False,False,False,False,False,Rwanda
Rwanda,RWA,2021,Country or economy,Wind and solar,True,0.04,0.01,33.333,4.0,0.629,0.01,0.002,0.001,100.0,0.719,50.0,Africa,Africa,False,False,False,False,False,Rwanda
Rwanda,RWA,2021,Country or economy,"Hydro, bioenergy and other renewables",True,0.55,0.02,3.774,55.0,-4.551,0.12,0.013,0.0,0.0,4.673,23.636,Africa,Africa,False,False,False,False,False,Rwanda
Rwanda,RWA,2021,Country or economy,Renewables,True,0.59,0.03,5.357,59.0,-3.921,0.13,0.015,0.001,7.143,5.392,25.424,Africa,Africa,False,False,False,False,False,Rwanda
Rwanda,RWA,2021,Country or economy,Clean,True,0.59,0.03,5.357,59.0,-3.921,0.13,0.015,0.001,7.143,5.392,25.424,Africa,Africa,False,False,False,False,False,Rwanda
Rwanda,RWA,2021,Country or economy,Fossil,True,0.41,0.08,24.242,41.0,3.921,0.11,0.263,0.054,25.837,94.539,641.463,Africa,Africa,False,False,False,False,False,Rwanda
Rwanda,RWA,2021,Country or economy,Total generation,True,1.0,0.11,12.36,100.0,0.0,0.24,0.278,0.055,24.664,99.93,278.0,Africa,Africa,False,False,False,False,False,Rwanda
Rwanda,RWA,2021,Country or economy,Demand,True,1.02,0.11,12.088,102.0,-0.247,,,,,,,Africa,Africa,False,False,False,False,False,Rwanda
Rwanda,RWA,2022,Country or economy,Solar,False,0.04,0.0,0.0,3.846,-0.154,0.02,0.002,0.0,0.0,0.663,50.0,Africa,Africa,False,False,False,False,False,Rwanda
Rwanda,RWA,2022,Country or economy,Wind,False,0.0,0.0,,0.0,0.0,0.0,0.0,0.0,,0.0,,Africa,Africa,False,False,False,False,False,Rwanda
Rwanda,RWA,2022,Country or economy,Hydro,False,0.56,0.01,1.818,53.846,-1.154,0.12,0.013,0.0,0.0,4.313,23.214,Africa,Africa,False,False,False,False,False,Rwanda
Rwanda,RWA,2022,Country or economy,Bioenergy,False,0.0,0.0,,0.0,0.0,0.0,0.0,0.0,,0.0,,Africa,Africa,False,False,False,False,False,Rwanda
Rwanda,RWA,2022,Country or economy,Other renewables,False,0.0,0.0,,0.0,0.0,0.0,0.0,0.0,,0.0,,Africa,Africa,False,False,False,False,False,Rwanda
Rwanda,RWA,2022,Country or economy,Nuclear,False,0.0,0.0,,0.0,0.0,0.0,0.0,0.0,,0.0,,Africa,Africa,False,False,False,False,False,Rwanda
Rwanda,RWA,2022,Country or economy,Coal,False,0.05,0.01,25.0,4.808,0.808,0.05,0.045,0.009,25.0,14.929,900.0,Africa,Africa,False,False,False,False,False,Rwanda
Rwanda,RWA,2022,Country or economy,Gas,False,0.21,-0.01,-4.545,20.192,-1.808,0.03,0.122,-0.006,-4.688,40.473,580.952,Africa,Africa,False,False,False,False,False,Rwanda
Rwanda,RWA,2022,Country or economy,Other fossil,False,0.18,0.03,20.0,17.308,2.308,0.07,0.118,0.019,19.192,39.146,655.556,Africa,Africa,False,False,False,False,False,Rwanda
Rwanda,RWA,2022,Country or economy,Net imports,False,0.02,0.0,0.0,1.923,-0.077,,0.0,0.0,,0.0,0.0,Africa,Africa,False,False,False,False,False,Rwanda
Rwanda,RWA,2022,Country or economy,Wind and solar,True,0.04,0.0,0.0,3.846,-0.154,0.02,0.002,0.0,0.0,0.663,50.0,Africa,Africa,False,False,False,False,False,Rwanda
Rwanda,RWA,2022,Country or economy,"Hydro, bioenergy and other renewables",True,0.56,0.01,1.818,53.846,-1.154,0.12,0.013,0.0,0.0,4.313,23.214,Africa,Africa,False,False,False,False,False,Rwanda
Rwanda,RWA,2022,Country or economy,Renewables,True,0.6,0.01,1.695,57.692,-1.308,0.1399999999999999,0.015,0.0,0.0,4.976,25.0,Africa,Africa,False,False,False,False,False,Rwanda
Rwanda,RWA,2022,Country or economy,Clean,True,0.6,0.01,1.695,57.692,-1.308,0.1399999999999999,0.015,0.0,0.0,4.976,25.0,Africa,Africa,False,False,False,False,False,Rwanda
Rwanda,RWA,2022,Country or economy,Fossil,True,0.44,0.03,7.317,42.308,1.308,0.15,0.286,0.023,8.745,94.88,650.0,Africa,Africa,False,False,False,False,False,Rwanda
Rwanda,RWA,2022,Country or economy,Total generation,True,1.04,0.04,4.0,100.0,0.0,0.29,0.301,0.023,8.273,99.856,289.423,Africa,Africa,False,False,False,False,False,Rwanda
Rwanda,RWA,2022,Country or economy,Demand,True,1.06,0.04,3.922,101.923,-0.077,,,,,,,Africa,Africa,False,False,False,False,False,Rwanda
Rwanda,RWA,2023,Country or economy,Solar,False,0.04,0.0,0.0,3.636,-0.21,0.02,0.002,0.0,0.0,0.497,50.0,Africa,Africa,False,False,False,False,False,Rwanda
Rwanda,RWA,2023,Country or economy,Wind,False,0.0,0.0,,0.0,0.0,0.0,0.0,0.0,,0.0,,Africa,Africa,False,False,False,False,False,Rwanda
Rwanda,RWA,2023,Country or economy,Hydro,False,0.5,-0.06,-10.714,45.455,-8.391,0.12,0.012,-0.001,-7.692,2.983,24.0,Africa,Africa,False,False,False,False,False,Rwanda
Rwanda,RWA,2023,Country or economy,Bioenergy,False,0.0,0.0,,0.0,0.0,0.0,0.0,0.0,,0.0,,Africa,Africa,False,False,False,False,False,Rwanda
Rwanda,RWA,2023,Country or economy,Other renewables,False,0.0,0.0,,0.0,0.0,0.0,0.0,0.0,,0.0,,Africa,Africa,False,False,False,False,False,Rwanda
Rwanda,RWA,2023,Country or economy,Nuclear,False,0.0,0.0,,0.0,0.0,0.0,0.0,0.0,,0.0,,Africa,Africa,False,False,False,False,False,Rwanda
Rwanda,RWA,2023,Country or economy,Coal,False,0.17,0.12,240.0,15.455,10.647,0.05,0.155,0.11,244.444,38.528,911.765,Africa,Africa,False,False,False,False,False,Rwanda
Rwanda,RWA,2023,Country or economy,Gas,False,0.3,0.09,42.857,27.273,7.081,0.03,0.175,0.053,43.443,43.5,583.333,Africa,Africa,False,False,False,False,False,Rwanda
Rwanda,RWA,2023,Country or economy,Other fossil,False,0.09,-0.09,-50.0,8.182,-9.126,0.07,0.059,-0.059,-50.0,14.666,655.556,Africa,Africa,False,False,False,False,False,Rwanda
Rwanda,RWA,2023,Country or economy,Net imports,False,0.1,0.08,400.0,9.091,7.168,,0.0,0.0,,0.0,0.0,Africa,Africa,False,False,False,False,False,Rwanda
Rwanda,RWA,2023,Country or economy,Wind and solar,True,0.04,0.0,0.0,3.636,-0.21,0.02,0.002,0.0,0.0,0.497,50.0,Africa,Africa,False,False,False,False,False,Rwanda
Rwanda,RWA,2023,Country or economy,"Hydro, bioenergy and other renewables",True,0.5,-0.06,-10.714,45.455,-8.391,0.12,0.012,-0.001,-7.692,2.983,24.0,Africa,Africa,False,False,False,False,False,Rwanda
Rwanda,RWA,2023,Country or economy,Renewables,True,0.54,-0.06,-10.0,49.091,-8.601,0.1399999999999999,0.014,-0.001,-6.667,3.48,25.926,Africa,Africa,False,False,False,False,False,Rwanda
Rwanda,RWA,2023,Country or economy,Clean,True,0.54,-0.06,-10.0,49.091,-8.601,0.1399999999999999,0.014,-0.001,-6.667,3.48,25.926,Africa,Africa,False,False,False,False,False,Rwanda
Rwanda,RWA,2023,Country or economy,Fossil,True,0.56,0.12,27.273,50.909,8.601,0.15,0.389,0.103,36.014,96.693,694.643,Africa,Africa,False,False,False,False,False,Rwanda
Rwanda,RWA,2023,Country or economy,Total generation,True,1.1,0.06,5.769,100.0,0.0,0.29,0.402,0.101,33.555,99.925,365.455,Africa,Africa,False,False,False,False,False,Rwanda
Rwanda,RWA,2023,Country or economy,Demand,True,1.2,0.14,13.208,109.091,7.168,,,,,,,Africa,Africa,False,False,False,False,False,Rwanda
Rwanda,RWA,2024,Country or economy,Solar,False,0.04,0.0,0.0,3.54,-0.096,0.02,0.002,0.0,0.0,0.489,50.0,Africa,Africa,False,False,False,False,False,Rwanda
Rwanda,RWA,2024,Country or economy,Wind,False,0.0,0.0,,0.0,0.0,0.0,0.0,0.0,,0.0,,Africa,Africa,False,False,False,False,False,Rwanda
Rwanda,RWA,2024,Country or economy,Hydro,False,0.52,0.02,4.0,46.018,0.563,0.15,0.012,0.0,0.0,2.932,23.077,Africa,Africa,False,False,False,False,False,Rwanda
Rwanda,RWA,2024,Country or economy,Bioenergy,False,0.0,0.0,,0.0,0.0,0.0,0.0,0.0,,0.0,,Africa,Africa,False,False,False,False,False,Rwanda
Rwanda,RWA,2024,Country or economy,Other renewables,False,0.0,0.0,,0.0,0.0,0.0,0.0,0.0,,0.0,,Africa,Africa,False,False,False,False,False,Rwanda
Rwanda,RWA,2024,Country or economy,Nuclear,False,0.0,0.0,,0.0,0.0,0.0,0.0,0.0,,0.0,,Africa,Africa,False,False,False,False,False,Rwanda
Rwanda,RWA,2024,Country or economy,Coal,False,0.17,0.0,0.0,15.044,-0.411,0.09,0.154,-0.001,-0.645,37.628,905.882,Africa,Africa,False,False,False,False,False,Rwanda
Rwanda,RWA,2024,Country or economy,Gas,False,0.3,0.0,0.0,26.549,-0.724,0.09,0.175,0.0,0.0,42.759,583.333,Africa,Africa,False,False,False,False,False,Rwanda
Rwanda,RWA,2024,Country or economy,Other fossil,False,0.1,0.01,11.111,8.85,0.668,0.04,0.066,0.007,11.864,16.126,660.0,Africa,Africa,False,False,False,False,False,Rwanda
Rwanda,RWA,2024,Country or economy,Net imports,False,0.09,-0.01,-10.0,7.965,-1.126,,0.0,0.0,,0.0,0.0,Africa,Africa,False,False,False,False,False,Rwanda
Rwanda,RWA,2024,Country or economy,Wind and solar,True,0.04,0.0,0.0,3.54,-0.096,0.02,0.002,0.0,0.0,0.489,50.0,Africa,Africa,False,False,False,False,False,Rwanda
Rwanda,RWA,2024,Country or economy,"Hydro, bioenergy and other renewables",True,0.52,0.02,4.0,46.018,0.563,0.15,0.012,0.0,0.0,2.932,23.077,Africa,Africa,False,False,False,False,False,Rwanda
Rwanda,RWA,2024,Country or economy,Renewables,True,0.56,0.02,3.704,49.558,0.467,0.1699999999999999,0.014,0.0,0.0,3.421,25.0,Africa,Africa,False,False,False,False,False,Rwanda
Rwanda,RWA,2024,Country or economy,Clean,True,0.56,0.02,3.704,49.558,0.467,0.1699999999999999,0.014,0.0,0.0,3.421,25.0,Africa,Africa,False,False,False,False,False,Rwanda
Rwanda,RWA,2024,Country or economy,Fossil,True,0.57,0.01,1.786,50.442,-0.467,0.22,0.395,0.006,1.542,96.514,692.982,Africa,Africa,False,False,False,False,False,Rwanda
Rwanda,RWA,2024,Country or economy,Total generation,True,1.13,0.03,2.727,100.0,0.0,0.3899999999999999,0.409,0.007,1.741,99.935,361.947,Africa,Africa,False,False,False,False,False,Rwanda
Rwanda,RWA,2024,Country or economy,Demand,True,1.22,0.02,1.667,107.965,-1.126,,,,,,,Africa,Africa,False,False,False,False,False,Rwanda
South Africa,ZAF,2000,Country or economy,Solar,False,0.0,,,0.0,,0.0,0.0,,,0.0,,Africa,Africa,False,False,True,False,False,South Africa
South Africa,ZAF,2000,Country or economy,Wind,False,0.0,,,0.0,,0.0,0.0,,,0.0,,Africa,Africa,False,False,True,False,False,South Africa
South Africa,ZAF,2000,Country or economy,Hydro,False,1.1,,,0.522,,1.01,0.026,,,0.015,23.636,Africa,Africa,False,False,True,False,False,South Africa
South Africa,ZAF,2000,Country or economy,Bioenergy,False,0.48,,,0.228,,0.24,0.104,,,0.062,216.667,Africa,Africa,False,False,True,False,False,South Africa
South Africa,ZAF,2000,Country or economy,Nuclear,False,13.01,,,6.176,,1.94,0.067,,,0.04,5.15,Africa,Africa,False,False,True,False,False,South Africa
South Africa,ZAF,2000,Country or economy,Coal,False,196.07,,,93.074,,38.39,168.206,,,99.883,857.887,Africa,Africa,False,False,True,False,False,South Africa
South Africa,ZAF,2000,Country or economy,Gas,False,0.0,,,0.0,,0.0,0.0,,,0.0,,Africa,Africa,False,False,True,False,False,South Africa
South Africa,ZAF,2000,Country or economy,Other fossil,False,0.0,,,0.0,,0.34,0.0,,,0.0,,Africa,Africa,False,False,True,False,False,South Africa
South Africa,ZAF,2000,Country or economy,Net imports,False,12.33,,,5.853,,,0.0,,,0.0,0.0,Africa,Africa,False,False,True,False,False,South Africa
South Africa,ZAF,2000,Country or economy,Wind and solar,True,0.0,,,0.0,,0.0,0.0,,,0.0,,Africa,Africa,False,False,True,False,False,South Africa
South Africa,ZAF,2000,Country or economy,"Hydro, bioenergy and other renewables",True,1.58,,,0.75,,1.25,0.13,,,0.077,82.278,Africa,Africa,False,False,True,False,False,South Africa
South Africa,ZAF,2000,Country or economy,Renewables,True,1.58,,,0.75,,1.25,0.13,,,0.077,82.278,Africa,Africa,False,False,True,False,False,South Africa
South Africa,ZAF,2000,Country or economy,Clean,True,14.59,,,6.926,,3.19,0.197,,,0.117,13.502,Africa,Africa,False,False,True,False,False,South Africa
South Africa,ZAF,2000,Country or economy,Fossil,True,196.07,,,93.074,,38.73,168.206,,,99.883,857.887,Africa,Africa,False,False,True,False,False,South Africa
South Africa,ZAF,2000,Country or economy,Total generation,True,210.66,,,100.0,,41.92,168.404,,,100.0,799.411,Africa,Africa,False,False,True,False,False,South Africa
South Africa,ZAF,2000,Country or economy,Demand,True,222.99,,,105.853,,,,,,,,Africa,Africa,False,False,True,False,False,South Africa
South Africa,ZAF,2001,Country or economy,Solar,False,0.0,0.0,,0.0,0.0,0.0,0.0,0.0,,0.0,,Africa,Africa,False,False,True,False,False,South Africa
South Africa,ZAF,2001,Country or economy,Wind,False,0.0,0.0,,0.0,0.0,0.0,0.0,0.0,,0.0,,Africa,Africa,False,False,True,False,False,South Africa
South Africa,ZAF,2001,Country or economy,Hydro,False,1.72,0.62,56.364,0.819,0.297,1.04,0.041,0.015,57.692,0.024,23.837,Africa,Africa,False,False,True,False,False,South Africa
South Africa,ZAF,2001,Country or economy,Bioenergy,False,0.42,-0.06,-12.5,0.2,-0.028,0.24,0.091,-0.013,-12.5,0.054,216.667,Africa,Africa,False,False,True,False,False,South Africa
South Africa,ZAF,2001,Country or economy,Nuclear,False,10.72,-2.29,-17.602,5.103,-1.073,1.94,0.055,-0.012,-17.91,0.032,5.131,Africa,Africa,False,False,True,False,False,South Africa
South Africa,ZAF,2001,Country or economy,Coal,False,197.23,1.16,0.592,93.879,0.805,39.11,169.201,0.995,0.592,99.89,857.887,Africa,Africa,False,False,True,False,False,South Africa
South Africa,ZAF,2001,Country or economy,Gas,False,0.0,0.0,,0.0,0.0,0.0,0.0,0.0,,0.0,,Africa,Africa,False,False,True,False,False,South Africa
South Africa,ZAF,2001,Country or economy,Other fossil,False,0.0,0.0,,0.0,0.0,0.34,0.0,0.0,,0.0,,Africa,Africa,False,False,True,False,False,South Africa
South Africa,ZAF,2001,Country or economy,Net imports,False,2.2,-10.13,-82.157,1.047,-4.806,,0.0,0.0,,0.0,0.0,Africa,Africa,False,False,True,False,False,South Africa
South Africa,ZAF,2001,Country or economy,Wind and solar,True,0.0,0.0,,0.0,0.0,0.0,0.0,0.0,,0.0,,Africa,Africa,False,False,True,False,False,South Africa
South Africa,ZAF,2001,Country or economy,"Hydro, bioenergy and other renewables",True,2.14,0.56,35.443,1.019,0.269,1.28,0.132,0.002,1.538,0.078,61.682,Africa,Africa,False,False,True,False,False,South Africa
South Africa,ZAF,2001,Country or economy,Renewables,True,2.14,0.56,35.443,1.019,0.269,1.28,0.132,0.002,1.538,0.078,61.682,Africa,Africa,False,False,True,False,False,South Africa
South Africa,ZAF,2001,Country or economy,Clean,True,12.86,-1.73,-11.857,6.121,-0.805,3.22,0.187,-0.01,-5.076,0.11,14.541,Africa,Africa,False,False,True,False,False,South Africa
South Africa,ZAF,2001,Country or economy,Fossil,True,197.23,1.16,0.592,93.879,0.805,39.45,169.201,0.995,0.592,99.89,857.887,Africa,Africa,False,False,True,False,False,South Africa
South Africa,ZAF,2001,Country or economy,Total generation,True,210.09,-0.57,-0.271,100.0,0.0,42.67,169.388,0.984,0.584,100.0,806.264,Africa,Africa,False,False,True,False,False,South Africa
South Africa,ZAF,2001,Country or economy,Demand,True,212.29,-10.7,-4.798,101.047,-4.806,,,,,,,Africa,Africa,False,False,True,False,False,South Africa
South Africa,ZAF,2002,Country or economy,Solar,False,0.02,0.02,,0.009,0.009,0.0,0.001,0.001,,0.001,50.0,Africa,Africa,False,False,True,False,False,South Africa
South Africa,ZAF,2002,Country or economy,Wind,False,0.0,0.0,,0.0,0.0,0.0,0.0,0.0,,0.0,,Africa,Africa,False,False,True,False,False,South Africa
South Africa,ZAF,2002,Country or economy,Hydro,False,2.08,0.36,20.93,0.943,0.124,1.04,0.049,0.008,19.512,0.028,23.558,Africa,Africa,False,False,True,False,False,South Africa
South Africa,ZAF,2002,Country or economy,Bioenergy,False,0.46,0.04,9.524,0.209,0.009,0.24,0.099,0.008,8.791,0.056,215.217,Africa,Africa,False,False,True,False,False,South Africa
South Africa,ZAF,2002,Country or economy,Nuclear,False,11.99,1.27,11.847,5.436,0.333,1.94,0.062,0.007,12.727,0.035,5.171,Africa,Africa,False,False,True,False,False,South Africa
South Africa,ZAF,2002,Country or economy,Coal,False,206.03,8.8,4.462,93.404,-0.475,39.11,176.75,7.549,4.462,99.88,857.885,Africa,Africa,False,False,True,False,False,South Africa
South Africa,ZAF,2002,Country or economy,Gas,False,0.0,0.0,,0.0,0.0,0.0,0.0,0.0,,0.0,,Africa,Africa,False,False,True,False,False,South Africa
South Africa,ZAF,2002,Country or economy,Other fossil,False,0.0,0.0,,0.0,0.0,0.34,0.0,0.0,,0.0,,Africa,Africa,False,False,True,False,False,South Africa
South Africa,ZAF,2002,Country or economy,Net imports,False,2.25,0.05,2.273,1.02,-0.027,,0.0,0.0,,0.0,0.0,Africa,Africa,False,False,True,False,False,South Africa
South Africa,ZAF,2002,Country or economy,Wind and solar,True,0.02,0.02,,0.009,0.009,0.0,0.001,0.001,,0.001,50.0,Africa,Africa,False,False,True,False,False,South Africa
South Africa,ZAF,2002,Country or economy,"Hydro, bioenergy and other renewables",True,2.54,0.4,18.692,1.152,0.133,1.28,0.149,0.017,12.879,0.084,58.661,Africa,Africa,False,False,True,False,False,South Africa
South Africa,ZAF,2002,Country or economy,Renewables,True,2.56,0.42,19.626,1.161,0.142,1.28,0.15,0.018,13.636,0.085,58.594,Africa,Africa,False,False,True,False,False,South Africa
South Africa,ZAF,2002,Country or economy,Clean,True,14.55,1.69,13.142,6.596,0.475,3.22,0.212,0.025,13.369,0.12,14.57,Africa,Africa,False,False,True,False,False,South Africa
South Africa,ZAF,2002,Country or economy,Fossil,True,206.03,8.8,4.462,93.404,-0.475,39.45,176.75,7.549,4.462,99.88,857.885,Africa,Africa,False,False,True,False,False,South Africa
South Africa,ZAF,2002,Country or economy,Total generation,True,220.58,10.49,4.993,100.0,0.0,42.67,176.962,7.574,4.471,100.0,802.258,Africa,Africa,False,False,True,False,False,South Africa
South Africa,ZAF,2002,Country or economy,Demand,True,222.83,10.54,4.965,101.02,-0.027,,,,,,,Africa,Africa,False,False,True,False,False,South Africa
South Africa,ZAF,2003,Country or economy,Solar,False,0.02,0.0,0.0,0.009,0.0,0.0,0.001,0.0,0.0,0.001,50.0,Africa,Africa,False,False,True,False,False,South Africa
South Africa,ZAF,2003,Country or economy,Wind,False,0.01,0.01,,0.004,0.004,0.0,0.0,0.0,,0.0,0.0,Africa,Africa,False,False,True,False,False,South Africa
South Africa,ZAF,2003,Country or economy,Hydro,False,0.83,-1.25,-60.096,0.354,-0.589,1.34,0.02,-0.029,-59.184,0.011,24.096,Africa,Africa,False,False,True,False,False,South Africa
South Africa,ZAF,2003,Country or economy,Bioenergy,False,0.41,-0.05,-10.87,0.175,-0.034,0.24,0.089,-0.01,-10.101,0.047,217.073,Africa,Africa,False,False,True,False,False,South Africa
South Africa,ZAF,2003,Country or economy,Nuclear,False,12.66,0.67,5.588,5.405,-0.031,1.94,0.065,0.003,4.839,0.034,5.134,Africa,Africa,False,False,True,False,False,South Africa
South Africa,ZAF,2003,Country or economy,Coal,False,220.31,14.28,6.931,94.053,0.649,39.11,189.001,12.251,6.931,99.908,857.887,Africa,Africa,False,False,True,False,False,South Africa
South Africa,ZAF,2003,Country or economy,Gas,False,0.0,0.0,,0.0,0.0,0.0,0.0,0.0,,0.0,,Africa,Africa,False,False,True,False,False,South Africa
South Africa,ZAF,2003,Country or economy,Other fossil,False,0.0,0.0,,0.0,0.0,0.34,0.0,0.0,,0.0,,Africa,Africa,False,False,True,False,False,South Africa
South Africa,ZAF,2003,Country or economy,Net imports,False,-2.07,-4.32,-192.0,-0.884,-1.904,,0.0,0.0,,0.0,0.0,Africa,Africa,False,False,True,False,False,South Africa
South Africa,ZAF,2003,Country or economy,Wind and solar,True,0.03,0.01,50.0,0.013,0.004,0.0,0.001,0.0,0.0,0.001,33.333,Africa,Africa,False,False,True,False,False,South Africa
South Africa,ZAF,2003,Country or economy,"Hydro, bioenergy and other renewables",True,1.24,-1.3,-51.181,0.529,-0.623,1.58,0.108,-0.041,-27.517,0.057,87.097,Africa,Africa,False,False,True,False,False,South Africa
South Africa,ZAF,2003,Country or economy,Renewables,True,1.27,-1.29,-50.391,0.542,-0.619,1.58,0.109,-0.041,-27.333,0.058,85.827,Africa,Africa,False,False,True,False,False,South Africa
South Africa,ZAF,2003,Country or economy,Clean,True,13.93,-0.62,-4.261,5.947,-0.649,3.52,0.175,-0.037,-17.453,0.093,12.563,Africa,Africa,False,False,True,False,False,South Africa
South Africa,ZAF,2003,Country or economy,Fossil,True,220.31,14.28,6.931,94.053,0.649,39.45,189.001,12.251,6.931,99.908,857.887,Africa,Africa,False,False,True,False,False,South Africa
South Africa,ZAF,2003,Country or economy,Total generation,True,234.24,13.66,6.193,100.0,0.0,42.970000000000006,189.176,12.214,6.902,100.0,807.616,Africa,Africa,False,False,True,False,False,South Africa
South Africa,ZAF,2003,Country or economy,Demand,True,232.17,9.34,4.192,99.116,-1.904,,,,,,,Africa,Africa,False,False,True,False,False,South Africa
South Africa,ZAF,2004,Country or economy,Solar,False,0.02,0.0,0.0,0.008,-0.001,0.0,0.001,0.0,0.0,0.001,50.0,Africa,Africa,False,False,True,False,False,South Africa
South Africa,ZAF,2004,Country or economy,Wind,False,0.01,0.0,0.0,0.004,0.0,0.0,0.0,0.0,,0.0,0.0,Africa,Africa,False,False,True,False,False,South Africa
South Africa,ZAF,2004,Country or economy,Hydro,False,0.95,0.12,14.458,0.388,0.034,0.7,0.023,0.003,15.0,0.012,24.211,Africa,Africa,False,False,True,False,False,South Africa
South Africa,ZAF,2004,Country or economy,Bioenergy,False,0.38,-0.03,-7.317,0.155,-0.02,0.24,0.082,-0.007,-7.865,0.042,215.789,Africa,Africa,False,False,True,False,False,South Africa
South Africa,ZAF,2004,Country or economy,Nuclear,False,13.37,0.71,5.608,5.466,0.061,1.94,0.069,0.004,6.154,0.035,5.161,Africa,Africa,False,False,True,False,False,South Africa
South Africa,ZAF,2004,Country or economy,Coal,False,229.88,9.57,4.344,93.978,-0.075,39.11,197.211,8.21,4.344,99.911,857.887,Africa,Africa,False,False,True,False,False,South Africa
South Africa,ZAF,2004,Country or economy,Gas,False,0.0,0.0,,0.0,0.0,0.0,0.0,0.0,,0.0,,Africa,Africa,False,False,True,False,False,South Africa
South Africa,ZAF,2004,Country or economy,Other fossil,False,0.0,0.0,,0.0,0.0,0.34,0.0,0.0,,0.0,,Africa,Africa,False,False,True,False,False,South Africa
South Africa,ZAF,2004,Country or economy,Net imports,False,-3.44,-1.37,66.184,-1.406,-0.522,,0.0,0.0,,0.0,0.0,Africa,Africa,False,False,True,False,False,South Africa
South Africa,ZAF,2004,Country or economy,Wind and solar,True,0.03,0.0,0.0,0.012,-0.001,0.0,0.001,0.0,0.0,0.001,33.333,Africa,Africa,False,False,True,False,False,South Africa
South Africa,ZAF,2004,Country or economy,"Hydro, bioenergy and other renewables",True,1.33,0.09,7.258,0.544,0.015,0.94,0.105,-0.003,-2.778,0.053,78.947,Africa,Africa,False,False,True,False,False,South Africa
South Africa,ZAF,2004,Country or economy,Renewables,True,1.36,0.09,7.087,0.556,0.014,0.94,0.106,-0.003,-2.752,0.054,77.941,Africa,Africa,False,False,True,False,False,South Africa
South Africa,ZAF,2004,Country or economy,Clean,True,14.73,0.8,5.743,6.022,0.075,2.88,0.175,0.0,0.0,0.089,11.881,Africa,Africa,False,False,True,False,False,South Africa
South Africa,ZAF,2004,Country or economy,Fossil,True,229.88,9.57,4.344,93.978,-0.075,39.45,197.211,8.21,4.344,99.911,857.887,Africa,Africa,False,False,True,False,False,South Africa
South Africa,ZAF,2004,Country or economy,Total generation,True,244.61,10.37,4.427,100.0,0.0,42.330000000000005,197.386,8.21,4.34,100.0,806.942,Africa,Africa,False,False,True,False,False,South Africa
South Africa,ZAF,2004,Country or economy,Demand,True,241.17,9.0,3.876,98.594,-0.522,,,,,,,Africa,Africa,False,False,True,False,False,South Africa
South Africa,ZAF,2005,Country or economy,Solar,False,0.02,0.0,0.0,0.008,0.0,0.0,0.001,0.0,0.0,0.001,50.0,Africa,Africa,False,False,True,False,False,South Africa
South Africa,ZAF,2005,Country or economy,Wind,False,0.01,0.0,0.0,0.004,0.0,0.0,0.0,0.0,,0.0,0.0,Africa,Africa,False,False,True,False,False,South Africa
South Africa,ZAF,2005,Country or economy,Hydro,False,1.33,0.38,40.0,0.543,0.155,0.7,0.032,0.009,39.13,0.016,24.06,Africa,Africa,False,False,True,False,False,South Africa
South Africa,ZAF,2005,Country or economy,Bioenergy,False,0.43,0.05,13.158,0.176,0.021,0.24,0.093,0.011,13.415,0.047,216.279,Africa,Africa,False,False,True,False,False,South Africa
South Africa,ZAF,2005,Country or economy,Nuclear,False,11.29,-2.08,-15.557,4.609,-0.857,1.94,0.058,-0.011,-15.942,0.029,5.137,Africa,Africa,False,False,True,False,False,South Africa
South Africa,ZAF,2005,Country or economy,Coal,False,231.76,1.88,0.818,94.623,0.645,39.11,198.824,1.613,0.818,99.881,857.887,Africa,Africa,False,False,True,False,False,South Africa
South Africa,ZAF,2005,Country or economy,Gas,False,0.09,0.09,,0.037,0.037,0.0,0.052,0.052,,0.026,577.778,Africa,Africa,False,False,True,False,False,South Africa
South Africa,ZAF,2005,Country or economy,Other fossil,False,0.0,0.0,,0.0,0.0,0.34,0.0,0.0,,0.0,,Africa,Africa,False,False,True,False,False,South Africa
South Africa,ZAF,2005,Country or economy,Net imports,False,-2.34,1.1,-31.977,-0.955,0.451,,0.0,0.0,,0.0,0.0,Africa,Africa,False,False,True,False,False,South Africa
South Africa,ZAF,2005,Country or economy,Wind and solar,True,0.03,0.0,0.0,0.012,0.0,0.0,0.001,0.0,0.0,0.001,33.333,Africa,Africa,False,False,True,False,False,South Africa
South Africa,ZAF,2005,Country or economy,"Hydro, bioenergy and other renewables",True,1.76,0.43,32.331,0.719,0.175,0.94,0.125,0.02,19.048,0.063,71.023,Africa,Africa,False,False,True,False,False,South Africa
South Africa,ZAF,2005,Country or economy,Renewables,True,1.79,0.43,31.618,0.731,0.175,0.94,0.126,0.02,18.868,0.063,70.391,Africa,Africa,False,False,True,False,False,South Africa
South Africa,ZAF,2005,Country or economy,Clean,True,13.08,-1.65,-11.202,5.34,-0.682,2.88,0.184,0.009,5.143,0.092,14.067,Africa,Africa,False,False,True,False,False,South Africa
South Africa,ZAF,2005,Country or economy,Fossil,True,231.85,1.97,0.857,94.66,0.682,39.45,198.876,1.665,0.844,99.908,857.779,Africa,Africa,False,False,True,False,False,South Africa
South Africa,ZAF,2005,Country or economy,Total generation,True,244.93,0.32,0.131,100.0,0.0,42.330000000000005,199.06,1.674,0.848,100.0,812.722,Africa,Africa,False,False,True,False,False,South Africa
South Africa,ZAF,2005,Country or economy,Demand,True,242.59,1.42,0.589,99.045,0.451,,,,,,,Africa,Africa,False,False,True,False,False,South Africa
South Africa,ZAF,2006,Country or economy,Solar,False,0.02,0.0,0.0,0.008,0.0,0.0,0.001,0.0,0.0,0.0,50.0,Africa,Africa,False,False,True,False,False,South Africa
South Africa,ZAF,2006,Country or economy,Wind,False,0.01,0.0,0.0,0.004,0.0,0.0,0.0,0.0,,0.0,0.0,Africa,Africa,False,False,True,False,False,South Africa
South Africa,ZAF,2006,Country or economy,Hydro,False,2.9,1.57,118.045,1.143,0.6,0.7,0.069,0.037,115.625,0.033,23.793,Africa,Africa,False,False,True,False,False,South Africa
South Africa,ZAF,2006,Country or economy,Bioenergy,False,0.41,-0.02,-4.651,0.162,-0.014,0.24,0.089,-0.004,-4.301,0.043,217.073,Africa,Africa,False,False,True,False,False,South Africa
South Africa,ZAF,2006,Country or economy,Nuclear,False,10.03,-1.26,-11.16,3.952,-0.657,1.94,0.052,-0.006,-10.345,0.025,5.184,Africa,Africa,False,False,True,False,False,South Africa
South Africa,ZAF,2006,Country or economy,Coal,False,240.42,8.66,3.737,94.724,0.101,39.11,206.253,7.429,3.736,99.892,857.886,Africa,Africa,False,False,True,False,False,South Africa
South Africa,ZAF,2006,Country or economy,Gas,False,0.02,-0.07,-77.778,0.008,-0.029,0.0,0.012,-0.04,-76.923,0.006,600.0,Africa,Africa,False,False,True,False,False,South Africa
South Africa,ZAF,2006,Country or economy,Other fossil,False,0.0,0.0,,0.0,0.0,0.34,0.0,0.0,,0.0,,Africa,Africa,False,False,True,False,False,South Africa
South Africa,ZAF,2006,Country or economy,Net imports,False,-2.96,-0.62,26.496,-1.166,-0.211,,0.0,0.0,,0.0,0.0,Africa,Africa,False,False,True,False,False,South Africa
South Africa,ZAF,2006,Country or economy,Wind and solar,True,0.03,0.0,0.0,0.012,0.0,0.0,0.001,0.0,0.0,0.0,33.333,Africa,Africa,False,False,True,False,False,South Africa
South Africa,ZAF,2006,Country or economy,"Hydro, bioenergy and other renewables",True,3.31,1.55,88.068,1.304,0.585,0.94,0.158,0.033,26.4,0.077,47.734,Africa,Africa,False,False,True,False,False,South Africa
South Africa,ZAF,2006,Country or economy,Renewables,True,3.34,1.55,86.592,1.316,0.585,0.94,0.159,0.033,26.19,0.077,47.605,Africa,Africa,False,False,True,False,False,South Africa
South Africa,ZAF,2006,Country or economy,Clean,True,13.37,0.29,2.217,5.268,-0.072,2.88,0.21,0.026,14.13,0.102,15.707,Africa,Africa,False,False,True,False,False,South Africa
South Africa,ZAF,2006,Country or economy,Fossil,True,240.44,8.59,3.705,94.732,0.072,39.45,206.265,7.389,3.715,99.898,857.865,Africa,Africa,False,False,True,False,False,South Africa
South Africa,ZAF,2006,Country or economy,Total generation,True,253.81,8.88,3.626,100.0,0.0,42.330000000000005,206.475,7.415,3.725,100.0,813.502,Africa,Africa,False,False,True,False,False,South Africa
South Africa,ZAF,2006,Country or economy,Demand,True,250.85,8.26,3.405,98.834,-0.211,,,,,,,Africa,Africa,False,False,True,False,False,South Africa
South Africa,ZAF,2007,Country or economy,Solar,False,0.02,0.0,0.0,0.008,0.0,0.0,0.001,0.0,0.0,0.0,50.0,Africa,Africa,False,False,True,False,False,South Africa
South Africa,ZAF,2007,Country or economy,Wind,False,0.01,0.0,0.0,0.004,0.0,0.0,0.0,0.0,,0.0,0.0,Africa,Africa,False,False,True,False,False,South Africa
South Africa,ZAF,2007,Country or economy,Hydro,False,2.87,-0.03,-1.034,1.089,-0.054,0.7,0.068,-0.001,-1.449,0.032,23.693,Africa,Africa,False,False,True,False,False,South Africa
South Africa,ZAF,2007,Country or economy,Bioenergy,False,0.43,0.02,4.878,0.163,0.001,0.25,0.093,0.004,4.494,0.044,216.279,Africa,Africa,False,False,True,False,False,South Africa
South Africa,ZAF,2007,Country or economy,Nuclear,False,11.32,1.29,12.861,4.296,0.344,1.94,0.059,0.007,13.462,0.028,5.212,Africa,Africa,False,False,True,False,False,South Africa
South Africa,ZAF,2007,Country or economy,Coal,False,247.58,7.16,2.978,93.962,-0.762,39.11,212.395,6.142,2.978,99.511,857.884,Africa,Africa,False,False,True,False,False,South Africa
South Africa,ZAF,2007,Country or economy,Gas,False,0.09,0.07,350.0,0.034,0.026,0.0,0.052,0.04,333.333,0.024,577.778,Africa,Africa,False,False,True,False,False,South Africa
South Africa,ZAF,2007,Country or economy,Other fossil,False,1.17,1.17,,0.444,0.444,1.38,0.77,0.77,,0.361,658.12,Africa,Africa,False,False,True,False,False,South Africa
South Africa,ZAF,2007,Country or economy,Net imports,False,-3.15,-0.19,6.419,-1.195,-0.029,,0.0,0.0,,0.0,0.0,Africa,Africa,False,False,True,False,False,South Africa
South Africa,ZAF,2007,Country or economy,Wind and solar,True,0.03,0.0,0.0,0.011,-0.001,0.0,0.001,0.0,0.0,0.0,33.333,Africa,Africa,False,False,True,False,False,South Africa
South Africa,ZAF,2007,Country or economy,"Hydro, bioenergy and other renewables",True,3.3,-0.01,-0.302,1.252,-0.052,0.95,0.161,0.003,1.899,0.075,48.788,Africa,Africa,False,False,True,False,False,South Africa
South Africa,ZAF,2007,Country or economy,Renewables,True,3.33,-0.01,-0.299,1.264,-0.052,0.95,0.162,0.003,1.887,0.076,48.649,Africa,Africa,False,False,True,False,False,South Africa
South Africa,ZAF,2007,Country or economy,Clean,True,14.65,1.28,9.574,5.56,0.292,2.89,0.221,0.011,5.238,0.104,15.085,Africa,Africa,False,False,True,False,False,South Africa
South Africa,ZAF,2007,Country or economy,Fossil,True,248.84,8.4,3.494,94.44,-0.292,40.49,213.218,6.953,3.371,99.897,856.848,Africa,Africa,False,False,True,False,False,South Africa
South Africa,ZAF,2007,Country or economy,Total generation,True,263.49,9.68,3.814,100.0,0.0,43.38,213.438,6.963,3.372,100.0,810.042,Africa,Africa,False,False,True,False,False,South Africa
South Africa,ZAF,2007,Country or economy,Demand,True,260.34,9.49,3.783,98.805,-0.029,,,,,,,Africa,Africa,False,False,True,False,False,South Africa
South Africa,ZAF,2008,Country or economy,Solar,False,0.02,0.0,0.0,0.008,0.0,0.0,0.001,0.0,0.0,0.0,50.0,Africa,Africa,False,False,True,False,False,South Africa
South Africa,ZAF,2008,Country or economy,Wind,False,0.02,0.01,100.0,0.008,0.004,0.01,0.0,0.0,,0.0,0.0,Africa,Africa,False,False,True,False,False,South Africa
South Africa,ZAF,2008,Country or economy,Hydro,False,1.26,-1.61,-56.098,0.488,-0.601,0.7,0.03,-0.038,-55.882,0.014,23.81,Africa,Africa,False,False,True,False,False,South Africa
South Africa,ZAF,2008,Country or economy,Bioenergy,False,0.46,0.03,6.977,0.178,0.015,0.25,0.099,0.006,6.452,0.047,215.217,Africa,Africa,False,False,True,False,False,South Africa
South Africa,ZAF,2008,Country or economy,Nuclear,False,13.0,1.68,14.841,5.033,0.737,1.94,0.067,0.008,13.559,0.032,5.154,Africa,Africa,False,False,True,False,False,South Africa
South Africa,ZAF,2008,Country or economy,Coal,False,243.3,-4.28,-1.729,94.196,0.234,39.11,208.724,-3.671,-1.728,99.836,857.887,Africa,Africa,False,False,True,False,False,South Africa
South Africa,ZAF,2008,Country or economy,Gas,False,0.09,0.0,0.0,0.035,0.001,0.0,0.052,0.0,0.0,0.025,577.778,Africa,Africa,False,False,True,False,False,South Africa
South Africa,ZAF,2008,Country or economy,Other fossil,False,0.14,-1.03,-88.034,0.054,-0.39,1.38,0.092,-0.678,-88.052,0.044,657.143,Africa,Africa,False,False,True,False,False,South Africa
South Africa,ZAF,2008,Country or economy,Net imports,False,-3.6,-0.45,14.286,-1.394,-0.199,,0.0,0.0,,0.0,0.0,Africa,Africa,False,False,True,False,False,South Africa
South Africa,ZAF,2008,Country or economy,Wind and solar,True,0.04,0.01,33.333,0.015,0.004,0.01,0.001,0.0,0.0,0.0,25.0,Africa,Africa,False,False,True,False,False,South Africa
South Africa,ZAF,2008,Country or economy,"Hydro, bioenergy and other renewables",True,1.72,-1.58,-47.879,0.666,-0.586,0.95,0.129,-0.032,-19.876,0.062,75.0,Africa,Africa,False,False,True,False,False,South Africa
South Africa,ZAF,2008,Country or economy,Renewables,True,1.76,-1.57,-47.147,0.681,-0.583,0.96,0.131,-0.031,-19.136,0.063,74.432,Africa,Africa,False,False,True,False,False,South Africa
South Africa,ZAF,2008,Country or economy,Clean,True,14.76,0.11,0.751,5.715,0.155,2.8999999999999995,0.198,-0.023,-10.407,0.095,13.415,Africa,Africa,False,False,True,False,False,South Africa
South Africa,ZAF,2008,Country or economy,Fossil,True,243.53,-5.31,-2.134,94.285,-0.155,40.49,208.868,-4.35,-2.04,99.905,857.668,Africa,Africa,False,False,True,False,False,South Africa
South Africa,ZAF,2008,Country or economy,Total generation,True,258.29,-5.2,-1.974,100.0,0.0,43.39,209.066,-4.372,-2.048,100.0,809.424,Africa,Africa,False,False,True,False,False,South Africa
South Africa,ZAF,2008,Country or economy,Demand,True,254.69,-5.65,-2.17,98.606,-0.199,,,,,,,Africa,Africa,False,False,True,False,False,South Africa
South Africa,ZAF,2009,Country or economy,Solar,False,0.02,0.0,0.0,0.008,0.0,0.0,0.001,0.0,0.0,0.0,50.0,Africa,Africa,False,False,True,False,False,South Africa
South Africa,ZAF,2009,Country or economy,Wind,False,0.03,0.01,50.0,0.012,0.004,0.01,0.0,0.0,,0.0,0.0,Africa,Africa,False,False,True,False,False,South Africa
South Africa,ZAF,2009,Country or economy,Hydro,False,1.45,0.19,15.079,0.581,0.093,0.72,0.034,0.004,13.333,0.017,23.448,Africa,Africa,False,False,True,False,False,South Africa
South Africa,ZAF,2009,Country or economy,Bioenergy,False,0.45,-0.01,-2.174,0.18,0.002,0.25,0.097,-0.002,-2.02,0.048,215.556,Africa,Africa,False,False,True,False,False,South Africa
South Africa,ZAF,2009,Country or economy,Nuclear,False,12.81,-0.19,-1.462,5.133,0.1,1.94,0.066,-0.001,-1.493,0.033,5.152,Africa,Africa,False,False,True,False,False,South Africa
South Africa,ZAF,2009,Country or economy,Coal,False,234.74,-8.56,-3.518,94.062,-0.134,39.11,201.38,-7.344,-3.519,99.882,857.885,Africa,Africa,False,False,True,False,False,South Africa
South Africa,ZAF,2009,Country or economy,Gas,False,0.01,-0.08,-88.889,0.004,-0.031,0.0,0.006,-0.046,-88.462,0.003,600.0,Africa,Africa,False,False,True,False,False,South Africa
South Africa,ZAF,2009,Country or economy,Other fossil,False,0.05,-0.09,-64.286,0.02,-0.034,2.42,0.033,-0.059,-64.13,0.016,660.0,Africa,Africa,False,False,True,False,False,South Africa
South Africa,ZAF,2009,Country or economy,Net imports,False,-1.76,1.84,-51.111,-0.705,0.689,,0.0,0.0,,0.0,0.0,Africa,Africa,False,False,True,False,False,South Africa
South Africa,ZAF,2009,Country or economy,Wind and solar,True,0.05,0.01,25.0,0.02,0.005,0.01,0.001,0.0,0.0,0.0,20.0,Africa,Africa,False,False,True,False,False,South Africa
South Africa,ZAF,2009,Country or economy,"Hydro, bioenergy and other renewables",True,1.9,0.18,10.465,0.761,0.095,0.97,0.132,0.003,2.326,0.065,69.474,Africa,Africa,False,False,True,False,False,South Africa
South Africa,ZAF,2009,Country or economy,Renewables,True,1.95,0.19,10.795,0.781,0.1,0.98,0.133,0.002,1.527,0.066,68.205,Africa,Africa,False,False,True,False,False,South Africa
South Africa,ZAF,2009,Country or economy,Clean,True,14.76,0.0,0.0,5.914,0.199,2.92,0.199,0.001,0.505,0.099,13.482,Africa,Africa,False,False,True,False,False,South Africa
South Africa,ZAF,2009,Country or economy,Fossil,True,234.8,-8.73,-3.585,94.086,-0.199,41.53,201.419,-7.449,-3.566,99.901,857.832,Africa,Africa,False,False,True,False,False,South Africa
South Africa,ZAF,2009,Country or economy,Total generation,True,249.56,-8.73,-3.38,100.0,0.0,44.45,201.618,-7.448,-3.563,100.0,807.894,Africa,Africa,False,False,True,False,False,South Africa
South Africa,ZAF,2009,Country or economy,Demand,True,247.8,-6.89,-2.705,99.295,0.689,,,,,,,Africa,Africa,False,False,True,False,False,South Africa
South Africa,ZAF,2010,Country or economy,Solar,False,0.02,0.0,0.0,0.008,0.0,0.0,0.001,0.0,0.0,0.0,50.0,Africa,Africa,False,False,True,False,False,South Africa
South Africa,ZAF,2010,Country or economy,Wind,False,0.03,0.0,0.0,0.012,0.0,0.01,0.0,0.0,,0.0,0.0,Africa,Africa,False,False,True,False,False,South Africa
South Africa,ZAF,2010,Country or economy,Hydro,False,1.14,-0.31,-21.379,0.439,-0.142,0.73,0.027,-0.007,-20.588,0.013,23.684,Africa,Africa,False,False,True,False,False,South Africa
South Africa,ZAF,2010,Country or economy,Bioenergy,False,0.4,-0.05,-11.111,0.154,-0.026,0.25,0.086,-0.011,-11.34,0.041,215.0,Africa,Africa,False,False,True,False,False,South Africa
South Africa,ZAF,2010,Country or economy,Nuclear,False,13.53,0.72,5.621,5.212,0.079,1.94,0.07,0.004,6.061,0.033,5.174,Africa,Africa,False,False,True,False,False,South Africa
South Africa,ZAF,2010,Country or economy,Coal,False,243.45,8.71,3.71,93.783,-0.279,39.11,208.852,7.472,3.71,99.621,857.885,Africa,Africa,False,False,True,False,False,South Africa
South Africa,ZAF,2010,Country or economy,Gas,False,0.82,0.81,8100.0,0.316,0.312,0.0,0.478,0.472,7866.667,0.228,582.927,Africa,Africa,False,False,True,False,False,South Africa
South Africa,ZAF,2010,Country or economy,Other fossil,False,0.2,0.15,300.0,0.077,0.057,2.42,0.132,0.099,300.0,0.063,660.0,Africa,Africa,False,False,True,False,False,South Africa
South Africa,ZAF,2010,Country or economy,Net imports,False,-2.47,-0.71,40.341,-0.952,-0.247,,0.0,0.0,,0.0,0.0,Africa,Africa,False,False,True,False,False,South Africa
South Africa,ZAF,2010,Country or economy,Wind and solar,True,0.05,0.0,0.0,0.019,-0.001,0.01,0.001,0.0,0.0,0.0,20.0,Africa,Africa,False,False,True,False,False,South Africa
South Africa,ZAF,2010,Country or economy,"Hydro, bioenergy and other renewables",True,1.54,-0.36,-18.947,0.593,-0.168,0.98,0.114,-0.018,-13.636,0.054,74.026,Africa,Africa,False,False,True,False,False,South Africa
South Africa,ZAF,2010,Country or economy,Renewables,True,1.59,-0.36,-18.462,0.613,-0.168,0.99,0.115,-0.018,-13.534,0.055,72.327,Africa,Africa,False,False,True,False,False,South Africa
South Africa,ZAF,2010,Country or economy,Clean,True,15.12,0.36,2.439,5.825,-0.089,2.93,0.185,-0.014,-7.035,0.088,12.235,Africa,Africa,False,False,True,False,False,South Africa
South Africa,ZAF,2010,Country or economy,Fossil,True,244.47,9.67,4.118,94.175,0.089,41.53,209.461,8.042,3.993,99.912,856.796,Africa,Africa,False,False,True,False,False,South Africa
South Africa,ZAF,2010,Country or economy,Total generation,True,259.59,10.03,4.019,100.0,0.0,44.46,209.646,8.028,3.982,100.0,807.604,Africa,Africa,False,False,True,False,False,South Africa
South Africa,ZAF,2010,Country or economy,Demand,True,257.12,9.32,3.761,99.048,-0.247,,,,,,,Africa,Africa,False,False,True,False,False,South Africa
South Africa,ZAF,2011,Country or economy,Solar,False,0.02,0.0,0.0,0.008,0.0,0.01,0.001,0.0,0.0,0.0,50.0,Africa,Africa,False,False,True,False,False,South Africa
South Africa,ZAF,2011,Country or economy,Wind,False,0.04,0.01,33.333,0.015,0.003,0.01,0.0,0.0,,0.0,0.0,Africa,Africa,False,False,True,False,False,South Africa
South Africa,ZAF,2011,Country or economy,Hydro,False,3.06,1.92,168.421,1.166,0.727,0.74,0.073,0.046,170.37,0.035,23.856,Africa,Africa,False,False,True,False,False,South Africa
South Africa,ZAF,2011,Country or economy,Bioenergy,False,0.41,0.01,2.5,0.156,0.002,0.25,0.089,0.003,3.488,0.042,217.073,Africa,Africa,False,False,True,False,False,South Africa
South Africa,ZAF,2011,Country or economy,Nuclear,False,12.9,-0.63,-4.656,4.915,-0.297,1.94,0.067,-0.003,-4.286,0.032,5.194,Africa,Africa,False,False,True,False,False,South Africa
South Africa,ZAF,2011,Country or economy,Coal,False,244.44,0.99,0.407,93.127,-0.656,39.11,209.702,0.85,0.407,99.421,857.887,Africa,Africa,False,False,True,False,False,South Africa
South Africa,ZAF,2011,Country or economy,Gas,False,0.89,0.07,8.537,0.339,0.023,0.28,0.518,0.04,8.368,0.246,582.022,Africa,Africa,False,False,True,False,False,South Africa
South Africa,ZAF,2011,Country or economy,Other fossil,False,0.72,0.52,260.0,0.274,0.197,2.42,0.474,0.342,259.091,0.225,658.333,Africa,Africa,False,False,True,False,False,South Africa
South Africa,ZAF,2011,Country or economy,Net imports,False,-3.07,-0.6,24.291,-1.17,-0.218,,0.0,0.0,,0.0,0.0,Africa,Africa,False,False,True,False,False,South Africa
South Africa,ZAF,2011,Country or economy,Wind and solar,True,0.06,0.01,20.0,0.023,0.004,0.02,0.001,0.0,0.0,0.0,16.667,Africa,Africa,False,False,True,False,False,South Africa
South Africa,ZAF,2011,Country or economy,"Hydro, bioenergy and other renewables",True,3.47,1.93,125.325,1.322,0.729,0.99,0.161,0.047,41.228,0.076,46.398,Africa,Africa,False,False,True,False,False,South Africa
South Africa,ZAF,2011,Country or economy,Renewables,True,3.53,1.94,122.013,1.345,0.732,1.01,0.163,0.048,41.739,0.077,46.176,Africa,Africa,False,False,True,False,False,South Africa
South Africa,ZAF,2011,Country or economy,Clean,True,16.43,1.31,8.664,6.26,0.435,2.9499999999999997,0.229,0.044,23.784,0.109,13.938,Africa,Africa,False,False,True,False,False,South Africa
South Africa,ZAF,2011,Country or economy,Fossil,True,246.05,1.58,0.646,93.74,-0.435,41.81,210.694,1.233,0.589,99.891,856.306,Africa,Africa,False,False,True,False,False,South Africa
South Africa,ZAF,2011,Country or economy,Total generation,True,262.48,2.89,1.113,100.0,0.0,44.76,210.923,1.277,0.609,100.0,803.577,Africa,Africa,False,False,True,False,False,South Africa
South Africa,ZAF,2011,Country or economy,Demand,True,259.41,2.29,0.891,98.83,-0.218,,,,,,,Africa,Africa,False,False,True,False,False,South Africa
South Africa,ZAF,2012,Country or economy,Solar,False,0.03,0.01,50.0,0.012,0.004,0.01,0.001,0.0,0.0,0.0,33.333,Africa,Africa,False,False,True,False,False,South Africa
South Africa,ZAF,2012,Country or economy,Wind,False,0.04,0.0,0.0,0.016,0.001,0.01,0.0,0.0,,0.0,0.0,Africa,Africa,False,False,True,False,False,South Africa
South Africa,ZAF,2012,Country or economy,Hydro,False,1.02,-2.04,-66.667,0.396,-0.77,0.74,0.024,-0.049,-67.123,0.012,23.529,Africa,Africa,False,False,True,False,False,South Africa
South Africa,ZAF,2012,Country or economy,Bioenergy,False,0.42,0.01,2.439,0.163,0.007,0.25,0.091,0.002,2.247,0.044,216.667,Africa,Africa,False,False,True,False,False,South Africa
South Africa,ZAF,2012,Country or economy,Nuclear,False,12.97,0.07,0.543,5.03,0.115,1.94,0.067,0.0,0.0,0.032,5.166,Africa,Africa,False,False,True,False,False,South Africa
South Africa,ZAF,2012,Country or economy,Coal,False,239.68,-4.76,-1.947,92.946,-0.181,39.11,205.618,-4.084,-1.948,98.803,857.886,Africa,Africa,False,False,True,False,False,South Africa
South Africa,ZAF,2012,Country or economy,Gas,False,1.78,0.89,100.0,0.69,0.351,0.28,1.037,0.519,100.193,0.498,582.584,Africa,Africa,False,False,True,False,False,South Africa
South Africa,ZAF,2012,Country or economy,Other fossil,False,1.93,1.21,168.056,0.748,0.474,2.42,1.27,0.796,167.932,0.61,658.031,Africa,Africa,False,False,True,False,False,South Africa
South Africa,ZAF,2012,Country or economy,Net imports,False,-5.03,-1.96,63.844,-1.951,-0.781,,0.0,0.0,,0.0,0.0,Africa,Africa,False,False,True,False,False,South Africa
South Africa,ZAF,2012,Country or economy,Wind and solar,True,0.07,0.01,16.667,0.027,0.004,0.02,0.002,0.001,100.0,0.001,28.571,Africa,Africa,False,False,True,False,False,South Africa
South Africa,ZAF,2012,Country or economy,"Hydro, bioenergy and other renewables",True,1.44,-2.03,-58.501,0.558,-0.764,0.99,0.115,-0.046,-28.571,0.055,79.861,Africa,Africa,False,False,True,False,False,South Africa
South Africa,ZAF,2012,Country or economy,Renewables,True,1.51,-2.02,-57.224,0.586,-0.759,1.01,0.117,-0.046,-28.221,0.056,77.483,Africa,Africa,False,False,True,False,False,South Africa
South Africa,ZAF,2012,Country or economy,Clean,True,14.48,-1.95,-11.869,5.615,-0.645,2.9499999999999997,0.184,-0.045,-19.651,0.088,12.707,Africa,Africa,False,False,True,False,False,South Africa
South Africa,ZAF,2012,Country or economy,Fossil,True,243.39,-2.66,-1.081,94.385,0.645,41.81,207.925,-2.769,-1.314,99.912,854.287,Africa,Africa,False,False,True,False,False,South Africa
South Africa,ZAF,2012,Country or economy,Total generation,True,257.87,-4.61,-1.756,100.0,0.0,44.76,208.109,-2.814,-1.334,100.0,807.031,Africa,Africa,False,False,True,False,False,South Africa
South Africa,ZAF,2012,Country or economy,Demand,True,252.84,-6.57,-2.533,98.049,-0.781,,,,,,,Africa,Africa,False,False,True,False,False,South Africa
South Africa,ZAF,2013,Country or economy,Solar,False,0.05,0.02,66.667,0.02,0.008,0.26,0.002,0.001,100.0,0.001,40.0,Africa,Africa,False,False,True,False,False,South Africa
South Africa,ZAF,2013,Country or economy,Wind,False,0.04,0.0,0.0,0.016,0.0,0.26,0.0,0.0,,0.0,0.0,Africa,Africa,False,False,True,False,False,South Africa
South Africa,ZAF,2013,Country or economy,Hydro,False,1.1,0.08,7.843,0.43,0.034,0.74,0.026,0.002,8.333,0.013,23.636,Africa,Africa,False,False,True,False,False,South Africa
South Africa,ZAF,2013,Country or economy,Bioenergy,False,0.48,0.06,14.286,0.188,0.025,0.25,0.104,0.013,14.286,0.051,216.667,Africa,Africa,False,False,True,False,False,South Africa
South Africa,ZAF,2013,Country or economy,Nuclear,False,14.11,1.14,8.79,5.513,0.483,1.94,0.073,0.006,8.955,0.036,5.174,Africa,Africa,False,False,True,False,False,South Africa
South Africa,ZAF,2013,Country or economy,Coal,False,233.49,-6.19,-2.583,91.225,-1.721,39.11,200.308,-5.31,-2.582,97.864,857.887,Africa,Africa,False,False,True,False,False,South Africa
South Africa,ZAF,2013,Country or economy,Gas,False,3.02,1.24,69.663,1.18,0.49,0.28,1.759,0.722,69.624,0.859,582.45,Africa,Africa,False,False,True,False,False,South Africa
South Africa,ZAF,2013,Country or economy,Other fossil,False,3.66,1.73,89.637,1.43,0.682,2.42,2.408,1.138,89.606,1.176,657.923,Africa,Africa,False,False,True,False,False,South Africa
South Africa,ZAF,2013,Country or economy,Net imports,False,-4.5,0.53,-10.537,-1.758,0.193,,0.0,0.0,,0.0,0.0,Africa,Africa,False,False,True,False,False,South Africa
South Africa,ZAF,2013,Country or economy,Wind and solar,True,0.09,0.02,28.571,0.035,0.008,0.52,0.003,0.001,50.0,0.001,33.333,Africa,Africa,False,False,True,False,False,South Africa
South Africa,ZAF,2013,Country or economy,"Hydro, bioenergy and other renewables",True,1.58,0.14,9.722,0.617,0.059,0.99,0.13,0.015,13.043,0.064,82.278,Africa,Africa,False,False,True,False,False,South Africa
South Africa,ZAF,2013,Country or economy,Renewables,True,1.67,0.16,10.596,0.652,0.066,1.51,0.133,0.016,13.675,0.065,79.641,Africa,Africa,False,False,True,False,False,South Africa
South Africa,ZAF,2013,Country or economy,Clean,True,15.78,1.3,8.978,6.165,0.55,3.4499999999999997,0.206,0.022,11.957,0.101,13.054,Africa,Africa,False,False,True,False,False,South Africa
South Africa,ZAF,2013,Country or economy,Fossil,True,240.17,-3.22,-1.323,93.835,-0.55,41.81,204.475,-3.45,-1.659,99.9,851.376,Africa,Africa,False,False,True,False,False,South Africa
South Africa,ZAF,2013,Country or economy,Total generation,True,255.95,-1.92,-0.745,100.0,0.0,45.26,204.681,-3.428,-1.647,100.0,799.691,Africa,Africa,False,False,True,False,False,South Africa
South Africa,ZAF,2013,Country or economy,Demand,True,251.45,-1.39,-0.55,98.242,0.193,,,,,,,Africa,Africa,False,False,True,False,False,South Africa
South Africa,ZAF,2014,Country or economy,Solar,False,1.08,1.03,2060.0,0.424,0.404,1.16,0.051,0.049,2450.0,0.025,47.222,Africa,Africa,False,False,True,False,False,South Africa
South Africa,ZAF,2014,Country or economy,Wind,False,1.07,1.03,2575.0,0.42,0.404,0.57,0.01,0.01,,0.005,9.346,Africa,Africa,False,False,True,False,False,South Africa
South Africa,ZAF,2014,Country or economy,Hydro,False,1.8,0.7,63.636,0.707,0.277,0.73,0.043,0.017,65.385,0.021,23.889,Africa,Africa,False,False,True,False,False,South Africa
South Africa,ZAF,2014,Country or economy,Bioenergy,False,0.36,-0.12,-25.0,0.141,-0.047,0.25,0.078,-0.026,-25.0,0.039,216.667,Africa,Africa,False,False,True,False,False,South Africa
South Africa,ZAF,2014,Country or economy,Nuclear,False,13.79,-0.32,-2.268,5.413,-0.1,1.94,0.071,-0.002,-2.74,0.035,5.149,Africa,Africa,False,False,True,False,False,South Africa
South Africa,ZAF,2014,Country or economy,Coal,False,229.77,-3.72,-1.593,90.187,-1.038,39.11,197.116,-3.192,-1.594,97.741,857.884,Africa,Africa,False,False,True,False,False,South Africa
South Africa,ZAF,2014,Country or economy,Gas,False,3.14,0.12,3.974,1.232,0.052,0.28,1.829,0.07,3.98,0.907,582.484,Africa,Africa,False,False,True,False,False,South Africa
South Africa,ZAF,2014,Country or economy,Other fossil,False,3.76,0.1,2.732,1.476,0.046,2.42,2.474,0.066,2.741,1.227,657.979,Africa,Africa,False,False,True,False,False,South Africa
South Africa,ZAF,2014,Country or economy,Net imports,False,-2.66,1.84,-40.889,-1.044,0.714,,0.0,0.0,,0.0,0.0,Africa,Africa,False,False,True,False,False,South Africa
South Africa,ZAF,2014,Country or economy,Wind and solar,True,2.15,2.06,2288.889,0.844,0.809,1.73,0.062,0.059,1966.667,0.031,28.837,Africa,Africa,False,False,True,False,False,South Africa
South Africa,ZAF,2014,Country or economy,"Hydro, bioenergy and other renewables",True,2.16,0.58,36.709,0.848,0.231,0.98,0.121,-0.009,-6.923,0.06,56.019,Africa,Africa,False,False,True,False,False,South Africa
South Africa,ZAF,2014,Country or economy,Renewables,True,4.31,2.64,158.084,1.692,1.04,2.7099999999999995,0.182,0.049,36.842,0.09,42.227,Africa,Africa,False,False,True,False,False,South Africa
South Africa,ZAF,2014,Country or economy,Clean,True,18.1,2.32,14.702,7.104,0.939,4.65,0.254,0.048,23.301,0.126,14.033,Africa,Africa,False,False,True,False,False,South Africa
South Africa,ZAF,2014,Country or economy,Fossil,True,236.67,-3.5,-1.457,92.896,-0.939,41.81,201.419,-3.056,-1.495,99.874,851.054,Africa,Africa,False,False,True,False,False,South Africa
South Africa,ZAF,2014,Country or economy,Total generation,True,254.77,-1.18,-0.461,100.0,0.0,46.46,201.673,-3.008,-1.47,100.0,791.588,Africa,Africa,False,False,True,False,False,South Africa
South Africa,ZAF,2014,Country or economy,Demand,True,252.11,0.66,0.262,98.956,0.714,,,,,,,Africa,Africa,False,False,True,False,False,South Africa
South Africa,ZAF,2015,Country or economy,Solar,False,2.4,1.32,122.222,0.96,0.536,1.35,0.114,0.063,123.529,0.058,47.5,Africa,Africa,False,False,True,False,False,South Africa
South Africa,ZAF,2015,Country or economy,Wind,False,3.07,2.0,186.916,1.228,0.808,1.08,0.03,0.02,200.0,0.015,9.772,Africa,Africa,False,False,True,False,False,South Africa
South Africa,ZAF,2015,Country or economy,Hydro,False,0.73,-1.07,-59.444,0.292,-0.415,0.75,0.017,-0.026,-60.465,0.009,23.288,Africa,Africa,False,False,True,False,False,South Africa
South Africa,ZAF,2015,Country or economy,Bioenergy,False,0.32,-0.04,-11.111,0.128,-0.013,0.25,0.069,-0.009,-11.538,0.035,215.625,Africa,Africa,False,False,True,False,False,South Africa
South Africa,ZAF,2015,Country or economy,Nuclear,False,12.24,-1.55,-11.24,4.895,-0.518,1.94,0.063,-0.008,-11.268,0.032,5.147,Africa,Africa,False,False,True,False,False,South Africa
South Africa,ZAF,2015,Country or economy,Coal,False,227.3,-2.47,-1.075,90.902,0.715,39.9,194.863,-2.253,-1.143,98.524,857.294,Africa,Africa,False,False,True,False,False,South Africa
South Africa,ZAF,2015,Country or economy,Gas,False,0.0,-3.14,-100.0,0.0,-1.232,0.62,0.0,-1.829,-100.0,0.0,,Africa,Africa,False,False,True,False,False,South Africa
South Africa,ZAF,2015,Country or economy,Other fossil,False,3.99,0.23,6.117,1.596,0.12,2.42,2.625,0.151,6.103,1.327,657.895,Africa,Africa,False,False,True,False,False,South Africa
South Africa,ZAF,2015,Country or economy,Net imports,False,-1.55,1.11,-41.729,-0.62,0.424,,0.0,0.0,,0.0,0.0,Africa,Africa,False,False,True,False,False,South Africa
South Africa,ZAF,2015,Country or economy,Wind and solar,True,5.47,3.32,154.419,2.188,1.344,2.43,0.144,0.082,132.258,0.073,26.325,Africa,Africa,False,False,True,False,False,South Africa
South Africa,ZAF,2015,Country or economy,"Hydro, bioenergy and other renewables",True,1.05,-1.11,-51.389,0.42,-0.428,1.0,0.087,-0.034,-28.099,0.044,82.857,Africa,Africa,False,False,True,False,False,South Africa
South Africa,ZAF,2015,Country or economy,Renewables,True,6.52,2.21,51.276,2.607,0.915,3.43,0.23,0.048,26.374,0.116,35.276,Africa,Africa,False,False,True,False,False,South Africa
South Africa,ZAF,2015,Country or economy,Clean,True,18.76,0.66,3.646,7.502,0.398,5.37,0.293,0.039,15.354,0.148,15.618,Africa,Africa,False,False,True,False,False,South Africa
South Africa,ZAF,2015,Country or economy,Fossil,True,231.29,-5.38,-2.273,92.498,-0.398,42.94,197.488,-3.931,-1.952,99.851,853.854,Africa,Africa,False,False,True,False,False,South Africa
South Africa,ZAF,2015,Country or economy,Total generation,True,250.05,-4.72,-1.853,100.0,0.0,48.31,197.782,-3.891,-1.929,100.0,790.97,Africa,Africa,False,False,True,False,False,South Africa
South Africa,ZAF,2015,Country or economy,Demand,True,248.5,-3.61,-1.432,99.38,0.424,,,,,,,Africa,Africa,False,False,True,False,False,South Africa
South Africa,ZAF,2016,Country or economy,Solar,False,3.01,0.61,25.417,1.191,0.231,1.9,0.143,0.029,25.439,0.073,47.508,Africa,Africa,False,False,True,False,False,South Africa
South Africa,ZAF,2016,Country or economy,Wind,False,4.21,1.14,37.134,1.665,0.437,1.47,0.041,0.011,36.667,0.021,9.739,Africa,Africa,False,False,True,False,False,South Africa
South Africa,ZAF,2016,Country or economy,Hydro,False,0.62,-0.11,-15.068,0.245,-0.047,0.75,0.015,-0.002,-11.765,0.008,24.194,Africa,Africa,False,False,True,False,False,South Africa
South Africa,ZAF,2016,Country or economy,Bioenergy,False,0.33,0.01,3.125,0.131,0.003,0.26,0.071,0.002,2.899,0.036,215.152,Africa,Africa,False,False,True,False,False,South Africa
South Africa,ZAF,2016,Country or economy,Nuclear,False,15.03,2.79,22.794,5.945,1.05,1.94,0.078,0.015,23.81,0.04,5.19,Africa,Africa,False,False,True,False,False,South Africa
South Africa,ZAF,2016,Country or economy,Coal,False,229.58,2.28,1.003,90.811,-0.091,39.9,196.684,1.821,0.935,99.813,856.712,Africa,Africa,False,False,True,False,False,South Africa
South Africa,ZAF,2016,Country or economy,Gas,False,0.0,0.0,,0.0,0.0,1.29,0.0,0.0,,0.0,,Africa,Africa,False,False,True,False,False,South Africa
South Africa,ZAF,2016,Country or economy,Other fossil,False,0.03,-3.96,-99.248,0.012,-1.584,2.42,0.02,-2.605,-99.238,0.01,666.667,Africa,Africa,False,False,True,False,False,South Africa
South Africa,ZAF,2016,Country or economy,Net imports,False,-5.99,-4.44,286.452,-2.369,-1.749,,0.0,0.0,,0.0,0.0,Africa,Africa,False,False,True,False,False,South Africa
South Africa,ZAF,2016,Country or economy,Wind and solar,True,7.22,1.75,31.993,2.856,0.668,3.37,0.184,0.04,27.778,0.093,25.485,Africa,Africa,False,False,True,False,False,South Africa
South Africa,ZAF,2016,Country or economy,"Hydro, bioenergy and other renewables",True,0.95,-0.1,-9.524,0.376,-0.044,1.01,0.086,-0.001,-1.149,0.044,90.526,Africa,Africa,False,False,True,False,False,South Africa
South Africa,ZAF,2016,Country or economy,Renewables,True,8.17,1.65,25.307,3.232,0.625,4.38,0.27,0.04,17.391,0.137,33.048,Africa,Africa,False,False,True,False,False,South Africa
South Africa,ZAF,2016,Country or economy,Clean,True,23.2,4.44,23.667,9.177,1.675,6.319999999999999,0.347,0.054,18.43,0.176,14.957,Africa,Africa,False,False,True,False,False,South Africa
South Africa,ZAF,2016,Country or economy,Fossil,True,229.61,-1.68,-0.726,90.823,-1.675,43.61,196.704,-0.784,-0.397,99.824,856.687,Africa,Africa,False,False,True,False,False,South Africa
South Africa,ZAF,2016,Country or economy,Total generation,True,252.81,2.76,1.104,100.0,0.0,49.92999999999999,197.052,-0.73,-0.369,100.0,779.447,Africa,Africa,False,False,True,False,False,South Africa
South Africa,ZAF,2016,Country or economy,Demand,True,246.82,-1.68,-0.676,97.631,-1.749,,,,,,,Africa,Africa,False,False,True,False,False,South Africa
South Africa,ZAF,2017,Country or economy,Solar,False,3.94,0.93,30.897,1.544,0.353,2.21,0.187,0.044,30.769,0.095,47.462,Africa,Africa,False,False,True,False,False,South Africa
South Africa,ZAF,2017,Country or economy,Wind,False,7.02,2.81,66.746,2.751,1.086,2.09,0.068,0.027,65.854,0.035,9.687,Africa,Africa,False,False,True,False,False,South Africa
South Africa,ZAF,2017,Country or economy,Hydro,False,0.78,0.16,25.806,0.306,0.061,0.75,0.019,0.004,26.667,0.01,24.359,Africa,Africa,False,False,True,False,False,South Africa
South Africa,ZAF,2017,Country or economy,Bioenergy,False,0.39,0.06,18.182,0.153,0.022,0.26,0.084,0.013,18.31,0.043,215.385,Africa,Africa,False,False,True,False,False,South Africa
South Africa,ZAF,2017,Country or economy,Nuclear,False,14.19,-0.84,-5.589,5.562,-0.383,1.94,0.073,-0.005,-6.41,0.037,5.144,Africa,Africa,False,False,True,False,False,South Africa
South Africa,ZAF,2017,Country or economy,Coal,False,228.7,-0.88,-0.383,89.637,-1.174,41.49,195.673,-1.011,-0.514,99.74,855.588,Africa,Africa,False,False,True,False,False,South Africa
South Africa,ZAF,2017,Country or economy,Gas,False,0.0,0.0,,0.0,0.0,1.29,0.0,0.0,,0.0,,Africa,Africa,False,False,True,False,False,South Africa
South Africa,ZAF,2017,Country or economy,Other fossil,False,0.12,0.09,300.0,0.047,0.035,2.42,0.079,0.059,295.0,0.04,658.333,Africa,Africa,False,False,True,False,False,South Africa
South Africa,ZAF,2017,Country or economy,Net imports,False,-6.63,-0.64,10.684,-2.599,-0.23,,0.0,0.0,,0.0,0.0,Africa,Africa,False,False,True,False,False,South Africa
South Africa,ZAF,2017,Country or economy,Wind and solar,True,10.96,3.74,51.801,4.296,1.44,4.3,0.255,0.071,38.587,0.13,23.266,Africa,Africa,False,False,True,False,False,South Africa
South Africa,ZAF,2017,Country or economy,"Hydro, bioenergy and other renewables",True,1.17,0.22,23.158,0.459,0.083,1.01,0.103,0.017,19.767,0.053,88.034,Africa,Africa,False,False,True,False,False,South Africa
South Africa,ZAF,2017,Country or economy,Renewables,True,12.13,3.96,48.47,4.754,1.522,5.31,0.358,0.088,32.593,0.182,29.514,Africa,Africa,False,False,True,False,False,South Africa
South Africa,ZAF,2017,Country or economy,Clean,True,26.32,3.12,13.448,10.316,1.139,7.25,0.431,0.084,24.207,0.22,16.375,Africa,Africa,False,False,True,False,False,South Africa
South Africa,ZAF,2017,Country or economy,Fossil,True,228.82,-0.79,-0.344,89.684,-1.139,45.2,195.752,-0.952,-0.484,99.78,855.485,Africa,Africa,False,False,True,False,False,South Africa
South Africa,ZAF,2017,Country or economy,Total generation,True,255.14,2.33,0.922,100.0,0.0,52.45,196.183,-0.869,-0.441,100.0,768.923,Africa,Africa,False,False,True,False,False,South Africa
South Africa,ZAF,2017,Country or economy,Demand,True,248.51,1.69,0.685,97.401,-0.23,,,,,,,Africa,Africa,False,False,True,False,False,South Africa
South Africa,ZAF,2018,Country or economy,Solar,False,4.54,0.6,15.228,1.771,0.227,2.51,0.216,0.029,15.508,0.109,47.577,Africa,Africa,False,False,True,False,False,South Africa
South Africa,ZAF,2018,Country or economy,Wind,False,6.41,-0.61,-8.689,2.501,-0.25,2.09,0.062,-0.006,-8.824,0.031,9.672,Africa,Africa,False,False,True,False,False,South Africa
South Africa,ZAF,2018,Country or economy,Hydro,False,1.1,0.32,41.026,0.429,0.123,0.75,0.026,0.007,36.842,0.013,23.636,Africa,Africa,False,False,True,False,False,South Africa
South Africa,ZAF,2018,Country or economy,Bioenergy,False,0.43,0.04,10.256,0.168,0.015,0.26,0.093,0.009,10.714,0.047,216.279,Africa,Africa,False,False,True,False,False,South Africa
South Africa,ZAF,2018,Country or economy,Nuclear,False,11.58,-2.61,-18.393,4.518,-1.044,1.94,0.06,-0.013,-17.808,0.03,5.181,Africa,Africa,False,False,True,False,False,South Africa
South Africa,ZAF,2018,Country or economy,Coal,False,231.01,2.31,1.01,90.133,0.496,42.29,197.277,1.604,0.82,99.363,853.976,Africa,Africa,False,False,True,False,False,South Africa
South Africa,ZAF,2018,Country or economy,Gas,False,0.0,0.0,,0.0,0.0,1.29,0.0,0.0,,0.0,,Africa,Africa,False,False,True,False,False,South Africa
South Africa,ZAF,2018,Country or economy,Other fossil,False,1.23,1.11,925.0,0.48,0.433,2.42,0.809,0.73,924.051,0.407,657.724,Africa,Africa,False,False,True,False,False,South Africa
South Africa,ZAF,2018,Country or economy,Net imports,False,-4.7,1.93,-29.11,-1.834,0.765,,0.0,0.0,,0.0,0.0,Africa,Africa,False,False,True,False,False,South Africa
South Africa,ZAF,2018,Country or economy,Wind and solar,True,10.95,-0.01,-0.091,4.272,-0.024,4.6,0.277,0.022,8.627,0.14,25.297,Africa,Africa,False,False,True,False,False,South Africa
South Africa,ZAF,2018,Country or economy,"Hydro, bioenergy and other renewables",True,1.53,0.36,30.769,0.597,0.138,1.01,0.119,0.016,15.534,0.06,77.778,Africa,Africa,False,False,True,False,False,South Africa
South Africa,ZAF,2018,Country or economy,Renewables,True,12.48,0.35,2.885,4.869,0.115,5.609999999999999,0.397,0.039,10.894,0.2,31.811,Africa,Africa,False,False,True,False,False,South Africa
South Africa,ZAF,2018,Country or economy,Clean,True,24.06,-2.26,-8.587,9.387,-0.929,7.55,0.456,0.025,5.8,0.23,18.953,Africa,Africa,False,False,True,False,False,South Africa
South Africa,ZAF,2018,Country or economy,Fossil,True,232.24,3.42,1.495,90.613,0.929,46.0,198.086,2.334,1.192,99.77,852.937,Africa,Africa,False,False,True,False,False,South Africa
South Africa,ZAF,2018,Country or economy,Total generation,True,256.3,1.16,0.455,100.0,0.0,53.55,198.543,2.36,1.203,100.0,774.651,Africa,Africa,False,False,True,False,False,South Africa
South Africa,ZAF,2018,Country or economy,Demand,True,251.6,3.09,1.243,98.166,0.765,,,,,,,Africa,Africa,False,False,True,False,False,South Africa
South Africa,ZAF,2019,Country or economy,Solar,False,5.4,0.86,18.943,2.134,0.363,2.81,0.257,0.041,18.981,0.133,47.593,Africa,Africa,False,False,True,False,False,South Africa
South Africa,ZAF,2019,Country or economy,Wind,False,6.63,0.22,3.432,2.62,0.119,2.09,0.064,0.002,3.226,0.033,9.653,Africa,Africa,False,False,True,False,False,South Africa
South Africa,ZAF,2019,Country or economy,Hydro,False,0.74,-0.36,-32.727,0.292,-0.137,0.75,0.018,-0.008,-30.769,0.009,24.324,Africa,Africa,False,False,True,False,False,South Africa
South Africa,ZAF,2019,Country or economy,Bioenergy,False,0.43,0.0,0.0,0.17,0.002,0.26,0.093,0.0,0.0,0.048,216.279,Africa,Africa,False,False,True,False,False,South Africa
South Africa,ZAF,2019,Country or economy,Nuclear,False,13.25,1.67,14.421,5.236,0.718,1.94,0.069,0.009,15.0,0.036,5.208,Africa,Africa,False,False,True,False,False,South Africa
South Africa,ZAF,2019,Country or economy,Coal,False,225.26,-5.75,-2.489,89.011,-1.122,43.88,192.023,-5.254,-2.663,99.279,852.451,Africa,Africa,False,False,True,False,False,South Africa
South Africa,ZAF,2019,Country or economy,Gas,False,0.0,0.0,,0.0,0.0,1.29,0.0,0.0,,0.0,,Africa,Africa,False,False,True,False,False,South Africa
South Africa,ZAF,2019,Country or economy,Other fossil,False,1.36,0.13,10.569,0.537,0.057,2.42,0.895,0.086,10.63,0.463,658.088,Africa,Africa,False,False,True,False,False,South Africa
South Africa,ZAF,2019,Country or economy,Net imports,False,-5.17,-0.47,10.0,-2.043,-0.209,,0.0,0.0,,0.0,0.0,Africa,Africa,False,False,True,False,False,South Africa
South Africa,ZAF,2019,Country or economy,Wind and solar,True,12.03,1.08,9.863,4.754,0.482,4.9,0.32,0.043,15.523,0.165,26.6,Africa,Africa,False,False,True,False,False,South Africa
South Africa,ZAF,2019,Country or economy,"Hydro, bioenergy and other renewables",True,1.17,-0.36,-23.529,0.462,-0.135,1.01,0.111,-0.008,-6.723,0.057,94.872,Africa,Africa,False,False,True,False,False,South Africa
South Africa,ZAF,2019,Country or economy,Renewables,True,13.2,0.72,5.769,5.216,0.347,5.91,0.431,0.034,8.564,0.223,32.652,Africa,Africa,False,False,True,False,False,South Africa
South Africa,ZAF,2019,Country or economy,Clean,True,26.45,2.39,9.933,10.452,1.065,7.85,0.5,0.044,9.649,0.259,18.904,Africa,Africa,False,False,True,False,False,South Africa
South Africa,ZAF,2019,Country or economy,Fossil,True,226.62,-5.62,-2.42,89.548,-1.065,47.59,192.918,-5.168,-2.609,99.742,851.284,Africa,Africa,False,False,True,False,False,South Africa
South Africa,ZAF,2019,Country or economy,Total generation,True,253.07,-3.23,-1.26,100.0,0.0,55.44,193.418,-5.125,-2.581,100.0,764.287,Africa,Africa,False,False,True,False,False,South Africa
South Africa,ZAF,2019,Country or economy,Demand,True,247.9,-3.7,-1.471,97.957,-0.209,,,,,,,Africa,Africa,False,False,True,False,False,South Africa
South Africa,ZAF,2020,Country or economy,Solar,False,6.98,1.58,29.259,2.899,0.765,3.71,0.332,0.075,29.183,0.181,47.564,Africa,Africa,False,False,True,False,False,South Africa
South Africa,ZAF,2020,Country or economy,Wind,False,6.41,-0.22,-3.318,2.663,0.043,2.52,0.062,-0.002,-3.125,0.034,9.672,Africa,Africa,False,False,True,False,False,South Africa
South Africa,ZAF,2020,Country or economy,Hydro,False,1.47,0.73,98.649,0.611,0.319,0.75,0.035,0.017,94.444,0.019,23.81,Africa,Africa,False,False,True,False,False,South Africa
South Africa,ZAF,2020,Country or economy,Bioenergy,False,0.41,-0.02,-4.651,0.17,0.0,0.26,0.089,-0.004,-4.301,0.048,217.073,Africa,Africa,False,False,True,False,False,South Africa
South Africa,ZAF,2020,Country or economy,Nuclear,False,9.9,-3.35,-25.283,4.112,-1.124,1.94,0.051,-0.018,-26.087,0.028,5.152,Africa,Africa,False,False,True,False,False,South Africa
South Africa,ZAF,2020,Country or economy,Coal,False,214.08,-11.18,-4.963,88.926,-0.085,44.68,182.184,-9.839,-5.124,99.157,851.009,Africa,Africa,False,False,True,False,False,South Africa
South Africa,ZAF,2020,Country or economy,Gas,False,0.0,0.0,,0.0,0.0,1.29,0.0,0.0,,0.0,,Africa,Africa,False,False,True,False,False,South Africa
South Africa,ZAF,2020,Country or economy,Other fossil,False,1.49,0.13,9.559,0.619,0.082,2.42,0.98,0.085,9.497,0.533,657.718,Africa,Africa,False,False,True,False,False,South Africa
South Africa,ZAF,2020,Country or economy,Net imports,False,-3.82,1.35,-26.112,-1.587,0.456,,0.0,0.0,,0.0,0.0,Africa,Africa,False,False,True,False,False,South Africa
South Africa,ZAF,2020,Country or economy,Wind and solar,True,13.39,1.36,11.305,5.562,0.808,6.23,0.393,0.073,22.813,0.214,29.35,Africa,Africa,False,False,True,False,False,South Africa
South Africa,ZAF,2020,Country or economy,"Hydro, bioenergy and other renewables",True,1.88,0.71,60.684,0.781,0.319,1.01,0.124,0.013,11.712,0.067,65.957,Africa,Africa,False,False,True,False,False,South Africa
South Africa,ZAF,2020,Country or economy,Renewables,True,15.27,2.07,15.682,6.343,1.127,7.24,0.517,0.086,19.954,0.281,33.857,Africa,Africa,False,False,True,False,False,South Africa
South Africa,ZAF,2020,Country or economy,Clean,True,25.17,-1.28,-4.839,10.455,0.003,9.18,0.568,0.068,13.6,0.309,22.567,Africa,Africa,False,False,True,False,False,South Africa
South Africa,ZAF,2020,Country or economy,Fossil,True,215.57,-11.05,-4.876,89.545,-0.003,48.39,183.165,-9.753,-5.056,99.691,849.678,Africa,Africa,False,False,True,False,False,South Africa
South Africa,ZAF,2020,Country or economy,Total generation,True,240.74,-12.33,-4.872,100.0,0.0,57.57,183.733,-9.685,-5.007,100.0,763.201,Africa,Africa,False,False,True,False,False,South Africa
South Africa,ZAF,2020,Country or economy,Demand,True,236.92,-10.98,-4.429,98.413,0.456,,,,,,,Africa,Africa,False,False,True,False,False,South Africa
South Africa,ZAF,2021,Country or economy,Solar,False,7.84,0.86,12.321,3.194,0.295,4.21,0.373,0.041,12.349,0.205,47.577,Africa,Africa,False,False,True,False,False,South Africa
South Africa,ZAF,2021,Country or economy,Wind,False,8.65,2.24,34.945,3.524,0.861,2.49,0.083,0.021,33.871,0.046,9.595,Africa,Africa,False,False,True,False,False,South Africa
South Africa,ZAF,2021,Country or economy,Hydro,False,2.02,0.55,37.415,0.823,0.212,0.75,0.048,0.013,37.143,0.026,23.762,Africa,Africa,False,False,True,False,False,South Africa
South Africa,ZAF,2021,Country or economy,Bioenergy,False,0.41,0.0,0.0,0.167,-0.003,0.26,0.089,0.0,0.0,0.049,217.073,Africa,Africa,False,False,True,False,False,South Africa
South Africa,ZAF,2021,Country or economy,Nuclear,False,12.35,2.45,24.747,5.031,0.919,1.93,0.064,0.013,25.49,0.035,5.182,Africa,Africa,False,False,True,False,False,South Africa
South Africa,ZAF,2021,Country or economy,Coal,False,210.92,-3.16,-1.476,85.928,-2.998,46.27,179.206,-2.978,-1.635,98.457,849.64,Africa,Africa,False,False,True,False,False,South Africa
South Africa,ZAF,2021,Country or economy,Gas,False,0.0,0.0,,0.0,0.0,1.29,0.0,0.0,,0.0,,Africa,Africa,False,False,True,False,False,South Africa
South Africa,ZAF,2021,Country or economy,Other fossil,False,3.27,1.78,119.463,1.332,0.713,2.42,2.152,1.172,119.592,1.182,658.104,Africa,Africa,False,False,True,False,False,South Africa
South Africa,ZAF,2021,Country or economy,Net imports,False,-3.57,0.25,-6.545,-1.454,0.133,,0.0,0.0,,0.0,0.0,Africa,Africa,False,False,True,False,False,South Africa
South Africa,ZAF,2021,Country or economy,Wind and solar,True,16.49,3.1,23.152,6.718,1.156,6.7,0.456,0.063,16.031,0.251,27.653,Africa,Africa,False,False,True,False,False,South Africa
South Africa,ZAF,2021,Country or economy,"Hydro, bioenergy and other renewables",True,2.43,0.55,29.255,0.99,0.209,1.01,0.137,0.013,10.484,0.075,56.379,Africa,Africa,False,False,True,False,False,South Africa
South Africa,ZAF,2021,Country or economy,Renewables,True,18.92,3.65,23.903,7.708,1.365,7.71,0.593,0.076,14.7,0.326,31.342,Africa,Africa,False,False,True,False,False,South Africa
South Africa,ZAF,2021,Country or economy,Clean,True,31.27,6.1,24.235,12.739,2.284,9.64,0.656,0.088,15.493,0.36,20.979,Africa,Africa,False,False,True,False,False,South Africa
South Africa,ZAF,2021,Country or economy,Fossil,True,214.19,-1.38,-0.64,87.261,-2.284,49.98,181.358,-1.807,-0.987,99.639,846.716,Africa,Africa,False,False,True,False,False,South Africa
South Africa,ZAF,2021,Country or economy,Total generation,True,245.46,4.72,1.961,100.0,0.0,59.620000000000005,182.015,-1.718,-0.935,100.0,741.526,Africa,Africa,False,False,True,False,False,South Africa
South Africa,ZAF,2021,Country or economy,Demand,True,241.89,4.97,2.098,98.546,0.133,,,,,,,Africa,Africa,False,False,True,False,False,South Africa
South Africa,ZAF,2022,Country or economy,Solar,False,10.46,2.62,33.418,4.373,1.179,5.71,0.497,0.124,33.244,0.285,47.514,Africa,Africa,False,False,True,False,False,South Africa
South Africa,ZAF,2022,Country or economy,Wind,False,9.7,1.05,12.139,4.056,0.532,3.16,0.093,0.01,12.048,0.053,9.588,Africa,Africa,False,False,True,False,False,South Africa
South Africa,ZAF,2022,Country or economy,Hydro,False,3.1,1.08,53.465,1.296,0.473,0.75,0.074,0.026,54.167,0.042,23.871,Africa,Africa,False,False,True,False,False,South Africa
South Africa,ZAF,2022,Country or economy,Bioenergy,False,0.36,-0.05,-12.195,0.151,-0.016,0.26,0.078,-0.011,-12.36,0.045,216.667,Africa,Africa,False,False,True,False,False,South Africa
South Africa,ZAF,2022,Country or economy,Nuclear,False,10.1,-2.25,-18.219,4.223,-0.808,1.94,0.052,-0.012,-18.75,0.03,5.149,Africa,Africa,False,False,True,False,False,South Africa
South Africa,ZAF,2022,Country or economy,Coal,False,201.77,-9.15,-4.338,84.363,-1.565,45.89,171.146,-8.06,-4.498,98.156,848.223,Africa,Africa,False,False,True,False,False,South Africa
South Africa,ZAF,2022,Country or economy,Gas,False,0.0,0.0,,0.0,0.0,1.29,0.0,0.0,,0.0,,Africa,Africa,False,False,True,False,False,South Africa
South Africa,ZAF,2022,Country or economy,Other fossil,False,3.68,0.41,12.538,1.539,0.207,2.42,2.421,0.269,12.5,1.388,657.88,Africa,Africa,False,False,True,False,False,South Africa
South Africa,ZAF,2022,Country or economy,Net imports,False,-1.51,2.06,-57.703,-0.631,0.823,,0.0,0.0,,0.0,0.0,Africa,Africa,False,False,True,False,False,South Africa
South Africa,ZAF,2022,Country or economy,Wind and solar,True,20.16,3.67,22.256,8.429,1.711,8.870000000000001,0.59,0.134,29.386,0.338,29.266,Africa,Africa,False,False,True,False,False,South Africa
South Africa,ZAF,2022,Country or economy,"Hydro, bioenergy and other renewables",True,3.46,1.03,42.387,1.447,0.457,1.01,0.151,0.014,10.219,0.087,43.642,Africa,Africa,False,False,True,False,False,South Africa
South Africa,ZAF,2022,Country or economy,Renewables,True,23.62,4.7,24.841,9.876,2.168,9.88,0.742,0.149,25.126,0.426,31.414,Africa,Africa,False,False,True,False,False,South Africa
South Africa,ZAF,2022,Country or economy,Clean,True,33.72,2.45,7.835,14.099,1.36,11.82,0.794,0.138,21.037,0.455,23.547,Africa,Africa,False,False,True,False,False,South Africa
South Africa,ZAF,2022,Country or economy,Fossil,True,205.45,-8.74,-4.08,85.901,-1.36,49.6,173.567,-7.791,-4.296,99.544,844.814,Africa,Africa,False,False,True,False,False,South Africa
South Africa,ZAF,2022,Country or economy,Total generation,True,239.17,-6.29,-2.563,100.0,0.0,61.42,174.362,-7.653,-4.205,100.0,729.03,Africa,Africa,False,False,True,False,False,South Africa
South Africa,ZAF,2022,Country or economy,Demand,True,237.66,-4.23,-1.749,99.369,0.823,,,,,,,Africa,Africa,False,False,True,False,False,South Africa
South Africa,ZAF,2023,Country or economy,Solar,False,14.81,4.35,41.587,6.358,1.985,8.01,0.704,0.207,41.65,0.423,47.535,Africa,Africa,False,False,True,False,False,South Africa
South Africa,ZAF,2023,Country or economy,Wind,False,11.6,1.9,19.588,4.98,0.924,3.44,0.112,0.019,20.43,0.067,9.655,Africa,Africa,False,False,True,False,False,South Africa
South Africa,ZAF,2023,Country or economy,Hydro,False,2.0,-1.1,-35.484,0.859,-0.437,0.75,0.048,-0.026,-35.135,0.029,24.0,Africa,Africa,False,False,True,False,False,South Africa
South Africa,ZAF,2023,Country or economy,Bioenergy,False,0.47,0.11,30.556,0.202,0.051,0.26,0.102,0.024,30.769,0.061,217.021,Africa,Africa,False,False,True,False,False,South Africa
South Africa,ZAF,2023,Country or economy,Nuclear,False,8.1,-2.0,-19.802,3.477,-0.746,1.93,0.042,-0.01,-19.231,0.025,5.185,Africa,Africa,False,False,True,False,False,South Africa
South Africa,ZAF,2023,Country or economy,Coal,False,192.29,-9.48,-4.698,82.546,-1.817,45.89,162.999,-8.147,-4.76,97.94,847.673,Africa,Africa,False,False,True,False,False,South Africa
South Africa,ZAF,2023,Country or economy,Gas,False,0.0,0.0,,0.0,0.0,1.29,0.0,0.0,,0.0,,Africa,Africa,False,False,True,False,False,South Africa
South Africa,ZAF,2023,Country or economy,Other fossil,False,3.68,0.0,0.0,1.58,0.041,2.42,2.421,0.0,0.0,1.455,657.88,Africa,Africa,False,False,True,False,False,South Africa
South Africa,ZAF,2023,Country or economy,Net imports,False,-0.55,0.96,-63.576,-0.236,0.395,,0.0,0.0,,0.0,0.0,Africa,Africa,False,False,True,False,False,South Africa
South Africa,ZAF,2023,Country or economy,Wind and solar,True,26.41,6.25,31.002,11.337,2.908,11.45,0.816,0.226,38.305,0.49,30.897,Africa,Africa,False,False,True,False,False,South Africa
South Africa,ZAF,2023,Country or economy,"Hydro, bioenergy and other renewables",True,2.47,-0.99,-28.613,1.06,-0.387,1.01,0.149,-0.002,-1.325,0.09,60.324,Africa,Africa,False,False,True,False,False,South Africa
South Africa,ZAF,2023,Country or economy,Renewables,True,28.88,5.26,22.269,12.398,2.522,12.46,0.965,0.223,30.054,0.58,33.414,Africa,Africa,False,False,True,False,False,South Africa
South Africa,ZAF,2023,Country or economy,Clean,True,36.98,3.26,9.668,15.875,1.776,14.39,1.007,0.213,26.826,0.605,27.231,Africa,Africa,False,False,True,False,False,South Africa
South Africa,ZAF,2023,Country or economy,Fossil,True,195.97,-9.48,-4.614,84.125,-1.776,49.6,165.42,-8.147,-4.694,99.395,844.109,Africa,Africa,False,False,True,False,False,South Africa
South Africa,ZAF,2023,Country or economy,Total generation,True,232.95,-6.22,-2.601,100.0,0.0,63.99,166.427,-7.935,-4.551,100.0,714.432,Africa,Africa,False,False,True,False,False,South Africa
South Africa,ZAF,2023,Country or economy,Demand,True,232.4,-5.26,-2.213,99.764,0.395,,,,,,,Africa,Africa,False,False,True,False,False,South Africa
South Africa,ZAF,2024,Country or economy,Solar,False,18.3,3.49,23.565,7.393,1.035,9.06,0.87,0.166,23.58,0.49,47.541,Africa,Africa,False,False,True,False,False,South Africa
South Africa,ZAF,2024,Country or economy,Wind,False,11.1,-0.5,-4.31,4.484,-0.496,3.44,0.107,-0.005,-4.464,0.06,9.64,Africa,Africa,False,False,True,False,False,South Africa
South Africa,ZAF,2024,Country or economy,Hydro,False,1.1,-0.9,-45.0,0.444,-0.415,0.75,0.026,-0.022,-45.833,0.015,23.636,Africa,Africa,False,False,True,False,False,South Africa
South Africa,ZAF,2024,Country or economy,Bioenergy,False,0.47,0.0,0.0,0.19,-0.012,0.26,0.102,0.0,0.0,0.057,217.021,Africa,Africa,False,False,True,False,False,South Africa
South Africa,ZAF,2024,Country or economy,Nuclear,False,7.8,-0.3,-3.704,3.151,-0.326,1.93,0.04,-0.002,-4.762,0.023,5.128,Africa,Africa,False,False,True,False,False,South Africa
South Africa,ZAF,2024,Country or economy,Coal,False,206.81,14.52,7.551,83.553,1.007,46.69,175.22,12.221,7.498,98.637,847.251,Africa,Africa,False,False,True,False,False,South Africa
South Africa,ZAF,2024,Country or economy,Gas,False,0.0,0.0,,0.0,0.0,1.29,0.0,0.0,,0.0,,Africa,Africa,False,False,True,False,False,South Africa
South Africa,ZAF,2024,Country or economy,Other fossil,False,1.94,-1.74,-47.283,0.784,-0.796,2.42,1.277,-1.144,-47.253,0.719,658.247,Africa,Africa,False,False,True,False,False,South Africa
South Africa,ZAF,2024,Country or economy,Net imports,False,-1.3,-0.75,136.364,-0.525,-0.289,,0.0,0.0,,0.0,0.0,Africa,Africa,False,False,True,False,False,South Africa
South Africa,ZAF,2024,Country or economy,Wind and solar,True,29.4,2.99,11.321,11.878,0.541,12.5,0.977,0.161,19.73,0.55,33.231,Africa,Africa,False,False,True,False,False,South Africa
South Africa,ZAF,2024,Country or economy,"Hydro, bioenergy and other renewables",True,1.57,-0.9,-36.437,0.634,-0.426,1.01,0.128,-0.021,-14.094,0.072,81.529,Africa,Africa,False,False,True,False,False,South Africa
South Africa,ZAF,2024,Country or economy,Renewables,True,30.97,2.09,7.237,12.512,0.114,13.51,1.104,0.139,14.404,0.621,35.647,Africa,Africa,False,False,True,False,False,South Africa
South Africa,ZAF,2024,Country or economy,Clean,True,38.77,1.79,4.84,15.663,-0.212,15.44,1.145,0.138,13.704,0.645,29.533,Africa,Africa,False,False,True,False,False,South Africa
South Africa,ZAF,2024,Country or economy,Fossil,True,208.75,12.78,6.521,84.337,0.212,50.4,176.497,11.077,6.696,99.356,845.495,Africa,Africa,False,False,True,False,False,South Africa
South Africa,ZAF,2024,Country or economy,Total generation,True,247.52,14.57,6.255,100.0,0.0,65.84,177.641,11.214,6.738,100.0,717.683,Africa,Africa,False,False,True,False,False,South Africa
South Africa,ZAF,2024,Country or economy,Demand,True,246.22,13.82,5.947,99.475,-0.289,,,,,,,Africa,Africa,False,False,True,False,False,South Africa
South Africa,ZAF,2025,Country or economy,Solar,False,19.48,1.18,6.448,8.024,0.631,11.26,0.926,0.056,6.437,0.546,47.536,Africa,Africa,False,False,True,False,False,South Africa
South Africa,ZAF,2025,Country or economy,Wind,False,11.32,0.22,1.982,4.663,0.179,4.33,0.109,0.002,1.869,0.064,9.629,Africa,Africa,False,False,True,False,False,South Africa
South Africa,ZAF,2025,Country or economy,Hydro,False,1.83,0.73,66.364,0.754,0.31,0.75,0.043,0.017,65.385,0.025,23.497,Africa,Africa,False,False,True,False,False,South Africa
South Africa,ZAF,2025,Country or economy,Bioenergy,False,0.47,0.0,0.0,0.194,0.004,0.26,0.102,0.0,0.0,0.06,217.021,Africa,Africa,False,False,True,False,False,South Africa
South Africa,ZAF,2025,Country or economy,Nuclear,False,10.21,2.41,30.897,4.206,1.055,1.93,0.053,0.013,32.5,0.031,5.191,Africa,Africa,False,False,True,False,False,South Africa
South Africa,ZAF,2025,Country or economy,Coal,False,197.5,-9.31,-4.502,81.356,-2.197,47.49,167.171,-8.049,-4.594,98.518,846.435,Africa,Africa,False,False,True,False,False,South Africa
South Africa,ZAF,2025,Country or economy,Gas,False,0.0,0.0,,0.0,0.0,1.29,0.0,0.0,,0.0,,Africa,Africa,False,False,True,False,False,South Africa
South Africa,ZAF,2025,Country or economy,Other fossil,False,1.95,0.01,0.515,0.803,0.019,2.42,1.283,0.006,0.47,0.756,657.949,Africa,Africa,False,False,True,False,False,South Africa
South Africa,ZAF,2025,Country or economy,Net imports,False,-5.92,-4.62,355.385,-2.439,-1.914,,0.0,0.0,,0.0,0.0,Africa,Africa,False,False,True,False,False,South Africa
South Africa,ZAF,2025,Country or economy,Wind and solar,True,30.8,1.4,4.762,12.687,0.809,15.59,1.035,0.058,5.937,0.61,33.604,Africa,Africa,False,False,True,False,False,South Africa
South Africa,ZAF,2025,Country or economy,"Hydro, bioenergy and other renewables",True,2.3,0.73,46.497,0.947,0.313,1.01,0.145,0.017,13.281,0.085,63.043,Africa,Africa,False,False,True,False,False,South Africa
South Africa,ZAF,2025,Country or economy,Renewables,True,33.1,2.13,6.878,13.635,1.123,16.6,1.18,0.076,6.884,0.695,35.65,Africa,Africa,False,False,True,False,False,South Africa
South Africa,ZAF,2025,Country or economy,Clean,True,43.31,4.54,11.71,17.841,2.178,18.53,1.233,0.088,7.686,0.727,28.469,Africa,Africa,False,False,True,False,False,South Africa
South Africa,ZAF,2025,Country or economy,Fossil,True,199.45,-9.3,-4.455,82.159,-2.178,51.2,168.454,-8.043,-4.557,99.274,844.593,Africa,Africa,False,False,True,False,False,South Africa
South Africa,ZAF,2025,Country or economy,Total generation,True,242.76,-4.76,-1.923,100.0,0.0,69.73,169.686,-7.955,-4.478,100.0,698.987,Africa,Africa,False,False,True,False,False,South Africa
South Africa,ZAF,2025,Country or economy,Demand,True,236.84,-9.38,-3.81,97.561,-1.914,,,,,,,Africa,Africa,False,False,True,False,False,South Africa
Tanzania (the United Republic of),TZA,2000,Country or economy,Solar,False,0.0,,,0.0,,0.0,0.0,,,0.0,,Africa,Africa,False,False,False,False,False,Tanzania
Tanzania (the United Republic of),TZA,2000,Country or economy,Wind,False,0.0,,,0.0,,0.0,0.0,,,0.0,,Africa,Africa,False,False,False,False,False,Tanzania
Tanzania (the United Republic of),TZA,2000,Country or economy,Hydro,False,2.13,,,85.2,,0.58,0.051,,,17.058,23.944,Africa,Africa,False,False,False,False,False,Tanzania
Tanzania (the United Republic of),TZA,2000,Country or economy,Bioenergy,False,0.03,,,1.2,,0.03,0.006,,,2.007,200.0,Africa,Africa,False,False,False,False,False,Tanzania
Tanzania (the United Republic of),TZA,2000,Country or economy,Other renewables,False,0.0,,,0.0,,0.0,0.0,,,0.0,,Africa,Africa,False,False,False,False,False,Tanzania
Tanzania (the United Republic of),TZA,2000,Country or economy,Nuclear,False,0.0,,,0.0,,0.0,0.0,,,0.0,,Africa,Africa,False,False,False,False,False,Tanzania
Tanzania (the United Republic of),TZA,2000,Country or economy,Coal,False,0.07,,,2.8,,,0.064,,,21.406,914.286,Africa,Africa,False,False,False,False,False,Tanzania
Tanzania (the United Republic of),TZA,2000,Country or economy,Gas,False,0.0,,,0.0,,0.0,0.0,,,0.0,,Africa,Africa,False,False,False,False,False,Tanzania
Tanzania (the United Republic of),TZA,2000,Country or economy,Other fossil,False,0.27,,,10.8,,0.11,0.178,,,59.536,659.259,Africa,Africa,False,False,False,False,False,Tanzania
Tanzania (the United Republic of),TZA,2000,Country or economy,Net imports,False,0.05,,,2.0,,,0.0,,,0.0,0.0,Africa,Africa,False,False,False,False,False,Tanzania
Tanzania (the United Republic of),TZA,2000,Country or economy,Wind and solar,True,0.0,,,0.0,,0.0,0.0,,,0.0,,Africa,Africa,False,False,False,False,False,Tanzania
Tanzania (the United Republic of),TZA,2000,Country or economy,"Hydro, bioenergy and other renewables",True,2.16,,,86.4,,0.61,0.057,,,19.065,26.389,Africa,Africa,False,False,False,False,False,Tanzania
Tanzania (the United Republic of),TZA,2000,Country or economy,Renewables,True,2.16,,,86.4,,0.61,0.057,,,19.065,26.389,Africa,Africa,False,False,False,False,False,Tanzania
Tanzania (the United Republic of),TZA,2000,Country or economy,Clean,True,2.16,,,86.4,,0.61,0.057,,,19.065,26.389,Africa,Africa,False,False,False,False,False,Tanzania
Tanzania (the United Republic of),TZA,2000,Country or economy,Fossil,True,0.34,,,13.6,,0.11,0.242,,,80.942,711.765,Africa,Africa,False,False,False,False,False,Tanzania
Tanzania (the United Republic of),TZA,2000,Country or economy,Total generation,True,2.5,,,100.0,,0.72,0.299,,,100.007,119.6,Africa,Africa,False,False,False,False,False,Tanzania
Tanzania (the United Republic of),TZA,2000,Country or economy,Demand,True,2.55,,,102.0,,,,,,,,Africa,Africa,False,False,False,False,False,Tanzania
Tanzania (the United Republic of),TZA,2001,Country or economy,Solar,False,0.0,0.0,,0.0,0.0,0.0,0.0,0.0,,0.0,,Africa,Africa,False,False,False,False,False,Tanzania
Tanzania (the United Republic of),TZA,2001,Country or economy,Wind,False,0.0,0.0,,0.0,0.0,0.0,0.0,0.0,,0.0,,Africa,Africa,False,False,False,False,False,Tanzania
Tanzania (the United Republic of),TZA,2001,Country or economy,Hydro,False,2.64,0.51,23.944,93.286,8.086,0.58,0.063,0.012,23.529,32.572,23.864,Africa,Africa,False,False,False,False,False,Tanzania
Tanzania (the United Republic of),TZA,2001,Country or economy,Bioenergy,False,0.04,0.01,33.333,1.413,0.213,0.03,0.009,0.003,50.0,4.653,225.0,Africa,Africa,False,False,False,False,False,Tanzania
Tanzania (the United Republic of),TZA,2001,Country or economy,Other renewables,False,0.0,0.0,,0.0,0.0,0.0,0.0,0.0,,0.0,,Africa,Africa,False,False,False,False,False,Tanzania
Tanzania (the United Republic of),TZA,2001,Country or economy,Nuclear,False,0.0,0.0,,0.0,0.0,0.0,0.0,0.0,,0.0,,Africa,Africa,False,False,False,False,False,Tanzania
Tanzania (the United Republic of),TZA,2001,Country or economy,Coal,False,0.09,0.02,28.571,3.18,0.38,,0.083,0.019,29.688,42.912,922.222,Africa,Africa,False,False,False,False,False,Tanzania
Tanzania (the United Republic of),TZA,2001,Country or economy,Gas,False,0.0,0.0,,0.0,0.0,0.0,0.0,0.0,,0.0,,Africa,Africa,False,False,False,False,False,Tanzania
Tanzania (the United Republic of),TZA,2001,Country or economy,Other fossil,False,0.06,-0.21,-77.778,2.12,-8.68,0.11,0.039,-0.139,-78.09,20.163,650.0,Africa,Africa,False,False,False,False,False,Tanzania
Tanzania (the United Republic of),TZA,2001,Country or economy,Net imports,False,0.05,0.0,0.0,1.767,-0.233,,0.0,0.0,,0.0,0.0,Africa,Africa,False,False,False,False,False,Tanzania
Tanzania (the United Republic of),TZA,2001,Country or economy,Wind and solar,True,0.0,0.0,,0.0,0.0,0.0,0.0,0.0,,0.0,,Africa,Africa,False,False,False,False,False,Tanzania
Tanzania (the United Republic of),TZA,2001,Country or economy,"Hydro, bioenergy and other renewables",True,2.68,0.52,24.074,94.7,8.3,0.61,0.071,0.014,24.561,36.708,26.493,Africa,Africa,False,False,False,False,False,Tanzania
Tanzania (the United Republic of),TZA,2001,Country or economy,Renewables,True,2.68,0.52,24.074,94.7,8.3,0.61,0.071,0.014,24.561,36.708,26.493,Africa,Africa,False,False,False,False,False,Tanzania
Tanzania (the United Republic of),TZA,2001,Country or economy,Clean,True,2.68,0.52,24.074,94.7,8.3,0.61,0.071,0.014,24.561,36.708,26.493,Africa,Africa,False,False,False,False,False,Tanzania
Tanzania (the United Republic of),TZA,2001,Country or economy,Fossil,True,0.15,-0.19,-55.882,5.3,-8.3,0.11,0.122,-0.12,-49.587,63.075,813.333,Africa,Africa,False,False,False,False,False,Tanzania
Tanzania (the United Republic of),TZA,2001,Country or economy,Total generation,True,2.83,0.33,13.2,100.0,0.0,0.72,0.193,-0.106,-35.452,99.783,68.198,Africa,Africa,False,False,False,False,False,Tanzania
Tanzania (the United Republic of),TZA,2001,Country or economy,Demand,True,2.88,0.33,12.941,101.767,-0.233,,,,,,,Africa,Africa,False,False,False,False,False,Tanzania
Tanzania (the United Republic of),TZA,2002,Country or economy,Solar,False,0.0,0.0,,0.0,0.0,0.0,0.0,0.0,,0.0,,Africa,Africa,False,False,False,False,False,Tanzania
Tanzania (the United Republic of),TZA,2002,Country or economy,Wind,False,0.0,0.0,,0.0,0.0,0.0,0.0,0.0,,0.0,,Africa,Africa,False,False,False,False,False,Tanzania
Tanzania (the United Republic of),TZA,2002,Country or economy,Hydro,False,2.72,0.08,3.03,94.118,0.832,0.58,0.065,0.002,3.175,35.184,23.897,Africa,Africa,False,False,False,False,False,Tanzania
Tanzania (the United Republic of),TZA,2002,Country or economy,Bioenergy,False,0.04,0.0,0.0,1.384,-0.029,0.03,0.009,0.0,0.0,4.872,225.0,Africa,Africa,False,False,False,False,False,Tanzania
Tanzania (the United Republic of),TZA,2002,Country or economy,Other renewables,False,0.0,0.0,,0.0,0.0,0.0,0.0,0.0,,0.0,,Africa,Africa,False,False,False,False,False,Tanzania
Tanzania (the United Republic of),TZA,2002,Country or economy,Nuclear,False,0.0,0.0,,0.0,0.0,0.0,0.0,0.0,,0.0,,Africa,Africa,False,False,False,False,False,Tanzania
Tanzania (the United Republic of),TZA,2002,Country or economy,Coal,False,0.1,0.01,11.111,3.46,0.28,,0.092,0.009,10.843,49.799,920.0,Africa,Africa,False,False,False,False,False,Tanzania
Tanzania (the United Republic of),TZA,2002,Country or economy,Gas,False,0.0,0.0,,0.0,0.0,0.0,0.0,0.0,,0.0,,Africa,Africa,False,False,False,False,False,Tanzania
Tanzania (the United Republic of),TZA,2002,Country or economy,Other fossil,False,0.03,-0.03,-50.0,1.038,-1.082,0.21,0.02,-0.019,-48.718,10.826,666.667,Africa,Africa,False,False,False,False,False,Tanzania
Tanzania (the United Republic of),TZA,2002,Country or economy,Net imports,False,0.05,0.0,0.0,1.73,-0.037,,0.0,0.0,,0.0,0.0,Africa,Africa,False,False,False,False,False,Tanzania
Tanzania (the United Republic of),TZA,2002,Country or economy,Wind and solar,True,0.0,0.0,,0.0,0.0,0.0,0.0,0.0,,0.0,,Africa,Africa,False,False,False,False,False,Tanzania
Tanzania (the United Republic of),TZA,2002,Country or economy,"Hydro, bioenergy and other renewables",True,2.76,0.08,2.985,95.502,0.802,0.61,0.073,0.002,2.817,39.514,26.449,Africa,Africa,False,False,False,False,False,Tanzania
Tanzania (the United Republic of),TZA,2002,Country or economy,Renewables,True,2.76,0.08,2.985,95.502,0.802,0.61,0.073,0.002,2.817,39.514,26.449,Africa,Africa,False,False,False,False,False,Tanzania
Tanzania (the United Republic of),TZA,2002,Country or economy,Clean,True,2.76,0.08,2.985,95.502,0.802,0.61,0.073,0.002,2.817,39.514,26.449,Africa,Africa,False,False,False,False,False,Tanzania
Tanzania (the United Republic of),TZA,2002,Country or economy,Fossil,True,0.13,-0.02,-13.333,4.498,-0.802,0.21,0.111,-0.011,-9.016,60.083,853.846,Africa,Africa,False,False,False,False,False,Tanzania
Tanzania (the United Republic of),TZA,2002,Country or economy,Total generation,True,2.89,0.06,2.12,100.0,0.0,0.82,0.185,-0.008,-4.145,100.138,64.014,Africa,Africa,False,False,False,False,False,Tanzania
Tanzania (the United Republic of),TZA,2002,Country or economy,Demand,True,2.94,0.06,2.083,101.73,-0.037,,,,,,,Africa,Africa,False,False,False,False,False,Tanzania
Tanzania (the United Republic of),TZA,2003,Country or economy,Solar,False,0.0,0.0,,0.0,0.0,0.0,0.0,0.0,,0.0,,Africa,Africa,False,False,False,False,False,Tanzania
Tanzania (the United Republic of),TZA,2003,Country or economy,Wind,False,0.0,0.0,,0.0,0.0,0.0,0.0,0.0,,0.0,,Africa,Africa,False,False,False,False,False,Tanzania
Tanzania (the United Republic of),TZA,2003,Country or economy,Hydro,False,2.55,-0.17,-6.25,94.096,-0.022,0.58,0.061,-0.004,-6.154,37.674,23.922,Africa,Africa,False,False,False,False,False,Tanzania
Tanzania (the United Republic of),TZA,2003,Country or economy,Bioenergy,False,0.05,0.01,25.0,1.845,0.461,0.04,0.011,0.002,22.222,6.794,220.0,Africa,Africa,False,False,False,False,False,Tanzania
Tanzania (the United Republic of),TZA,2003,Country or economy,Other renewables,False,0.0,0.0,,0.0,0.0,0.0,0.0,0.0,,0.0,,Africa,Africa,False,False,False,False,False,Tanzania
Tanzania (the United Republic of),TZA,2003,Country or economy,Nuclear,False,0.0,0.0,,0.0,0.0,0.0,0.0,0.0,,0.0,,Africa,Africa,False,False,False,False,False,Tanzania
Tanzania (the United Republic of),TZA,2003,Country or economy,Coal,False,0.07,-0.03,-30.0,2.583,-0.877,,0.064,-0.028,-30.435,39.526,914.286,Africa,Africa,False,False,False,False,False,Tanzania
Tanzania (the United Republic of),TZA,2003,Country or economy,Gas,False,0.0,0.0,,0.0,0.0,0.0,0.0,0.0,,0.0,,Africa,Africa,False,False,False,False,False,Tanzania
Tanzania (the United Republic of),TZA,2003,Country or economy,Other fossil,False,0.04,0.01,33.333,1.476,0.438,0.21,0.026,0.006,30.0,16.058,650.0,Africa,Africa,False,False,False,False,False,Tanzania
Tanzania (the United Republic of),TZA,2003,Country or economy,Net imports,False,0.05,0.0,0.0,1.845,0.115,,0.0,0.0,,0.0,0.0,Africa,Africa,False,False,False,False,False,Tanzania
Tanzania (the United Republic of),TZA,2003,Country or economy,Wind and solar,True,0.0,0.0,,0.0,0.0,0.0,0.0,0.0,,0.0,,Africa,Africa,False,False,False,False,False,Tanzania
Tanzania (the United Republic of),TZA,2003,Country or economy,"Hydro, bioenergy and other renewables",True,2.6,-0.16,-5.797,95.941,0.439,0.62,0.071,-0.002,-2.74,43.85,27.308,Africa,Africa,False,False,False,False,False,Tanzania
Tanzania (the United Republic of),TZA,2003,Country or economy,Renewables,True,2.6,-0.16,-5.797,95.941,0.439,0.62,0.071,-0.002,-2.74,43.85,27.308,Africa,Africa,False,False,False,False,False,Tanzania
Tanzania (the United Republic of),TZA,2003,Country or economy,Clean,True,2.6,-0.16,-5.797,95.941,0.439,0.62,0.071,-0.002,-2.74,43.85,27.308,Africa,Africa,False,False,False,False,False,Tanzania
Tanzania (the United Republic of),TZA,2003,Country or economy,Fossil,True,0.11,-0.02,-15.385,4.059,-0.439,0.21,0.091,-0.02,-18.018,56.202,827.273,Africa,Africa,False,False,False,False,False,Tanzania
Tanzania (the United Republic of),TZA,2003,Country or economy,Total generation,True,2.71,-0.18,-6.228,100.0,0.0,0.83,0.162,-0.023,-12.432,100.051,59.779,Africa,Africa,False,False,False,False,False,Tanzania
Tanzania (the United Republic of),TZA,2003,Country or economy,Demand,True,2.76,-0.18,-6.122,101.845,0.115,,,,,,,Africa,Africa,False,False,False,False,False,Tanzania
Tanzania (the United Republic of),TZA,2004,Country or economy,Solar,False,0.0,0.0,,0.0,0.0,0.0,0.0,0.0,,0.0,,Africa,Africa,False,False,False,False,False,Tanzania
Tanzania (the United Republic of),TZA,2004,Country or economy,Wind,False,0.0,0.0,,0.0,0.0,0.0,0.0,0.0,,0.0,,Africa,Africa,False,False,False,False,False,Tanzania
Tanzania (the United Republic of),TZA,2004,Country or economy,Hydro,False,2.01,-0.54,-21.176,77.011,-17.085,0.58,0.048,-0.013,-21.311,12.835,23.881,Africa,Africa,False,False,False,False,False,Tanzania
Tanzania (the United Republic of),TZA,2004,Country or economy,Bioenergy,False,0.05,0.0,0.0,1.916,0.071,0.04,0.011,0.0,0.0,2.941,220.0,Africa,Africa,False,False,False,False,False,Tanzania
Tanzania (the United Republic of),TZA,2004,Country or economy,Other renewables,False,0.0,0.0,,0.0,0.0,0.0,0.0,0.0,,0.0,,Africa,Africa,False,False,False,False,False,Tanzania
Tanzania (the United Republic of),TZA,2004,Country or economy,Nuclear,False,0.0,0.0,,0.0,0.0,0.0,0.0,0.0,,0.0,,Africa,Africa,False,False,False,False,False,Tanzania
Tanzania (the United Republic of),TZA,2004,Country or economy,Coal,False,0.09,0.02,28.571,3.448,0.865,,0.083,0.019,29.688,22.195,922.222,Africa,Africa,False,False,False,False,False,Tanzania
Tanzania (the United Republic of),TZA,2004,Country or economy,Gas,False,0.41,0.41,,15.709,15.709,0.19,0.2,0.2,,53.481,487.805,Africa,Africa,False,False,False,False,False,Tanzania
Tanzania (the United Republic of),TZA,2004,Country or economy,Other fossil,False,0.05,0.01,25.0,1.916,0.44,0.21,0.033,0.007,26.923,8.824,660.0,Africa,Africa,False,False,False,False,False,Tanzania
Tanzania (the United Republic of),TZA,2004,Country or economy,Net imports,False,0.05,0.0,0.0,1.916,0.071,,0.0,0.0,,0.0,0.0,Africa,Africa,False,False,False,False,False,Tanzania
Tanzania (the United Republic of),TZA,2004,Country or economy,Wind and solar,True,0.0,0.0,,0.0,0.0,0.0,0.0,0.0,,0.0,,Africa,Africa,False,False,False,False,False,Tanzania
Tanzania (the United Republic of),TZA,2004,Country or economy,"Hydro, bioenergy and other renewables",True,2.06,-0.54,-20.769,78.927,-17.014,0.62,0.059,-0.012,-16.901,15.777,28.641,Africa,Africa,False,False,False,False,False,Tanzania
Tanzania (the United Republic of),TZA,2004,Country or economy,Renewables,True,2.06,-0.54,-20.769,78.927,-17.014,0.62,0.059,-0.012,-16.901,15.777,28.641,Africa,Africa,False,False,False,False,False,Tanzania
Tanzania (the United Republic of),TZA,2004,Country or economy,Clean,True,2.06,-0.54,-20.769,78.927,-17.014,0.62,0.059,-0.012,-16.901,15.777,28.641,Africa,Africa,False,False,False,False,False,Tanzania
Tanzania (the United Republic of),TZA,2004,Country or economy,Fossil,True,0.55,0.44,400.0,21.073,17.014,0.4,0.315,0.224,246.154,84.232,572.727,Africa,Africa,False,False,False,False,False,Tanzania
Tanzania (the United Republic of),TZA,2004,Country or economy,Total generation,True,2.61,-0.1,-3.69,100.0,0.0,1.02,0.374,0.212,130.864,100.009,143.295,Africa,Africa,False,False,False,False,False,Tanzania
Tanzania (the United Republic of),TZA,2004,Country or economy,Demand,True,2.66,-0.1,-3.623,101.916,0.071,,,,,,,Africa,Africa,False,False,False,False,False,Tanzania
Tanzania (the United Republic of),TZA,2005,Country or economy,Solar,False,0.0,0.0,,0.0,0.0,0.0,0.0,0.0,,0.0,,Africa,Africa,False,False,False,False,False,Tanzania
Tanzania (the United Republic of),TZA,2005,Country or economy,Wind,False,0.0,0.0,,0.0,0.0,0.0,0.0,0.0,,0.0,,Africa,Africa,False,False,False,False,False,Tanzania
Tanzania (the United Republic of),TZA,2005,Country or economy,Hydro,False,1.78,-0.23,-11.443,48.634,-28.377,0.57,0.042,-0.006,-12.5,3.919,23.596,Africa,Africa,False,False,False,False,False,Tanzania
Tanzania (the United Republic of),TZA,2005,Country or economy,Bioenergy,False,0.05,0.0,0.0,1.366,-0.55,0.04,0.011,0.0,0.0,1.026,220.0,Africa,Africa,False,False,False,False,False,Tanzania
Tanzania (the United Republic of),TZA,2005,Country or economy,Other renewables,False,0.0,0.0,,0.0,0.0,0.0,0.0,0.0,,0.0,,Africa,Africa,False,False,False,False,False,Tanzania
Tanzania (the United Republic of),TZA,2005,Country or economy,Nuclear,False,0.0,0.0,,0.0,0.0,0.0,0.0,0.0,,0.0,,Africa,Africa,False,False,False,False,False,Tanzania
Tanzania (the United Republic of),TZA,2005,Country or economy,Coal,False,0.04,-0.05,-55.556,1.093,-2.355,,0.037,-0.046,-55.422,3.452,925.0,Africa,Africa,False,False,False,False,False,Tanzania
Tanzania (the United Republic of),TZA,2005,Country or economy,Gas,False,1.15,0.74,180.488,31.421,15.712,0.19,0.561,0.361,180.5,52.343,487.826,Africa,Africa,False,False,False,False,False,Tanzania
Tanzania (the United Republic of),TZA,2005,Country or economy,Other fossil,False,0.64,0.59,1180.0,17.486,15.57,0.22,0.421,0.388,1175.758,39.28,657.812,Africa,Africa,False,False,False,False,False,Tanzania
Tanzania (the United Republic of),TZA,2005,Country or economy,Net imports,False,0.05,0.0,0.0,1.366,-0.55,,0.0,0.0,,0.0,0.0,Africa,Africa,False,False,False,False,False,Tanzania
Tanzania (the United Republic of),TZA,2005,Country or economy,Wind and solar,True,0.0,0.0,,0.0,0.0,0.0,0.0,0.0,,0.0,,Africa,Africa,False,False,False,False,False,Tanzania
Tanzania (the United Republic of),TZA,2005,Country or economy,"Hydro, bioenergy and other renewables",True,1.83,-0.23,-11.165,50.0,-28.927,0.61,0.053,-0.006,-10.169,4.945,28.962,Africa,Africa,False,False,False,False,False,Tanzania
Tanzania (the United Republic of),TZA,2005,Country or economy,Renewables,True,1.83,-0.23,-11.165,50.0,-28.927,0.61,0.053,-0.006,-10.169,4.945,28.962,Africa,Africa,False,False,False,False,False,Tanzania
Tanzania (the United Republic of),TZA,2005,Country or economy,Clean,True,1.83,-0.23,-11.165,50.0,-28.927,0.61,0.053,-0.006,-10.169,4.945,28.962,Africa,Africa,False,False,False,False,False,Tanzania
Tanzania (the United Republic of),TZA,2005,Country or economy,Fossil,True,1.83,1.28,232.727,50.0,28.927,0.41,1.019,0.704,223.492,95.075,556.831,Africa,Africa,False,False,False,False,False,Tanzania
Tanzania (the United Republic of),TZA,2005,Country or economy,Total generation,True,3.66,1.05,40.23,100.0,0.0,1.02,1.072,0.698,186.631,100.02,292.896,Africa,Africa,False,False,False,False,False,Tanzania
Tanzania (the United Republic of),TZA,2005,Country or economy,Demand,True,3.71,1.05,39.474,101.366,-0.55,,,,,,,Africa,Africa,False,False,False,False,False,Tanzania
Tanzania (the United Republic of),TZA,2006,Country or economy,Solar,False,0.0,0.0,,0.0,0.0,0.0,0.0,0.0,,0.0,,Africa,Africa,False,False,False,False,False,Tanzania
Tanzania (the United Republic of),TZA,2006,Country or economy,Wind,False,0.0,0.0,,0.0,0.0,0.0,0.0,0.0,,0.0,,Africa,Africa,False,False,False,False,False,Tanzania
Tanzania (the United Republic of),TZA,2006,Country or economy,Hydro,False,1.44,-0.34,-19.101,41.026,-7.608,0.57,0.034,-0.008,-19.048,2.947,23.611,Africa,Africa,False,False,False,False,False,Tanzania
Tanzania (the United Republic of),TZA,2006,Country or economy,Bioenergy,False,0.06,0.01,20.0,1.709,0.343,0.04,0.013,0.002,18.182,1.127,216.667,Africa,Africa,False,False,False,False,False,Tanzania
Tanzania (the United Republic of),TZA,2006,Country or economy,Other renewables,False,0.0,0.0,,0.0,0.0,0.0,0.0,0.0,,0.0,,Africa,Africa,False,False,False,False,False,Tanzania
Tanzania (the United Republic of),TZA,2006,Country or economy,Nuclear,False,0.0,0.0,,0.0,0.0,0.0,0.0,0.0,,0.0,,Africa,Africa,False,False,False,False,False,Tanzania
Tanzania (the United Republic of),TZA,2006,Country or economy,Coal,False,0.02,-0.02,-50.0,0.57,-0.523,,0.018,-0.019,-51.351,1.56,900.0,Africa,Africa,False,False,False,False,False,Tanzania
Tanzania (the United Republic of),TZA,2006,Country or economy,Gas,False,1.3,0.15,13.043,37.037,5.616,0.19,0.634,0.073,13.012,54.959,487.692,Africa,Africa,False,False,False,False,False,Tanzania
Tanzania (the United Republic of),TZA,2006,Country or economy,Other fossil,False,0.69,0.05,7.812,19.658,2.172,0.22,0.454,0.033,7.838,39.356,657.971,Africa,Africa,False,False,False,False,False,Tanzania
Tanzania (the United Republic of),TZA,2006,Country or economy,Net imports,False,0.06,0.01,20.0,1.709,0.343,,0.0,0.0,,0.0,0.0,Africa,Africa,False,False,False,False,False,Tanzania
Tanzania (the United Republic of),TZA,2006,Country or economy,Wind and solar,True,0.0,0.0,,0.0,0.0,0.0,0.0,0.0,,0.0,,Africa,Africa,False,False,False,False,False,Tanzania
Tanzania (the United Republic of),TZA,2006,Country or economy,"Hydro, bioenergy and other renewables",True,1.5,-0.33,-18.033,42.735,-7.265,0.61,0.047,-0.006,-11.321,4.074,31.333,Africa,Africa,False,False,False,False,False,Tanzania
Tanzania (the United Republic of),TZA,2006,Country or economy,Renewables,True,1.5,-0.33,-18.033,42.735,-7.265,0.61,0.047,-0.006,-11.321,4.074,31.333,Africa,Africa,False,False,False,False,False,Tanzania
Tanzania (the United Republic of),TZA,2006,Country or economy,Clean,True,1.5,-0.33,-18.033,42.735,-7.265,0.61,0.047,-0.006,-11.321,4.074,31.333,Africa,Africa,False,False,False,False,False,Tanzania
Tanzania (the United Republic of),TZA,2006,Country or economy,Fossil,True,2.01,0.18,9.836,57.265,7.265,0.41,1.106,0.087,8.538,95.875,550.249,Africa,Africa,False,False,False,False,False,Tanzania
Tanzania (the United Republic of),TZA,2006,Country or economy,Total generation,True,3.51,-0.15,-4.098,100.0,0.0,1.02,1.154,0.082,7.649,100.036,328.775,Africa,Africa,False,False,False,False,False,Tanzania
Tanzania (the United Republic of),TZA,2006,Country or economy,Demand,True,3.57,-0.14,-3.774,101.709,0.343,,,,,,,Africa,Africa,False,False,False,False,False,Tanzania
Tanzania (the United Republic of),TZA,2007,Country or economy,Solar,False,0.0,0.0,,0.0,0.0,0.0,0.0,0.0,,0.0,,Africa,Africa,False,False,False,False,False,Tanzania
Tanzania (the United Republic of),TZA,2007,Country or economy,Wind,False,0.0,0.0,,0.0,0.0,0.0,0.0,0.0,,0.0,,Africa,Africa,False,False,False,False,False,Tanzania
Tanzania (the United Republic of),TZA,2007,Country or economy,Hydro,False,2.52,1.08,75.0,59.434,18.408,0.57,0.06,0.026,76.471,6.114,23.81,Africa,Africa,False,False,False,False,False,Tanzania
Tanzania (the United Republic of),TZA,2007,Country or economy,Bioenergy,False,0.06,0.0,0.0,1.415,-0.294,0.04,0.013,0.0,0.0,1.325,216.667,Africa,Africa,False,False,False,False,False,Tanzania
Tanzania (the United Republic of),TZA,2007,Country or economy,Other renewables,False,0.0,0.0,,0.0,0.0,0.0,0.0,0.0,,0.0,,Africa,Africa,False,False,False,False,False,Tanzania
Tanzania (the United Republic of),TZA,2007,Country or economy,Nuclear,False,0.0,0.0,,0.0,0.0,0.0,0.0,0.0,,0.0,,Africa,Africa,False,False,False,False,False,Tanzania
Tanzania (the United Republic of),TZA,2007,Country or economy,Coal,False,0.04,0.02,100.0,0.943,0.373,,0.037,0.019,105.556,3.77,925.0,Africa,Africa,False,False,False,False,False,Tanzania
Tanzania (the United Republic of),TZA,2007,Country or economy,Gas,False,1.14,-0.16,-12.308,26.887,-10.15,0.19,0.556,-0.078,-12.303,56.656,487.719,Africa,Africa,False,False,False,False,False,Tanzania
Tanzania (the United Republic of),TZA,2007,Country or economy,Other fossil,False,0.48,-0.21,-30.435,11.321,-8.337,0.16,0.316,-0.138,-30.396,32.2,658.333,Africa,Africa,False,False,False,False,False,Tanzania
Tanzania (the United Republic of),TZA,2007,Country or economy,Net imports,False,0.06,0.0,0.0,1.415,-0.294,,0.0,0.0,,0.0,0.0,Africa,Africa,False,False,False,False,False,Tanzania
Tanzania (the United Republic of),TZA,2007,Country or economy,Wind and solar,True,0.0,0.0,,0.0,0.0,0.0,0.0,0.0,,0.0,,Africa,Africa,False,False,False,False,False,Tanzania
Tanzania (the United Republic of),TZA,2007,Country or economy,"Hydro, bioenergy and other renewables",True,2.58,1.08,72.0,60.849,18.114,0.61,0.073,0.026,55.319,7.439,28.295,Africa,Africa,False,False,False,False,False,Tanzania
Tanzania (the United Republic of),TZA,2007,Country or economy,Renewables,True,2.58,1.08,72.0,60.849,18.114,0.61,0.073,0.026,55.319,7.439,28.295,Africa,Africa,False,False,False,False,False,Tanzania
Tanzania (the United Republic of),TZA,2007,Country or economy,Clean,True,2.58,1.08,72.0,60.849,18.114,0.61,0.073,0.026,55.319,7.439,28.295,Africa,Africa,False,False,False,False,False,Tanzania
Tanzania (the United Republic of),TZA,2007,Country or economy,Fossil,True,1.66,-0.35,-17.413,39.151,-18.114,0.35,0.909,-0.197,-17.812,92.627,547.59,Africa,Africa,False,False,False,False,False,Tanzania
Tanzania (the United Republic of),TZA,2007,Country or economy,Total generation,True,4.24,0.73,20.798,100.0,0.0,0.96,0.981,-0.173,-14.991,99.964,231.368,Africa,Africa,False,False,False,False,False,Tanzania
Tanzania (the United Republic of),TZA,2007,Country or economy,Demand,True,4.3,0.73,20.448,101.415,-0.294,,,,,,,Africa,Africa,False,False,False,False,False,Tanzania
Tanzania (the United Republic of),TZA,2008,Country or economy,Solar,False,0.0,0.0,,0.0,0.0,0.0,0.0,0.0,,0.0,,Africa,Africa,False,False,False,False,False,Tanzania
Tanzania (the United Republic of),TZA,2008,Country or economy,Wind,False,0.0,0.0,,0.0,0.0,0.0,0.0,0.0,,0.0,,Africa,Africa,False,False,False,False,False,Tanzania
Tanzania (the United Republic of),TZA,2008,Country or economy,Hydro,False,2.65,0.13,5.159,59.551,0.117,0.57,0.063,0.003,5.0,6.368,23.774,Africa,Africa,False,False,False,False,False,Tanzania
Tanzania (the United Republic of),TZA,2008,Country or economy,Bioenergy,False,0.06,0.0,0.0,1.348,-0.067,0.04,0.013,0.0,0.0,1.314,216.667,Africa,Africa,False,False,False,False,False,Tanzania
Tanzania (the United Republic of),TZA,2008,Country or economy,Other renewables,False,0.0,0.0,,0.0,0.0,0.0,0.0,0.0,,0.0,,Africa,Africa,False,False,False,False,False,Tanzania
Tanzania (the United Republic of),TZA,2008,Country or economy,Nuclear,False,0.0,0.0,,0.0,0.0,0.0,0.0,0.0,,0.0,,Africa,Africa,False,False,False,False,False,Tanzania
Tanzania (the United Republic of),TZA,2008,Country or economy,Coal,False,0.02,-0.02,-50.0,0.449,-0.494,,0.018,-0.019,-51.351,1.819,900.0,Africa,Africa,False,False,False,False,False,Tanzania
Tanzania (the United Republic of),TZA,2008,Country or economy,Gas,False,1.39,0.25,21.93,31.236,4.349,0.31,0.678,0.122,21.942,68.531,487.77,Africa,Africa,False,False,False,False,False,Tanzania
Tanzania (the United Republic of),TZA,2008,Country or economy,Other fossil,False,0.33,-0.15,-31.25,7.416,-3.905,0.06,0.217,-0.099,-31.329,21.934,657.576,Africa,Africa,False,False,False,False,False,Tanzania
Tanzania (the United Republic of),TZA,2008,Country or economy,Net imports,False,0.05,-0.01,-16.667,1.124,-0.291,,0.0,0.0,,0.0,0.0,Africa,Africa,False,False,False,False,False,Tanzania
Tanzania (the United Republic of),TZA,2008,Country or economy,Wind and solar,True,0.0,0.0,,0.0,0.0,0.0,0.0,0.0,,0.0,,Africa,Africa,False,False,False,False,False,Tanzania
Tanzania (the United Republic of),TZA,2008,Country or economy,"Hydro, bioenergy and other renewables",True,2.71,0.13,5.039,60.899,0.05,0.61,0.076,0.003,4.11,7.682,28.044,Africa,Africa,False,False,False,False,False,Tanzania
Tanzania (the United Republic of),TZA,2008,Country or economy,Renewables,True,2.71,0.13,5.039,60.899,0.05,0.61,0.076,0.003,4.11,7.682,28.044,Africa,Africa,False,False,False,False,False,Tanzania
Tanzania (the United Republic of),TZA,2008,Country or economy,Clean,True,2.71,0.13,5.039,60.899,0.05,0.61,0.076,0.003,4.11,7.682,28.044,Africa,Africa,False,False,False,False,False,Tanzania
Tanzania (the United Republic of),TZA,2008,Country or economy,Fossil,True,1.74,0.08,4.819,39.101,-0.05,0.37,0.913,0.004,0.44,92.284,524.713,Africa,Africa,False,False,False,False,False,Tanzania
Tanzania (the United Republic of),TZA,2008,Country or economy,Total generation,True,4.45,0.21,4.953,100.0,0.0,0.98,0.989,0.008,0.815,99.966,222.247,Africa,Africa,False,False,False,False,False,Tanzania
Tanzania (the United Republic of),TZA,2008,Country or economy,Demand,True,4.5,0.2,4.651,101.124,-0.291,,,,,,,Africa,Africa,False,False,False,False,False,Tanzania
Tanzania (the United Republic of),TZA,2009,Country or economy,Solar,False,0.0,0.0,,0.0,0.0,0.0,0.0,0.0,,0.0,,Africa,Africa,False,False,False,False,False,Tanzania
Tanzania (the United Republic of),TZA,2009,Country or economy,Wind,False,0.0,0.0,,0.0,0.0,0.0,0.0,0.0,,0.0,,Africa,Africa,False,False,False,False,False,Tanzania
Tanzania (the United Republic of),TZA,2009,Country or economy,Hydro,False,2.64,-0.01,-0.377,55.0,-4.551,0.57,0.063,0.0,0.0,5.632,23.864,Africa,Africa,False,False,False,False,False,Tanzania
Tanzania (the United Republic of),TZA,2009,Country or economy,Bioenergy,False,0.06,0.0,0.0,1.25,-0.098,0.04,0.013,0.0,0.0,1.162,216.667,Africa,Africa,False,False,False,False,False,Tanzania
Tanzania (the United Republic of),TZA,2009,Country or economy,Other renewables,False,0.0,0.0,,0.0,0.0,0.0,0.0,0.0,,0.0,,Africa,Africa,False,False,False,False,False,Tanzania
Tanzania (the United Republic of),TZA,2009,Country or economy,Nuclear,False,0.0,0.0,,0.0,0.0,0.0,0.0,0.0,,0.0,,Africa,Africa,False,False,False,False,False,Tanzania
Tanzania (the United Republic of),TZA,2009,Country or economy,Coal,False,0.0,-0.02,-100.0,0.0,-0.449,,0.0,-0.018,-100.0,0.0,,Africa,Africa,False,False,False,False,False,Tanzania
Tanzania (the United Republic of),TZA,2009,Country or economy,Gas,False,1.99,0.6,43.165,41.458,10.222,0.36,0.971,0.293,43.215,86.802,487.94,Africa,Africa,False,False,False,False,False,Tanzania
Tanzania (the United Republic of),TZA,2009,Country or economy,Other fossil,False,0.11,-0.22,-66.667,2.292,-5.124,0.06,0.072,-0.145,-66.82,6.436,654.545,Africa,Africa,False,False,False,False,False,Tanzania
Tanzania (the United Republic of),TZA,2009,Country or economy,Net imports,False,0.06,0.01,20.0,1.25,0.126,,0.0,0.0,,0.0,0.0,Africa,Africa,False,False,False,False,False,Tanzania
Tanzania (the United Republic of),TZA,2009,Country or economy,Wind and solar,True,0.0,0.0,,0.0,0.0,0.0,0.0,0.0,,0.0,,Africa,Africa,False,False,False,False,False,Tanzania
Tanzania (the United Republic of),TZA,2009,Country or economy,"Hydro, bioenergy and other renewables",True,2.7,-0.01,-0.369,56.25,-4.649,0.61,0.076,0.0,0.0,6.794,28.148,Africa,Africa,False,False,False,False,False,Tanzania
Tanzania (the United Republic of),TZA,2009,Country or economy,Renewables,True,2.7,-0.01,-0.369,56.25,-4.649,0.61,0.076,0.0,0.0,6.794,28.148,Africa,Africa,False,False,False,False,False,Tanzania
Tanzania (the United Republic of),TZA,2009,Country or economy,Clean,True,2.7,-0.01,-0.369,56.25,-4.649,0.61,0.076,0.0,0.0,6.794,28.148,Africa,Africa,False,False,False,False,False,Tanzania
Tanzania (the United Republic of),TZA,2009,Country or economy,Fossil,True,2.1,0.36,20.69,43.75,4.649,0.42,1.043,0.13,14.239,93.238,496.667,Africa,Africa,False,False,False,False,False,Tanzania
Tanzania (the United Republic of),TZA,2009,Country or economy,Total generation,True,4.8,0.35,7.865,100.0,0.0,1.03,1.119,0.13,13.145,100.032,233.125,Africa,Africa,False,False,False,False,False,Tanzania
Tanzania (the United Republic of),TZA,2009,Country or economy,Demand,True,4.86,0.36,8.0,101.25,0.126,,,,,,,Africa,Africa,False,False,False,False,False,Tanzania
Tanzania (the United Republic of),TZA,2010,Country or economy,Solar,False,0.01,0.01,,0.188,0.188,0.0,0.0,0.0,,0.0,0.0,Africa,Africa,False,False,False,False,False,Tanzania
Tanzania (the United Republic of),TZA,2010,Country or economy,Wind,False,0.0,0.0,,0.0,0.0,0.0,0.0,0.0,,0.0,,Africa,Africa,False,False,False,False,False,Tanzania
Tanzania (the United Republic of),TZA,2010,Country or economy,Hydro,False,2.7,0.06,2.273,50.657,-4.343,0.57,0.064,0.001,1.587,4.715,23.704,Africa,Africa,False,False,False,False,False,Tanzania
Tanzania (the United Republic of),TZA,2010,Country or economy,Bioenergy,False,0.07,0.01,16.667,1.313,0.063,0.05,0.015,0.002,15.385,1.105,214.286,Africa,Africa,False,False,False,False,False,Tanzania
Tanzania (the United Republic of),TZA,2010,Country or economy,Other renewables,False,0.0,0.0,,0.0,0.0,0.0,0.0,0.0,,0.0,,Africa,Africa,False,False,False,False,False,Tanzania
Tanzania (the United Republic of),TZA,2010,Country or economy,Nuclear,False,0.0,0.0,,0.0,0.0,0.0,0.0,0.0,,0.0,,Africa,Africa,False,False,False,False,False,Tanzania
Tanzania (the United Republic of),TZA,2010,Country or economy,Coal,False,0.0,0.0,,0.0,0.0,,0.0,0.0,,0.0,,Africa,Africa,False,False,False,False,False,Tanzania
Tanzania (the United Republic of),TZA,2010,Country or economy,Gas,False,2.35,0.36,18.09,44.09,2.632,0.36,1.146,0.175,18.023,84.42,487.66,Africa,Africa,False,False,False,False,False,Tanzania
Tanzania (the United Republic of),TZA,2010,Country or economy,Other fossil,False,0.2,0.09,81.818,3.752,1.46,0.07,0.132,0.06,83.333,9.724,660.0,Africa,Africa,False,False,False,False,False,Tanzania
Tanzania (the United Republic of),TZA,2010,Country or economy,Net imports,False,0.06,0.0,0.0,1.126,-0.124,,0.0,0.0,,0.0,0.0,Africa,Africa,False,False,False,False,False,Tanzania
Tanzania (the United Republic of),TZA,2010,Country or economy,Wind and solar,True,0.01,0.01,,0.188,0.188,0.0,0.0,0.0,,0.0,0.0,Africa,Africa,False,False,False,False,False,Tanzania
Tanzania (the United Republic of),TZA,2010,Country or economy,"Hydro, bioenergy and other renewables",True,2.77,0.07,2.593,51.97,-4.28,0.62,0.079,0.003,3.947,5.819,28.52,Africa,Africa,False,False,False,False,False,Tanzania
Tanzania (the United Republic of),TZA,2010,Country or economy,Renewables,True,2.78,0.08,2.963,52.158,-4.092,0.62,0.08,0.004,5.263,5.893,28.777,Africa,Africa,False,False,False,False,False,Tanzania
Tanzania (the United Republic of),TZA,2010,Country or economy,Clean,True,2.78,0.08,2.963,52.158,-4.092,0.62,0.08,0.004,5.263,5.893,28.777,Africa,Africa,False,False,False,False,False,Tanzania
Tanzania (the United Republic of),TZA,2010,Country or economy,Fossil,True,2.55,0.45,21.429,47.842,4.092,0.43,1.278,0.235,22.531,94.143,501.176,Africa,Africa,False,False,False,False,False,Tanzania
Tanzania (the United Republic of),TZA,2010,Country or economy,Total generation,True,5.33,0.53,11.042,100.0,0.0,1.05,1.358,0.239,21.358,100.036,254.784,Africa,Africa,False,False,False,False,False,Tanzania
Tanzania (the United Republic of),TZA,2010,Country or economy,Demand,True,5.39,0.53,10.905,101.126,-0.124,,,,,,,Africa,Africa,False,False,False,False,False,Tanzania
Tanzania (the United Republic of),TZA,2011,Country or economy,Solar,False,0.01,0.0,0.0,0.193,0.005,0.0,0.0,0.0,,0.0,0.0,Africa,Africa,False,False,False,False,False,Tanzania
Tanzania (the United Republic of),TZA,2011,Country or economy,Wind,False,0.0,0.0,,0.0,0.0,0.0,0.0,0.0,,0.0,,Africa,Africa,False,False,False,False,False,Tanzania
Tanzania (the United Republic of),TZA,2011,Country or economy,Hydro,False,1.99,-0.71,-26.296,38.491,-12.166,0.57,0.047,-0.017,-26.562,2.834,23.618,Africa,Africa,False,False,False,False,False,Tanzania
Tanzania (the United Republic of),TZA,2011,Country or economy,Bioenergy,False,0.07,0.0,0.0,1.354,0.041,0.06,0.015,0.0,0.0,0.905,214.286,Africa,Africa,False,False,False,False,False,Tanzania
Tanzania (the United Republic of),TZA,2011,Country or economy,Other renewables,False,0.0,0.0,,0.0,0.0,0.0,0.0,0.0,,0.0,,Africa,Africa,False,False,False,False,False,Tanzania
Tanzania (the United Republic of),TZA,2011,Country or economy,Nuclear,False,0.0,0.0,,0.0,0.0,0.0,0.0,0.0,,0.0,,Africa,Africa,False,False,False,False,False,Tanzania
Tanzania (the United Republic of),TZA,2011,Country or economy,Coal,False,0.0,0.0,,0.0,0.0,,0.0,0.0,,0.0,,Africa,Africa,False,False,False,False,False,Tanzania
Tanzania (the United Republic of),TZA,2011,Country or economy,Gas,False,2.61,0.26,11.064,50.484,6.394,0.48,1.273,0.127,11.082,76.767,487.739,Africa,Africa,False,False,False,False,False,Tanzania
Tanzania (the United Republic of),TZA,2011,Country or economy,Other fossil,False,0.49,0.29,145.0,9.478,5.726,0.23,0.322,0.19,143.939,19.418,657.143,Africa,Africa,False,False,False,False,False,Tanzania
Tanzania (the United Republic of),TZA,2011,Country or economy,Net imports,False,0.05,-0.01,-16.667,0.967,-0.159,,0.0,0.0,,0.0,0.0,Africa,Africa,False,False,False,False,False,Tanzania
Tanzania (the United Republic of),TZA,2011,Country or economy,Wind and solar,True,0.01,0.0,0.0,0.193,0.005,0.0,0.0,0.0,,0.0,0.0,Africa,Africa,False,False,False,False,False,Tanzania
Tanzania (the United Republic of),TZA,2011,Country or economy,"Hydro, bioenergy and other renewables",True,2.06,-0.71,-25.632,39.845,-12.125,0.6299999999999999,0.062,-0.017,-21.519,3.739,30.097,Africa,Africa,False,False,False,False,False,Tanzania
Tanzania (the United Republic of),TZA,2011,Country or economy,Renewables,True,2.07,-0.71,-25.54,40.039,-12.119,0.6299999999999999,0.063,-0.017,-21.25,3.799,30.435,Africa,Africa,False,False,False,False,False,Tanzania
Tanzania (the United Republic of),TZA,2011,Country or economy,Clean,True,2.07,-0.71,-25.54,40.039,-12.119,0.6299999999999999,0.063,-0.017,-21.25,3.799,30.435,Africa,Africa,False,False,False,False,False,Tanzania
Tanzania (the United Republic of),TZA,2011,Country or economy,Fossil,True,3.1,0.55,21.569,59.961,12.119,0.71,1.595,0.317,24.804,96.185,514.516,Africa,Africa,False,False,False,False,False,Tanzania
Tanzania (the United Republic of),TZA,2011,Country or economy,Total generation,True,5.17,-0.16,-3.002,100.0,0.0,1.34,1.658,0.3,22.091,99.984,320.696,Africa,Africa,False,False,False,False,False,Tanzania
Tanzania (the United Republic of),TZA,2011,Country or economy,Demand,True,5.22,-0.17,-3.154,100.967,-0.159,,,,,,,Africa,Africa,False,False,False,False,False,Tanzania
Tanzania (the United Republic of),TZA,2012,Country or economy,Solar,False,0.01,0.0,0.0,0.176,-0.017,0.0,0.0,0.0,,0.0,0.0,Africa,Africa,False,False,False,False,False,Tanzania
Tanzania (the United Republic of),TZA,2012,Country or economy,Wind,False,0.0,0.0,,0.0,0.0,0.0,0.0,0.0,,0.0,,Africa,Africa,False,False,False,False,False,Tanzania
Tanzania (the United Republic of),TZA,2012,Country or economy,Hydro,False,1.77,-0.22,-11.055,31.217,-7.274,0.57,0.042,-0.005,-10.638,2.031,23.729,Africa,Africa,False,False,False,False,False,Tanzania
Tanzania (the United Republic of),TZA,2012,Country or economy,Bioenergy,False,0.06,-0.01,-14.286,1.058,-0.296,0.07,0.013,-0.002,-13.333,0.629,216.667,Africa,Africa,False,False,False,False,False,Tanzania
Tanzania (the United Republic of),TZA,2012,Country or economy,Other renewables,False,0.0,0.0,,0.0,0.0,0.0,0.0,0.0,,0.0,,Africa,Africa,False,False,False,False,False,Tanzania
Tanzania (the United Republic of),TZA,2012,Country or economy,Nuclear,False,0.0,0.0,,0.0,0.0,0.0,0.0,0.0,,0.0,,Africa,Africa,False,False,False,False,False,Tanzania
Tanzania (the United Republic of),TZA,2012,Country or economy,Coal,False,0.0,0.0,,0.0,0.0,,0.0,0.0,,0.0,,Africa,Africa,False,False,False,False,False,Tanzania
Tanzania (the United Republic of),TZA,2012,Country or economy,Gas,False,2.98,0.37,14.176,52.557,2.073,0.58,1.453,0.18,14.14,70.254,487.584,Africa,Africa,False,False,False,False,False,Tanzania
Tanzania (the United Republic of),TZA,2012,Country or economy,Other fossil,False,0.85,0.36,73.469,14.991,5.513,0.29,0.559,0.237,73.602,27.028,657.647,Africa,Africa,False,False,False,False,False,Tanzania
Tanzania (the United Republic of),TZA,2012,Country or economy,Net imports,False,0.06,0.01,20.0,1.058,0.091,,0.0,0.0,,0.0,0.0,Africa,Africa,False,False,False,False,False,Tanzania
Tanzania (the United Republic of),TZA,2012,Country or economy,Wind and solar,True,0.01,0.0,0.0,0.176,-0.017,0.0,0.0,0.0,,0.0,0.0,Africa,Africa,False,False,False,False,False,Tanzania
Tanzania (the United Republic of),TZA,2012,Country or economy,"Hydro, bioenergy and other renewables",True,1.83,-0.23,-11.165,32.275,-7.57,0.6399999999999999,0.055,-0.007,-11.29,2.659,30.055,Africa,Africa,False,False,False,False,False,Tanzania
Tanzania (the United Republic of),TZA,2012,Country or economy,Renewables,True,1.84,-0.23,-11.111,32.451,-7.588,0.6399999999999999,0.056,-0.007,-11.111,2.708,30.435,Africa,Africa,False,False,False,False,False,Tanzania
Tanzania (the United Republic of),TZA,2012,Country or economy,Clean,True,1.84,-0.23,-11.111,32.451,-7.588,0.6399999999999999,0.056,-0.007,-11.111,2.708,30.435,Africa,Africa,False,False,False,False,False,Tanzania
Tanzania (the United Republic of),TZA,2012,Country or economy,Fossil,True,3.83,0.73,23.548,67.549,7.588,0.8699999999999999,2.013,0.418,26.207,97.33,525.587,Africa,Africa,False,False,False,False,False,Tanzania
Tanzania (the United Republic of),TZA,2012,Country or economy,Total generation,True,5.67,0.5,9.671,100.0,0.0,1.5099999999999998,2.068,0.41,24.729,99.99,364.727,Africa,Africa,False,False,False,False,False,Tanzania
Tanzania (the United Republic of),TZA,2012,Country or economy,Demand,True,5.73,0.51,9.77,101.058,0.091,,,,,,,Africa,Africa,False,False,False,False,False,Tanzania
Tanzania (the United Republic of),TZA,2013,Country or economy,Solar,False,0.01,0.0,0.0,0.167,-0.009,0.0,0.0,0.0,,0.0,0.0,Africa,Africa,False,False,False,False,False,Tanzania
Tanzania (the United Republic of),TZA,2013,Country or economy,Wind,False,0.0,0.0,,0.0,0.0,0.0,0.0,0.0,,0.0,,Africa,Africa,False,False,False,False,False,Tanzania
Tanzania (the United Republic of),TZA,2013,Country or economy,Hydro,False,1.72,-0.05,-2.825,28.715,-2.502,0.57,0.041,-0.001,-2.381,1.769,23.837,Africa,Africa,False,False,False,False,False,Tanzania
Tanzania (the United Republic of),TZA,2013,Country or economy,Bioenergy,False,0.07,0.01,16.667,1.169,0.111,0.07,0.015,0.002,15.385,0.647,214.286,Africa,Africa,False,False,False,False,False,Tanzania
Tanzania (the United Republic of),TZA,2013,Country or economy,Other renewables,False,0.0,0.0,,0.0,0.0,0.0,0.0,0.0,,0.0,,Africa,Africa,False,False,False,False,False,Tanzania
Tanzania (the United Republic of),TZA,2013,Country or economy,Nuclear,False,0.0,0.0,,0.0,0.0,0.0,0.0,0.0,,0.0,,Africa,Africa,False,False,False,False,False,Tanzania
Tanzania (the United Republic of),TZA,2013,Country or economy,Coal,False,0.0,0.0,,0.0,0.0,,0.0,0.0,,0.0,,Africa,Africa,False,False,False,False,False,Tanzania
Tanzania (the United Republic of),TZA,2013,Country or economy,Gas,False,2.91,-0.07,-2.349,48.581,-3.976,0.58,1.419,-0.034,-2.34,61.217,487.629,Africa,Africa,False,False,False,False,False,Tanzania
Tanzania (the United Republic of),TZA,2013,Country or economy,Other fossil,False,1.28,0.43,50.588,21.369,6.378,0.35,0.842,0.283,50.626,36.325,657.812,Africa,Africa,False,False,False,False,False,Tanzania
Tanzania (the United Republic of),TZA,2013,Country or economy,Net imports,False,0.06,0.0,0.0,1.002,-0.056,,0.0,0.0,,0.0,0.0,Africa,Africa,False,False,False,False,False,Tanzania
Tanzania (the United Republic of),TZA,2013,Country or economy,Wind and solar,True,0.01,0.0,0.0,0.167,-0.009,0.0,0.0,0.0,,0.0,0.0,Africa,Africa,False,False,False,False,False,Tanzania
Tanzania (the United Republic of),TZA,2013,Country or economy,"Hydro, bioenergy and other renewables",True,1.79,-0.04,-2.186,29.883,-2.392,0.6399999999999999,0.056,0.001,1.818,2.416,31.285,Africa,Africa,False,False,False,False,False,Tanzania
Tanzania (the United Republic of),TZA,2013,Country or economy,Renewables,True,1.8,-0.04,-2.174,30.05,-2.401,0.6399999999999999,0.056,0.0,0.0,2.416,31.111,Africa,Africa,False,False,False,False,False,Tanzania
Tanzania (the United Republic of),TZA,2013,Country or economy,Clean,True,1.8,-0.04,-2.174,30.05,-2.401,0.6399999999999999,0.056,0.0,0.0,2.416,31.111,Africa,Africa,False,False,False,False,False,Tanzania
Tanzania (the United Republic of),TZA,2013,Country or economy,Fossil,True,4.19,0.36,9.399,69.95,2.401,0.93,2.262,0.249,12.37,97.585,539.857,Africa,Africa,False,False,False,False,False,Tanzania
Tanzania (the United Republic of),TZA,2013,Country or economy,Total generation,True,5.99,0.32,5.644,100.0,0.0,1.5699999999999998,2.318,0.25,12.089,100.001,386.978,Africa,Africa,False,False,False,False,False,Tanzania
Tanzania (the United Republic of),TZA,2013,Country or economy,Demand,True,6.05,0.32,5.585,101.002,-0.056,,,,,,,Africa,Africa,False,False,False,False,False,Tanzania
Tanzania (the United Republic of),TZA,2014,Country or economy,Solar,False,0.02,0.01,100.0,0.319,0.152,0.01,0.001,0.001,,0.05,50.0,Africa,Africa,False,False,False,False,False,Tanzania
Tanzania (the United Republic of),TZA,2014,Country or economy,Wind,False,0.0,0.0,,0.0,0.0,0.0,0.0,0.0,,0.0,,Africa,Africa,False,False,False,False,False,Tanzania
Tanzania (the United Republic of),TZA,2014,Country or economy,Hydro,False,2.59,0.87,50.581,41.374,12.659,0.57,0.062,0.021,51.22,3.116,23.938,Africa,Africa,False,False,False,False,False,Tanzania
Tanzania (the United Republic of),TZA,2014,Country or economy,Bioenergy,False,0.06,-0.01,-14.286,0.958,-0.211,0.07,0.013,-0.002,-13.333,0.653,216.667,Africa,Africa,False,False,False,False,False,Tanzania
Tanzania (the United Republic of),TZA,2014,Country or economy,Other renewables,False,0.0,0.0,,0.0,0.0,0.0,0.0,0.0,,0.0,,Africa,Africa,False,False,False,False,False,Tanzania
Tanzania (the United Republic of),TZA,2014,Country or economy,Nuclear,False,0.0,0.0,,0.0,0.0,0.0,0.0,0.0,,0.0,,Africa,Africa,False,False,False,False,False,Tanzania
Tanzania (the United Republic of),TZA,2014,Country or economy,Coal,False,0.0,0.0,,0.0,0.0,,0.0,0.0,,0.0,,Africa,Africa,False,False,False,False,False,Tanzania
Tanzania (the United Republic of),TZA,2014,Country or economy,Gas,False,2.63,-0.28,-9.622,42.013,-6.568,0.58,1.283,-0.136,-9.584,64.477,487.833,Africa,Africa,False,False,False,False,False,Tanzania
Tanzania (the United Republic of),TZA,2014,Country or economy,Other fossil,False,0.96,-0.32,-25.0,15.335,-6.034,0.3,0.632,-0.21,-24.941,31.761,658.333,Africa,Africa,False,False,False,False,False,Tanzania
Tanzania (the United Republic of),TZA,2014,Country or economy,Net imports,False,0.06,0.0,0.0,0.958,-0.044,,0.0,0.0,,0.0,0.0,Africa,Africa,False,False,False,False,False,Tanzania
Tanzania (the United Republic of),TZA,2014,Country or economy,Wind and solar,True,0.02,0.01,100.0,0.319,0.152,0.01,0.001,0.001,,0.05,50.0,Africa,Africa,False,False,False,False,False,Tanzania
Tanzania (the United Republic of),TZA,2014,Country or economy,"Hydro, bioenergy and other renewables",True,2.65,0.86,48.045,42.332,12.449,0.6399999999999999,0.075,0.019,33.929,3.769,28.302,Africa,Africa,False,False,False,False,False,Tanzania
Tanzania (the United Republic of),TZA,2014,Country or economy,Renewables,True,2.67,0.87,48.333,42.652,12.602,0.6499999999999999,0.075,0.019,33.929,3.769,28.09,Africa,Africa,False,False,False,False,False,Tanzania
Tanzania (the United Republic of),TZA,2014,Country or economy,Clean,True,2.67,0.87,48.333,42.652,12.602,0.6499999999999999,0.075,0.019,33.929,3.769,28.09,Africa,Africa,False,False,False,False,False,Tanzania
Tanzania (the United Republic of),TZA,2014,Country or economy,Fossil,True,3.59,-0.6,-14.32,57.348,-12.602,0.8799999999999999,1.914,-0.348,-15.385,96.188,533.148,Africa,Africa,False,False,False,False,False,Tanzania
Tanzania (the United Republic of),TZA,2014,Country or economy,Total generation,True,6.26,0.27,4.508,100.0,0.0,1.5299999999999998,1.99,-0.328,-14.15,100.008,317.891,Africa,Africa,False,False,False,False,False,Tanzania
Tanzania (the United Republic of),TZA,2014,Country or economy,Demand,True,6.32,0.27,4.463,100.958,-0.044,,,,,,,Africa,Africa,False,False,False,False,False,Tanzania
Tanzania (the United Republic of),TZA,2015,Country or economy,Solar,False,0.02,0.0,0.0,0.306,-0.013,0.01,0.001,0.0,0.0,0.041,50.0,Africa,Africa,False,False,False,False,False,Tanzania
Tanzania (the United Republic of),TZA,2015,Country or economy,Wind,False,0.0,0.0,,0.0,0.0,0.0,0.0,0.0,,0.0,,Africa,Africa,False,False,False,False,False,Tanzania
Tanzania (the United Republic of),TZA,2015,Country or economy,Hydro,False,2.11,-0.48,-18.533,32.312,-9.062,0.58,0.05,-0.012,-19.355,2.055,23.697,Africa,Africa,False,False,False,False,False,Tanzania
Tanzania (the United Republic of),TZA,2015,Country or economy,Bioenergy,False,0.06,0.0,0.0,0.919,-0.039,0.07,0.013,0.0,0.0,0.534,216.667,Africa,Africa,False,False,False,False,False,Tanzania
Tanzania (the United Republic of),TZA,2015,Country or economy,Other renewables,False,0.0,0.0,,0.0,0.0,0.0,0.0,0.0,,0.0,,Africa,Africa,False,False,False,False,False,Tanzania
Tanzania (the United Republic of),TZA,2015,Country or economy,Nuclear,False,0.0,0.0,,0.0,0.0,0.0,0.0,0.0,,0.0,,Africa,Africa,False,False,False,False,False,Tanzania
Tanzania (the United Republic of),TZA,2015,Country or economy,Coal,False,0.0,0.0,,0.0,0.0,,0.0,0.0,,0.0,,Africa,Africa,False,False,False,False,False,Tanzania
Tanzania (the United Republic of),TZA,2015,Country or economy,Gas,False,2.86,0.23,8.745,43.798,1.785,0.58,1.395,0.112,8.73,57.342,487.762,Africa,Africa,False,False,False,False,False,Tanzania
Tanzania (the United Republic of),TZA,2015,Country or economy,Other fossil,False,1.48,0.52,54.167,22.665,7.33,0.25,0.974,0.342,54.114,40.037,658.108,Africa,Africa,False,False,False,False,False,Tanzania
Tanzania (the United Republic of),TZA,2015,Country or economy,Net imports,False,0.07,0.01,16.667,1.072,0.114,,0.0,0.0,,0.0,0.0,Africa,Africa,False,False,False,False,False,Tanzania
Tanzania (the United Republic of),TZA,2015,Country or economy,Wind and solar,True,0.02,0.0,0.0,0.306,-0.013,0.01,0.001,0.0,0.0,0.041,50.0,Africa,Africa,False,False,False,False,False,Tanzania
Tanzania (the United Republic of),TZA,2015,Country or economy,"Hydro, bioenergy and other renewables",True,2.17,-0.48,-18.113,33.231,-9.101,0.6499999999999999,0.063,-0.012,-16.0,2.59,29.032,Africa,Africa,False,False,False,False,False,Tanzania
Tanzania (the United Republic of),TZA,2015,Country or economy,Renewables,True,2.19,-0.48,-17.978,33.538,-9.114,0.6599999999999999,0.064,-0.011,-14.667,2.631,29.224,Africa,Africa,False,False,False,False,False,Tanzania
Tanzania (the United Republic of),TZA,2015,Country or economy,Clean,True,2.19,-0.48,-17.978,33.538,-9.114,0.6599999999999999,0.064,-0.011,-14.667,2.631,29.224,Africa,Africa,False,False,False,False,False,Tanzania
Tanzania (the United Republic of),TZA,2015,Country or economy,Fossil,True,4.34,0.75,20.891,66.462,9.114,0.83,2.369,0.455,23.772,97.378,545.853,Africa,Africa,False,False,False,False,False,Tanzania
Tanzania (the United Republic of),TZA,2015,Country or economy,Total generation,True,6.53,0.27,4.313,100.0,0.0,1.49,2.433,0.443,22.261,100.009,372.588,Africa,Africa,False,False,False,False,False,Tanzania
Tanzania (the United Republic of),TZA,2015,Country or economy,Demand,True,6.6,0.28,4.43,101.072,0.114,,,,,,,Africa,Africa,False,False,False,False,False,Tanzania
Tanzania (the United Republic of),TZA,2016,Country or economy,Solar,False,0.03,0.01,50.0,0.44,0.134,0.01,0.001,0.0,0.0,0.045,33.333,Africa,Africa,False,False,False,False,False,Tanzania
Tanzania (the United Republic of),TZA,2016,Country or economy,Wind,False,0.0,0.0,,0.0,0.0,0.0,0.0,0.0,,0.0,,Africa,Africa,False,False,False,False,False,Tanzania
Tanzania (the United Republic of),TZA,2016,Country or economy,Hydro,False,2.37,0.26,12.322,34.751,2.439,0.59,0.056,0.006,12.0,2.503,23.629,Africa,Africa,False,False,False,False,False,Tanzania
Tanzania (the United Republic of),TZA,2016,Country or economy,Bioenergy,False,0.07,0.01,16.667,1.026,0.107,0.07,0.015,0.002,15.385,0.671,214.286,Africa,Africa,False,False,False,False,False,Tanzania
Tanzania (the United Republic of),TZA,2016,Country or economy,Other renewables,False,0.0,0.0,,0.0,0.0,0.0,0.0,0.0,,0.0,,Africa,Africa,False,False,False,False,False,Tanzania
Tanzania (the United Republic of),TZA,2016,Country or economy,Nuclear,False,0.0,0.0,,0.0,0.0,0.0,0.0,0.0,,0.0,,Africa,Africa,False,False,False,False,False,Tanzania
Tanzania (the United Republic of),TZA,2016,Country or economy,Coal,False,0.0,0.0,,0.0,0.0,,0.0,0.0,,0.0,,Africa,Africa,False,False,False,False,False,Tanzania
Tanzania (the United Republic of),TZA,2016,Country or economy,Gas,False,4.1,1.24,43.357,60.117,16.319,0.61,2.0,0.605,43.369,89.404,487.805,Africa,Africa,False,False,False,False,False,Tanzania
Tanzania (the United Republic of),TZA,2016,Country or economy,Other fossil,False,0.25,-1.23,-83.108,3.666,-18.999,0.21,0.164,-0.81,-83.162,7.331,656.0,Africa,Africa,False,False,False,False,False,Tanzania
Tanzania (the United Republic of),TZA,2016,Country or economy,Net imports,False,0.1,0.03,42.857,1.466,0.394,,0.0,0.0,,0.0,0.0,Africa,Africa,False,False,False,False,False,Tanzania
Tanzania (the United Republic of),TZA,2016,Country or economy,Wind and solar,True,0.03,0.01,50.0,0.44,0.134,0.01,0.001,0.0,0.0,0.045,33.333,Africa,Africa,False,False,False,False,False,Tanzania
Tanzania (the United Republic of),TZA,2016,Country or economy,"Hydro, bioenergy and other renewables",True,2.44,0.27,12.442,35.777,2.546,0.6599999999999999,0.071,0.008,12.698,3.174,29.098,Africa,Africa,False,False,False,False,False,Tanzania
Tanzania (the United Republic of),TZA,2016,Country or economy,Renewables,True,2.47,0.28,12.785,36.217,2.679,0.6699999999999999,0.073,0.009,14.062,3.263,29.555,Africa,Africa,False,False,False,False,False,Tanzania
Tanzania (the United Republic of),TZA,2016,Country or economy,Clean,True,2.47,0.28,12.785,36.217,2.679,0.6699999999999999,0.073,0.009,14.062,3.263,29.555,Africa,Africa,False,False,False,False,False,Tanzania
Tanzania (the United Republic of),TZA,2016,Country or economy,Fossil,True,4.35,0.01,0.23,63.783,-2.679,0.82,2.164,-0.205,-8.653,96.736,497.471,Africa,Africa,False,False,False,False,False,Tanzania
Tanzania (the United Republic of),TZA,2016,Country or economy,Total generation,True,6.82,0.29,4.441,100.0,0.0,1.49,2.237,-0.196,-8.056,99.999,328.006,Africa,Africa,False,False,False,False,False,Tanzania
Tanzania (the United Republic of),TZA,2016,Country or economy,Demand,True,6.92,0.32,4.848,101.466,0.394,,,,,,,Africa,Africa,False,False,False,False,False,Tanzania
Tanzania (the United Republic of),TZA,2017,Country or economy,Solar,False,0.04,0.01,33.333,0.566,0.126,0.01,0.002,0.001,100.0,0.084,50.0,Africa,Africa,False,False,False,False,False,Tanzania
Tanzania (the United Republic of),TZA,2017,Country or economy,Wind,False,0.0,0.0,,0.0,0.0,0.0,0.0,0.0,,0.0,,Africa,Africa,False,False,False,False,False,Tanzania
Tanzania (the United Republic of),TZA,2017,Country or economy,Hydro,False,2.35,-0.02,-0.844,33.239,-1.512,0.59,0.056,0.0,0.0,2.362,23.83,Africa,Africa,False,False,False,False,False,Tanzania
Tanzania (the United Republic of),TZA,2017,Country or economy,Bioenergy,False,0.07,0.0,0.0,0.99,-0.036,0.07,0.015,0.0,0.0,0.633,214.286,Africa,Africa,False,False,False,False,False,Tanzania
Tanzania (the United Republic of),TZA,2017,Country or economy,Other renewables,False,0.0,0.0,,0.0,0.0,0.0,0.0,0.0,,0.0,,Africa,Africa,False,False,False,False,False,Tanzania
Tanzania (the United Republic of),TZA,2017,Country or economy,Nuclear,False,0.0,0.0,,0.0,0.0,0.0,0.0,0.0,,0.0,,Africa,Africa,False,False,False,False,False,Tanzania
Tanzania (the United Republic of),TZA,2017,Country or economy,Coal,False,0.0,0.0,,0.0,0.0,,0.0,0.0,,0.0,,Africa,Africa,False,False,False,False,False,Tanzania
Tanzania (the United Republic of),TZA,2017,Country or economy,Gas,False,4.32,0.22,5.366,61.103,0.986,0.62,2.107,0.107,5.35,88.879,487.731,Africa,Africa,False,False,False,False,False,Tanzania
Tanzania (the United Republic of),TZA,2017,Country or economy,Other fossil,False,0.29,0.04,16.0,4.102,0.436,0.11,0.191,0.027,16.463,8.057,658.621,Africa,Africa,False,False,False,False,False,Tanzania
Tanzania (the United Republic of),TZA,2017,Country or economy,Net imports,False,0.11,0.01,10.0,1.556,0.09,,0.0,0.0,,0.0,0.0,Africa,Africa,False,False,False,False,False,Tanzania
Tanzania (the United Republic of),TZA,2017,Country or economy,Wind and solar,True,0.04,0.01,33.333,0.566,0.126,0.01,0.002,0.001,100.0,0.084,50.0,Africa,Africa,False,False,False,False,False,Tanzania
Tanzania (the United Republic of),TZA,2017,Country or economy,"Hydro, bioenergy and other renewables",True,2.42,-0.02,-0.82,34.229,-1.548,0.6599999999999999,0.071,0.0,0.0,2.995,29.339,Africa,Africa,False,False,False,False,False,Tanzania
Tanzania (the United Republic of),TZA,2017,Country or economy,Renewables,True,2.46,-0.01,-0.405,34.795,-1.422,0.6699999999999999,0.073,0.0,0.0,3.079,29.675,Africa,Africa,False,False,False,False,False,Tanzania
Tanzania (the United Republic of),TZA,2017,Country or economy,Clean,True,2.46,-0.01,-0.405,34.795,-1.422,0.6699999999999999,0.073,0.0,0.0,3.079,29.675,Africa,Africa,False,False,False,False,False,Tanzania
Tanzania (the United Republic of),TZA,2017,Country or economy,Fossil,True,4.61,0.26,5.977,65.205,1.422,0.73,2.298,0.134,6.192,96.936,498.482,Africa,Africa,False,False,False,False,False,Tanzania
Tanzania (the United Republic of),TZA,2017,Country or economy,Total generation,True,7.07,0.25,3.666,100.0,0.0,1.4,2.371,0.134,5.99,100.015,335.361,Africa,Africa,False,False,False,False,False,Tanzania
Tanzania (the United Republic of),TZA,2017,Country or economy,Demand,True,7.18,0.26,3.757,101.556,0.09,,,,,,,Africa,Africa,False,False,False,False,False,Tanzania
Tanzania (the United Republic of),TZA,2018,Country or economy,Solar,False,0.03,-0.01,-25.0,0.41,-0.156,0.01,0.001,-0.001,-50.0,0.04,33.333,Africa,Africa,False,False,False,False,False,Tanzania
Tanzania (the United Republic of),TZA,2018,Country or economy,Wind,False,0.0,0.0,,0.0,0.0,0.0,0.0,0.0,,0.0,,Africa,Africa,False,False,False,False,False,Tanzania
Tanzania (the United Republic of),TZA,2018,Country or economy,Hydro,False,2.23,-0.12,-5.106,30.506,-2.733,0.6,0.053,-0.003,-5.357,2.102,23.767,Africa,Africa,False,False,False,False,False,Tanzania
Tanzania (the United Republic of),TZA,2018,Country or economy,Bioenergy,False,0.06,-0.01,-14.286,0.821,-0.169,0.07,0.013,-0.002,-13.333,0.516,216.667,Africa,Africa,False,False,False,False,False,Tanzania
Tanzania (the United Republic of),TZA,2018,Country or economy,Other renewables,False,0.0,0.0,,0.0,0.0,0.0,0.0,0.0,,0.0,,Africa,Africa,False,False,False,False,False,Tanzania
Tanzania (the United Republic of),TZA,2018,Country or economy,Nuclear,False,0.0,0.0,,0.0,0.0,0.0,0.0,0.0,,0.0,,Africa,Africa,False,False,False,False,False,Tanzania
Tanzania (the United Republic of),TZA,2018,Country or economy,Coal,False,0.0,0.0,,0.0,0.0,,0.0,0.0,,0.0,,Africa,Africa,False,False,False,False,False,Tanzania
Tanzania (the United Republic of),TZA,2018,Country or economy,Gas,False,4.87,0.55,12.731,66.621,5.518,0.89,2.375,0.268,12.72,94.188,487.68,Africa,Africa,False,False,False,False,False,Tanzania
Tanzania (the United Republic of),TZA,2018,Country or economy,Other fossil,False,0.12,-0.17,-58.621,1.642,-2.46,0.12,0.079,-0.112,-58.639,3.133,658.333,Africa,Africa,False,False,False,False,False,Tanzania
Tanzania (the United Republic of),TZA,2018,Country or economy,Net imports,False,0.12,0.01,9.091,1.642,0.086,,0.0,0.0,,0.0,0.0,Africa,Africa,False,False,False,False,False,Tanzania
Tanzania (the United Republic of),TZA,2018,Country or economy,Wind and solar,True,0.03,-0.01,-25.0,0.41,-0.156,0.01,0.001,-0.001,-50.0,0.04,33.333,Africa,Africa,False,False,False,False,False,Tanzania
Tanzania (the United Republic of),TZA,2018,Country or economy,"Hydro, bioenergy and other renewables",True,2.29,-0.13,-5.372,31.327,-2.902,0.6699999999999999,0.066,-0.005,-7.042,2.617,28.821,Africa,Africa,False,False,False,False,False,Tanzania
Tanzania (the United Republic of),TZA,2018,Country or economy,Renewables,True,2.32,-0.14,-5.691,31.737,-3.058,0.6799999999999999,0.067,-0.006,-8.219,2.657,28.879,Africa,Africa,False,False,False,False,False,Tanzania
Tanzania (the United Republic of),TZA,2018,Country or economy,Clean,True,2.32,-0.14,-5.691,31.737,-3.058,0.6799999999999999,0.067,-0.006,-8.219,2.657,28.879,Africa,Africa,False,False,False,False,False,Tanzania
Tanzania (the United Republic of),TZA,2018,Country or economy,Fossil,True,4.99,0.38,8.243,68.263,3.058,1.01,2.454,0.156,6.789,97.321,491.784,Africa,Africa,False,False,False,False,False,Tanzania
Tanzania (the United Republic of),TZA,2018,Country or economy,Total generation,True,7.31,0.24,3.395,100.0,0.0,1.6900000000000002,2.522,0.151,6.369,100.018,345.007,Africa,Africa,False,False,False,False,False,Tanzania
Tanzania (the United Republic of),TZA,2018,Country or economy,Demand,True,7.43,0.25,3.482,101.642,0.086,,,,,,,Africa,Africa,False,False,False,False,False,Tanzania
Tanzania (the United Republic of),TZA,2019,Country or economy,Solar,False,0.03,0.0,0.0,0.386,-0.024,0.01,0.001,0.0,0.0,0.038,33.333,Africa,Africa,False,False,False,False,False,Tanzania
Tanzania (the United Republic of),TZA,2019,Country or economy,Wind,False,0.0,0.0,,0.0,0.0,0.0,0.0,0.0,,0.0,,Africa,Africa,False,False,False,False,False,Tanzania
Tanzania (the United Republic of),TZA,2019,Country or economy,Hydro,False,2.48,0.25,11.211,31.918,1.412,0.6,0.059,0.006,11.321,2.252,23.79,Africa,Africa,False,False,False,False,False,Tanzania
Tanzania (the United Republic of),TZA,2019,Country or economy,Bioenergy,False,0.07,0.01,16.667,0.901,0.08,0.07,0.015,0.002,15.385,0.572,214.286,Africa,Africa,False,False,False,False,False,Tanzania
Tanzania (the United Republic of),TZA,2019,Country or economy,Other renewables,False,0.0,0.0,,0.0,0.0,0.0,0.0,0.0,,0.0,,Africa,Africa,False,False,False,False,False,Tanzania
Tanzania (the United Republic of),TZA,2019,Country or economy,Nuclear,False,0.0,0.0,,0.0,0.0,0.0,0.0,0.0,,0.0,,Africa,Africa,False,False,False,False,False,Tanzania
Tanzania (the United Republic of),TZA,2019,Country or economy,Coal,False,0.0,0.0,,0.0,0.0,,0.0,0.0,,0.0,,Africa,Africa,False,False,False,False,False,Tanzania
Tanzania (the United Republic of),TZA,2019,Country or economy,Gas,False,5.11,0.24,4.928,65.766,-0.855,0.89,2.492,0.117,4.926,95.101,487.671,Africa,Africa,False,False,False,False,False,Tanzania
Tanzania (the United Republic of),TZA,2019,Country or economy,Other fossil,False,0.08,-0.04,-33.333,1.03,-0.612,0.12,0.053,-0.026,-32.911,2.023,662.5,Africa,Africa,False,False,False,False,False,Tanzania
Tanzania (the United Republic of),TZA,2019,Country or economy,Net imports,False,0.11,-0.01,-8.333,1.416,-0.226,,0.0,0.0,,0.0,0.0,Africa,Africa,False,False,False,False,False,Tanzania
Tanzania (the United Republic of),TZA,2019,Country or economy,Wind and solar,True,0.03,0.0,0.0,0.386,-0.024,0.01,0.001,0.0,0.0,0.038,33.333,Africa,Africa,False,False,False,False,False,Tanzania
Tanzania (the United Republic of),TZA,2019,Country or economy,"Hydro, bioenergy and other renewables",True,2.55,0.26,11.354,32.819,1.492,0.6699999999999999,0.074,0.008,12.121,2.824,29.02,Africa,Africa,False,False,False,False,False,Tanzania
Tanzania (the United Republic of),TZA,2019,Country or economy,Renewables,True,2.58,0.26,11.207,33.205,1.468,0.6799999999999999,0.075,0.008,11.94,2.862,29.07,Africa,Africa,False,False,False,False,False,Tanzania
Tanzania (the United Republic of),TZA,2019,Country or economy,Clean,True,2.58,0.26,11.207,33.205,1.468,0.6799999999999999,0.075,0.008,11.94,2.862,29.07,Africa,Africa,False,False,False,False,False,Tanzania
Tanzania (the United Republic of),TZA,2019,Country or economy,Fossil,True,5.19,0.2,4.008,66.795,-1.468,1.01,2.545,0.091,3.708,97.123,490.366,Africa,Africa,False,False,False,False,False,Tanzania
Tanzania (the United Republic of),TZA,2019,Country or economy,Total generation,True,7.77,0.46,6.293,100.0,0.0,1.6900000000000002,2.62,0.098,3.886,99.986,337.194,Africa,Africa,False,False,False,False,False,Tanzania
Tanzania (the United Republic of),TZA,2019,Country or economy,Demand,True,7.88,0.45,6.057,101.416,-0.226,,,,,,,Africa,Africa,False,False,False,False,False,Tanzania
Tanzania (the United Republic of),TZA,2020,Country or economy,Solar,False,0.03,0.0,0.0,0.383,-0.003,0.01,0.001,0.0,0.0,0.043,33.333,Africa,Africa,False,False,False,False,False,Tanzania
Tanzania (the United Republic of),TZA,2020,Country or economy,Wind,False,0.0,0.0,,0.0,0.0,0.0,0.0,0.0,,0.0,,Africa,Africa,False,False,False,False,False,Tanzania
Tanzania (the United Republic of),TZA,2020,Country or economy,Hydro,False,3.14,0.66,26.613,40.102,8.184,0.6,0.075,0.016,27.119,3.2,23.885,Africa,Africa,False,False,False,False,False,Tanzania
Tanzania (the United Republic of),TZA,2020,Country or economy,Bioenergy,False,0.07,0.0,0.0,0.894,-0.007,0.07,0.015,0.0,0.0,0.64,214.286,Africa,Africa,False,False,False,False,False,Tanzania
Tanzania (the United Republic of),TZA,2020,Country or economy,Other renewables,False,0.0,0.0,,0.0,0.0,0.0,0.0,0.0,,0.0,,Africa,Africa,False,False,False,False,False,Tanzania
Tanzania (the United Republic of),TZA,2020,Country or economy,Nuclear,False,0.0,0.0,,0.0,0.0,0.0,0.0,0.0,,0.0,,Africa,Africa,False,False,False,False,False,Tanzania
Tanzania (the United Republic of),TZA,2020,Country or economy,Coal,False,0.0,0.0,,0.0,0.0,,0.0,0.0,,0.0,,Africa,Africa,False,False,False,False,False,Tanzania
Tanzania (the United Republic of),TZA,2020,Country or economy,Gas,False,4.51,-0.6,-11.742,57.599,-8.167,0.89,2.2,-0.292,-11.717,93.88,487.805,Africa,Africa,False,False,False,False,False,Tanzania
Tanzania (the United Republic of),TZA,2020,Country or economy,Other fossil,False,0.08,0.0,0.0,1.022,-0.008,0.13,0.053,0.0,0.0,2.262,662.5,Africa,Africa,False,False,False,False,False,Tanzania
Tanzania (the United Republic of),TZA,2020,Country or economy,Net imports,False,0.11,0.0,0.0,1.405,-0.011,,0.0,0.0,,0.0,0.0,Africa,Africa,False,False,False,False,False,Tanzania
Tanzania (the United Republic of),TZA,2020,Country or economy,Wind and solar,True,0.03,0.0,0.0,0.383,-0.003,0.01,0.001,0.0,0.0,0.043,33.333,Africa,Africa,False,False,False,False,False,Tanzania
Tanzania (the United Republic of),TZA,2020,Country or economy,"Hydro, bioenergy and other renewables",True,3.21,0.66,25.882,40.996,8.177,0.6699999999999999,0.09,0.016,21.622,3.841,28.037,Africa,Africa,False,False,False,False,False,Tanzania
Tanzania (the United Republic of),TZA,2020,Country or economy,Renewables,True,3.24,0.66,25.581,41.379,8.174,0.6799999999999999,0.091,0.016,21.333,3.883,28.086,Africa,Africa,False,False,False,False,False,Tanzania
Tanzania (the United Republic of),TZA,2020,Country or economy,Clean,True,3.24,0.66,25.581,41.379,8.174,0.6799999999999999,0.091,0.016,21.333,3.883,28.086,Africa,Africa,False,False,False,False,False,Tanzania
Tanzania (the United Republic of),TZA,2020,Country or economy,Fossil,True,4.59,-0.6,-11.561,58.621,-8.174,1.02,2.252,-0.293,-11.513,96.099,490.632,Africa,Africa,False,False,False,False,False,Tanzania
Tanzania (the United Republic of),TZA,2020,Country or economy,Total generation,True,7.83,0.06,0.772,100.0,0.0,1.7,2.343,-0.277,-10.573,99.982,299.234,Africa,Africa,False,False,False,False,False,Tanzania
Tanzania (the United Republic of),TZA,2020,Country or economy,Demand,True,7.94,0.06,0.761,101.405,-0.011,,,,,,,Africa,Africa,False,False,False,False,False,Tanzania
Tanzania (the United Republic of),TZA,2021,Country or economy,Solar,False,0.03,0.0,0.0,0.347,-0.036,0.01,0.001,0.0,0.0,0.036,33.333,Africa,Africa,False,False,False,False,False,Tanzania
Tanzania (the United Republic of),TZA,2021,Country or economy,Wind,False,0.0,0.0,,0.0,0.0,0.0,0.0,0.0,,0.0,,Africa,Africa,False,False,False,False,False,Tanzania
Tanzania (the United Republic of),TZA,2021,Country or economy,Hydro,False,3.09,-0.05,-1.592,35.723,-4.379,0.6,0.073,-0.002,-2.667,2.635,23.625,Africa,Africa,False,False,False,False,False,Tanzania
Tanzania (the United Republic of),TZA,2021,Country or economy,Bioenergy,False,0.07,0.0,0.0,0.809,-0.085,0.07,0.015,0.0,0.0,0.542,214.286,Africa,Africa,False,False,False,False,False,Tanzania
Tanzania (the United Republic of),TZA,2021,Country or economy,Other renewables,False,0.0,0.0,,0.0,0.0,0.0,0.0,0.0,,0.0,,Africa,Africa,False,False,False,False,False,Tanzania
Tanzania (the United Republic of),TZA,2021,Country or economy,Nuclear,False,0.0,0.0,,0.0,0.0,0.0,0.0,0.0,,0.0,,Africa,Africa,False,False,False,False,False,Tanzania
Tanzania (the United Republic of),TZA,2021,Country or economy,Coal,False,0.0,0.0,,0.0,0.0,,0.0,0.0,,0.0,,Africa,Africa,False,False,False,False,False,Tanzania
Tanzania (the United Republic of),TZA,2021,Country or economy,Gas,False,5.36,0.85,18.847,61.965,4.366,1.02,2.614,0.414,18.818,94.37,487.687,Africa,Africa,False,False,False,False,False,Tanzania
Tanzania (the United Republic of),TZA,2021,Country or economy,Other fossil,False,0.1,0.02,25.0,1.156,0.134,0.13,0.066,0.013,24.528,2.383,660.0,Africa,Africa,False,False,False,False,False,Tanzania
Tanzania (the United Republic of),TZA,2021,Country or economy,Net imports,False,0.14,0.03,27.273,1.618,0.213,,0.0,0.0,,0.0,0.0,Africa,Africa,False,False,False,False,False,Tanzania
Tanzania (the United Republic of),TZA,2021,Country or economy,Wind and solar,True,0.03,0.0,0.0,0.347,-0.036,0.01,0.001,0.0,0.0,0.036,33.333,Africa,Africa,False,False,False,False,False,Tanzania
Tanzania (the United Republic of),TZA,2021,Country or economy,"Hydro, bioenergy and other renewables",True,3.16,-0.05,-1.558,36.532,-4.464,0.6699999999999999,0.089,-0.001,-1.111,3.213,28.165,Africa,Africa,False,False,False,False,False,Tanzania
Tanzania (the United Republic of),TZA,2021,Country or economy,Renewables,True,3.19,-0.05,-1.543,36.879,-4.5,0.6799999999999999,0.09,-0.001,-1.099,3.249,28.213,Africa,Africa,False,False,False,False,False,Tanzania
Tanzania (the United Republic of),TZA,2021,Country or economy,Clean,True,3.19,-0.05,-1.543,36.879,-4.5,0.6799999999999999,0.09,-0.001,-1.099,3.249,28.213,Africa,Africa,False,False,False,False,False,Tanzania
Tanzania (the United Republic of),TZA,2021,Country or economy,Fossil,True,5.46,0.87,18.954,63.121,4.5,1.15,2.68,0.428,19.005,96.752,490.842,Africa,Africa,False,False,False,False,False,Tanzania
Tanzania (the United Republic of),TZA,2021,Country or economy,Total generation,True,8.65,0.82,10.473,100.0,0.0,1.83,2.77,0.427,18.224,100.001,320.231,Africa,Africa,False,False,False,False,False,Tanzania
Tanzania (the United Republic of),TZA,2021,Country or economy,Demand,True,8.79,0.85,10.705,101.618,0.213,,,,,,,Africa,Africa,False,False,False,False,False,Tanzania
Tanzania (the United Republic of),TZA,2022,Country or economy,Solar,False,0.03,0.0,0.0,0.312,-0.035,0.01,0.001,0.0,0.0,0.03,33.333,Africa,Africa,False,False,False,False,False,Tanzania
Tanzania (the United Republic of),TZA,2022,Country or economy,Wind,False,0.0,0.0,,0.0,0.0,0.0,0.0,0.0,,0.0,,Africa,Africa,False,False,False,False,False,Tanzania
Tanzania (the United Republic of),TZA,2022,Country or economy,Hydro,False,2.82,-0.27,-8.738,29.314,-6.409,0.6,0.067,-0.006,-8.219,1.997,23.759,Africa,Africa,False,False,False,False,False,Tanzania
Tanzania (the United Republic of),TZA,2022,Country or economy,Bioenergy,False,0.07,0.0,0.0,0.728,-0.081,0.07,0.015,0.0,0.0,0.447,214.286,Africa,Africa,False,False,False,False,False,Tanzania
Tanzania (the United Republic of),TZA,2022,Country or economy,Other renewables,False,0.0,0.0,,0.0,0.0,0.0,0.0,0.0,,0.0,,Africa,Africa,False,False,False,False,False,Tanzania
Tanzania (the United Republic of),TZA,2022,Country or economy,Nuclear,False,0.0,0.0,,0.0,0.0,0.0,0.0,0.0,,0.0,,Africa,Africa,False,False,False,False,False,Tanzania
Tanzania (the United Republic of),TZA,2022,Country or economy,Coal,False,0.0,0.0,,0.0,0.0,,0.0,0.0,,0.0,,Africa,Africa,False,False,False,False,False,Tanzania
Tanzania (the United Republic of),TZA,2022,Country or economy,Gas,False,6.68,1.32,24.627,69.439,7.474,1.1,3.258,0.644,24.637,97.118,487.725,Africa,Africa,False,False,False,False,False,Tanzania
Tanzania (the United Republic of),TZA,2022,Country or economy,Other fossil,False,0.02,-0.08,-80.0,0.208,-0.948,0.13,0.013,-0.053,-80.303,0.388,650.0,Africa,Africa,False,False,False,False,False,Tanzania
Tanzania (the United Republic of),TZA,2022,Country or economy,Net imports,False,0.15,0.01,7.143,1.559,-0.059,,0.0,0.0,,0.0,0.0,Africa,Africa,False,False,False,False,False,Tanzania
Tanzania (the United Republic of),TZA,2022,Country or economy,Wind and solar,True,0.03,0.0,0.0,0.312,-0.035,0.01,0.001,0.0,0.0,0.03,33.333,Africa,Africa,False,False,False,False,False,Tanzania
Tanzania (the United Republic of),TZA,2022,Country or economy,"Hydro, bioenergy and other renewables",True,2.89,-0.27,-8.544,30.042,-6.49,0.6699999999999999,0.082,-0.007,-7.865,2.444,28.374,Africa,Africa,False,False,False,False,False,Tanzania
Tanzania (the United Republic of),TZA,2022,Country or economy,Renewables,True,2.92,-0.27,-8.464,30.353,-6.526,0.6799999999999999,0.084,-0.006,-6.667,2.504,28.767,Africa,Africa,False,False,False,False,False,Tanzania
Tanzania (the United Republic of),TZA,2022,Country or economy,Clean,True,2.92,-0.27,-8.464,30.353,-6.526,0.6799999999999999,0.084,-0.006,-6.667,2.504,28.767,Africa,Africa,False,False,False,False,False,Tanzania
Tanzania (the United Republic of),TZA,2022,Country or economy,Fossil,True,6.7,1.24,22.711,69.647,6.526,1.23,3.271,0.591,22.052,97.505,488.209,Africa,Africa,False,False,False,False,False,Tanzania
Tanzania (the United Republic of),TZA,2022,Country or economy,Total generation,True,9.62,0.97,11.214,100.0,0.0,1.91,3.355,0.585,21.119,100.009,348.753,Africa,Africa,False,False,False,False,False,Tanzania
Tanzania (the United Republic of),TZA,2022,Country or economy,Demand,True,9.77,0.98,11.149,101.559,-0.059,,,,,,,Africa,Africa,False,False,False,False,False,Tanzania
Tanzania (the United Republic of),TZA,2023,Country or economy,Solar,False,0.03,0.0,0.0,0.284,-0.028,0.01,0.001,0.0,0.0,0.025,33.333,Africa,Africa,False,False,False,False,False,Tanzania
Tanzania (the United Republic of),TZA,2023,Country or economy,Wind,False,0.0,0.0,,0.0,0.0,0.0,0.0,0.0,,0.0,,Africa,Africa,False,False,False,False,False,Tanzania
Tanzania (the United Republic of),TZA,2023,Country or economy,Hydro,False,2.7,-0.12,-4.255,25.544,-3.77,0.68,0.064,-0.003,-4.478,1.626,23.704,Africa,Africa,False,False,False,False,False,Tanzania
Tanzania (the United Republic of),TZA,2023,Country or economy,Bioenergy,False,0.07,0.0,0.0,0.662,-0.066,0.07,0.015,0.0,0.0,0.381,214.286,Africa,Africa,False,False,False,False,False,Tanzania
Tanzania (the United Republic of),TZA,2023,Country or economy,Other renewables,False,0.0,0.0,,0.0,0.0,0.0,0.0,0.0,,0.0,,Africa,Africa,False,False,False,False,False,Tanzania
Tanzania (the United Republic of),TZA,2023,Country or economy,Nuclear,False,0.0,0.0,,0.0,0.0,0.0,0.0,0.0,,0.0,,Africa,Africa,False,False,False,False,False,Tanzania
Tanzania (the United Republic of),TZA,2023,Country or economy,Coal,False,0.0,0.0,,0.0,0.0,,0.0,0.0,,0.0,,Africa,Africa,False,False,False,False,False,Tanzania
Tanzania (the United Republic of),TZA,2023,Country or economy,Gas,False,7.38,0.7,10.479,69.82,0.381,1.15,3.599,0.341,10.467,91.421,487.669,Africa,Africa,False,False,False,False,False,Tanzania
Tanzania (the United Republic of),TZA,2023,Country or economy,Other fossil,False,0.39,0.37,1850.0,3.69,3.482,0.13,0.257,0.244,1876.923,6.528,658.974,Africa,Africa,False,False,False,False,False,Tanzania
Tanzania (the United Republic of),TZA,2023,Country or economy,Net imports,False,0.19,0.04,26.667,1.798,0.239,,0.0,0.0,,0.0,0.0,Africa,Africa,False,False,False,False,False,Tanzania
Tanzania (the United Republic of),TZA,2023,Country or economy,Wind and solar,True,0.03,0.0,0.0,0.284,-0.028,0.01,0.001,0.0,0.0,0.025,33.333,Africa,Africa,False,False,False,False,False,Tanzania
Tanzania (the United Republic of),TZA,2023,Country or economy,"Hydro, bioenergy and other renewables",True,2.77,-0.12,-4.152,26.206,-3.836,0.75,0.079,-0.003,-3.659,2.007,28.52,Africa,Africa,False,False,False,False,False,Tanzania
Tanzania (the United Republic of),TZA,2023,Country or economy,Renewables,True,2.8,-0.12,-4.11,26.49,-3.863,0.76,0.081,-0.003,-3.571,2.058,28.929,Africa,Africa,False,False,False,False,False,Tanzania
Tanzania (the United Republic of),TZA,2023,Country or economy,Clean,True,2.8,-0.12,-4.11,26.49,-3.863,0.76,0.081,-0.003,-3.571,2.058,28.929,Africa,Africa,False,False,False,False,False,Tanzania
Tanzania (the United Republic of),TZA,2023,Country or economy,Fossil,True,7.77,1.07,15.97,73.51,3.863,1.2799999999999998,3.856,0.585,17.884,97.95,496.268,Africa,Africa,False,False,False,False,False,Tanzania
Tanzania (the United Republic of),TZA,2023,Country or economy,Total generation,True,10.57,0.95,9.875,100.0,0.0,2.04,3.937,0.582,17.347,100.007,372.469,Africa,Africa,False,False,False,False,False,Tanzania
Tanzania (the United Republic of),TZA,2023,Country or economy,Demand,True,10.76,0.99,10.133,101.798,0.239,,,,,,,Africa,Africa,False,False,False,False,False,Tanzania
Tanzania (the United Republic of),TZA,2024,Country or economy,Solar,False,0.04,0.01,33.333,0.452,0.168,0.01,0.002,0.001,100.0,0.066,50.0,Africa,Africa,False,False,False,False,False,Tanzania
Tanzania (the United Republic of),TZA,2024,Country or economy,Wind,False,0.0,0.0,,0.0,0.0,0.0,0.0,0.0,,0.0,,Africa,Africa,False,False,False,False,False,Tanzania
Tanzania (the United Republic of),TZA,2024,Country or economy,Hydro,False,2.8,0.1,3.704,31.674,6.13,1.39,0.067,0.003,4.688,2.204,23.929,Africa,Africa,False,False,False,False,False,Tanzania
Tanzania (the United Republic of),TZA,2024,Country or economy,Bioenergy,False,0.07,0.0,0.0,0.792,0.13,0.07,0.015,0.0,0.0,0.493,214.286,Africa,Africa,False,False,False,False,False,Tanzania
Tanzania (the United Republic of),TZA,2024,Country or economy,Other renewables,False,0.0,0.0,,0.0,0.0,0.0,0.0,0.0,,0.0,,Africa,Africa,False,False,False,False,False,Tanzania
Tanzania (the United Republic of),TZA,2024,Country or economy,Nuclear,False,0.0,0.0,,0.0,0.0,0.0,0.0,0.0,,0.0,,Africa,Africa,False,False,False,False,False,Tanzania
Tanzania (the United Republic of),TZA,2024,Country or economy,Coal,False,0.0,0.0,,0.0,0.0,,0.0,0.0,,0.0,,Africa,Africa,False,False,False,False,False,Tanzania
Tanzania (the United Republic of),TZA,2024,Country or economy,Gas,False,5.55,-1.83,-24.797,62.783,-7.037,1.15,2.707,-0.892,-24.785,89.033,487.748,Africa,Africa,False,False,False,False,False,Tanzania
Tanzania (the United Republic of),TZA,2024,Country or economy,Other fossil,False,0.38,-0.01,-2.564,4.299,0.609,0.13,0.25,-0.007,-2.724,8.222,657.895,Africa,Africa,False,False,False,False,False,Tanzania
Tanzania (the United Republic of),TZA,2024,Country or economy,Net imports,False,0.19,0.0,0.0,2.149,0.351,,0.0,0.0,,0.0,0.0,Africa,Africa,False,False,False,False,False,Tanzania
Tanzania (the United Republic of),TZA,2024,Country or economy,Wind and solar,True,0.04,0.01,33.333,0.452,0.168,0.01,0.002,0.001,100.0,0.066,50.0,Africa,Africa,False,False,False,False,False,Tanzania
Tanzania (the United Republic of),TZA,2024,Country or economy,"Hydro, bioenergy and other renewables",True,2.87,0.1,3.61,32.466,6.26,1.46,0.082,0.003,3.797,2.697,28.571,Africa,Africa,False,False,False,False,False,Tanzania
Tanzania (the United Republic of),TZA,2024,Country or economy,Renewables,True,2.91,0.11,3.929,32.919,6.429,1.47,0.084,0.003,3.704,2.763,28.866,Africa,Africa,False,False,False,False,False,Tanzania
Tanzania (the United Republic of),TZA,2024,Country or economy,Clean,True,2.91,0.11,3.929,32.919,6.429,1.47,0.084,0.003,3.704,2.763,28.866,Africa,Africa,False,False,False,False,False,Tanzania
Tanzania (the United Republic of),TZA,2024,Country or economy,Fossil,True,5.93,-1.84,-23.681,67.081,-6.429,1.2799999999999998,2.957,-0.899,-23.314,97.255,498.651,Africa,Africa,False,False,False,False,False,Tanzania
Tanzania (the United Republic of),TZA,2024,Country or economy,Total generation,True,8.84,-1.73,-16.367,100.0,0.0,2.75,3.04,-0.897,-22.784,99.985,343.891,Africa,Africa,False,False,False,False,False,Tanzania
Tanzania (the United Republic of),TZA,2024,Country or economy,Demand,True,9.03,-1.73,-16.078,102.149,0.351,,,,,,,Africa,Africa,False,False,False,False,False,Tanzania
Uganda,UGA,2000,Country or economy,Solar,False,0.0,,,0.0,,0.0,0.0,,,0.0,,Africa,Africa,False,False,False,False,False,Uganda
Uganda,UGA,2000,Country or economy,Wind,False,0.0,,,0.0,,0.0,0.0,,,0.0,,Africa,Africa,False,False,False,False,False,Uganda
Uganda,UGA,2000,Country or economy,Hydro,False,1.55,,,97.484,,0.26,0.037,,,74.157,23.871,Africa,Africa,False,False,False,False,False,Uganda
Uganda,UGA,2000,Country or economy,Bioenergy,False,0.03,,,1.887,,0.0,0.006,,,12.025,200.0,Africa,Africa,False,False,False,False,False,Uganda
Uganda,UGA,2000,Country or economy,Other renewables,False,0.0,,,0.0,,0.0,0.0,,,0.0,,Africa,Africa,False,False,False,False,False,Uganda
Uganda,UGA,2000,Country or economy,Nuclear,False,0.0,,,0.0,,0.0,0.0,,,0.0,,Africa,Africa,False,False,False,False,False,Uganda
Uganda,UGA,2000,Country or economy,Coal,False,0.0,,,0.0,,,0.0,,,0.0,,Africa,Africa,False,False,False,False,False,Uganda
Uganda,UGA,2000,Country or economy,Gas,False,0.0,,,0.0,,,0.0,,,0.0,,Africa,Africa,False,False,False,False,False,Uganda
Uganda,UGA,2000,Country or economy,Other fossil,False,0.01,,,0.629,,0.0,0.007,,,14.03,700.0,Africa,Africa,False,False,False,False,False,Uganda
Uganda,UGA,2000,Country or economy,Net imports,False,-0.16,,,-10.063,,,0.0,,,0.0,0.0,Africa,Africa,False,False,False,False,False,Uganda
Uganda,UGA,2000,Country or economy,Wind and solar,True,0.0,,,0.0,,0.0,0.0,,,0.0,,Africa,Africa,False,False,False,False,False,Uganda
Uganda,UGA,2000,Country or economy,"Hydro, bioenergy and other renewables",True,1.58,,,99.371,,0.26,0.043,,,86.183,27.215,Africa,Africa,False,False,False,False,False,Uganda
Uganda,UGA,2000,Country or economy,Renewables,True,1.58,,,99.371,,0.26,0.043,,,86.183,27.215,Africa,Africa,False,False,False,False,False,Uganda
Uganda,UGA,2000,Country or economy,Clean,True,1.58,,,99.371,,0.26,0.043,,,86.183,27.215,Africa,Africa,False,False,False,False,False,Uganda
Uganda,UGA,2000,Country or economy,Fossil,True,0.01,,,0.629,,0.0,0.007,,,14.03,700.0,Africa,Africa,False,False,False,False,False,Uganda
Uganda,UGA,2000,Country or economy,Total generation,True,1.59,,,100.0,,0.26,0.05,,,100.212,31.447,Africa,Africa,False,False,False,False,False,Uganda
Uganda,UGA,2000,Country or economy,Demand,True,1.43,,,89.937,,,,,,,,Africa,Africa,False,False,False,False,False,Uganda
Uganda,UGA,2001,Country or economy,Solar,False,0.0,0.0,,0.0,0.0,0.0,0.0,0.0,,0.0,,Africa,Africa,False,False,False,False,False,Uganda
Uganda,UGA,2001,Country or economy,Wind,False,0.0,0.0,,0.0,0.0,0.0,0.0,0.0,,0.0,,Africa,Africa,False,False,False,False,False,Uganda
Uganda,UGA,2001,Country or economy,Hydro,False,1.55,0.0,0.0,97.484,0.0,0.26,0.037,0.0,0.0,74.157,23.871,Africa,Africa,False,False,False,False,False,Uganda
Uganda,UGA,2001,Country or economy,Bioenergy,False,0.03,0.0,0.0,1.887,0.0,0.0,0.006,0.0,0.0,12.025,200.0,Africa,Africa,False,False,False,False,False,Uganda
Uganda,UGA,2001,Country or economy,Other renewables,False,0.0,0.0,,0.0,0.0,0.0,0.0,0.0,,0.0,,Africa,Africa,False,False,False,False,False,Uganda
Uganda,UGA,2001,Country or economy,Nuclear,False,0.0,0.0,,0.0,0.0,0.0,0.0,0.0,,0.0,,Africa,Africa,False,False,False,False,False,Uganda
Uganda,UGA,2001,Country or economy,Coal,False,0.0,0.0,,0.0,0.0,,0.0,0.0,,0.0,,Africa,Africa,False,False,False,False,False,Uganda
Uganda,UGA,2001,Country or economy,Gas,False,0.0,0.0,,0.0,0.0,,0.0,0.0,,0.0,,Africa,Africa,False,False,False,False,False,Uganda
Uganda,UGA,2001,Country or economy,Other fossil,False,0.01,0.0,0.0,0.629,0.0,0.0,0.007,0.0,0.0,14.03,700.0,Africa,Africa,False,False,False,False,False,Uganda
Uganda,UGA,2001,Country or economy,Net imports,False,-0.16,0.0,0.0,-10.063,0.0,,0.0,0.0,,0.0,0.0,Africa,Africa,False,False,False,False,False,Uganda
Uganda,UGA,2001,Country or economy,Wind and solar,True,0.0,0.0,,0.0,0.0,0.0,0.0,0.0,,0.0,,Africa,Africa,False,False,False,False,False,Uganda
Uganda,UGA,2001,Country or economy,"Hydro, bioenergy and other renewables",True,1.58,0.0,0.0,99.371,0.0,0.26,0.043,0.0,0.0,86.183,27.215,Africa,Africa,False,False,False,False,False,Uganda
Uganda,UGA,2001,Country or economy,Renewables,True,1.58,0.0,0.0,99.371,0.0,0.26,0.043,0.0,0.0,86.183,27.215,Africa,Africa,False,False,False,False,False,Uganda
Uganda,UGA,2001,Country or economy,Clean,True,1.58,0.0,0.0,99.371,0.0,0.26,0.043,0.0,0.0,86.183,27.215,Africa,Africa,False,False,False,False,False,Uganda
Uganda,UGA,2001,Country or economy,Fossil,True,0.01,0.0,0.0,0.629,0.0,0.0,0.007,0.0,0.0,14.03,700.0,Africa,Africa,False,False,False,False,False,Uganda
Uganda,UGA,2001,Country or economy,Total generation,True,1.59,0.0,0.0,100.0,0.0,0.26,0.05,0.0,0.0,100.212,31.447,Africa,Africa,False,False,False,False,False,Uganda
Uganda,UGA,2001,Country or economy,Demand,True,1.43,0.0,0.0,89.937,0.0,,,,,,,Africa,Africa,False,False,False,False,False,Uganda
Uganda,UGA,2002,Country or economy,Solar,False,0.0,0.0,,0.0,0.0,0.0,0.0,0.0,,0.0,,Africa,Africa,False,False,False,False,False,Uganda
Uganda,UGA,2002,Country or economy,Wind,False,0.0,0.0,,0.0,0.0,0.0,0.0,0.0,,0.0,,Africa,Africa,False,False,False,False,False,Uganda
Uganda,UGA,2002,Country or economy,Hydro,False,1.67,0.12,7.742,97.093,-0.391,0.3,0.04,0.003,8.108,72.85,23.952,Africa,Africa,False,False,False,False,False,Uganda
Uganda,UGA,2002,Country or economy,Bioenergy,False,0.04,0.01,33.333,2.326,0.439,0.0,0.009,0.003,50.0,16.391,225.0,Africa,Africa,False,False,False,False,False,Uganda
Uganda,UGA,2002,Country or economy,Other renewables,False,0.0,0.0,,0.0,0.0,0.0,0.0,0.0,,0.0,,Africa,Africa,False,False,False,False,False,Uganda
Uganda,UGA,2002,Country or economy,Nuclear,False,0.0,0.0,,0.0,0.0,0.0,0.0,0.0,,0.0,,Africa,Africa,False,False,False,False,False,Uganda
Uganda,UGA,2002,Country or economy,Coal,False,0.0,0.0,,0.0,0.0,,0.0,0.0,,0.0,,Africa,Africa,False,False,False,False,False,Uganda
Uganda,UGA,2002,Country or economy,Gas,False,0.0,0.0,,0.0,0.0,,0.0,0.0,,0.0,,Africa,Africa,False,False,False,False,False,Uganda
Uganda,UGA,2002,Country or economy,Other fossil,False,0.01,0.0,0.0,0.581,-0.048,0.0,0.007,0.0,0.0,12.749,700.0,Africa,Africa,False,False,False,False,False,Uganda
Uganda,UGA,2002,Country or economy,Net imports,False,-0.26,-0.1,62.5,-15.116,-5.053,,0.0,0.0,,0.0,0.0,Africa,Africa,False,False,False,False,False,Uganda
Uganda,UGA,2002,Country or economy,Wind and solar,True,0.0,0.0,,0.0,0.0,0.0,0.0,0.0,,0.0,,Africa,Africa,False,False,False,False,False,Uganda
Uganda,UGA,2002,Country or economy,"Hydro, bioenergy and other renewables",True,1.71,0.13,8.228,99.419,0.048,0.3,0.048,0.005,11.628,87.42,28.07,Africa,Africa,False,False,False,False,False,Uganda
Uganda,UGA,2002,Country or economy,Renewables,True,1.71,0.13,8.228,99.419,0.048,0.3,0.048,0.005,11.628,87.42,28.07,Africa,Africa,False,False,False,False,False,Uganda
Uganda,UGA,2002,Country or economy,Clean,True,1.71,0.13,8.228,99.419,0.048,0.3,0.048,0.005,11.628,87.42,28.07,Africa,Africa,False,False,False,False,False,Uganda
Uganda,UGA,2002,Country or economy,Fossil,True,0.01,0.0,0.0,0.581,-0.048,0.0,0.007,0.0,0.0,12.749,700.0,Africa,Africa,False,False,False,False,False,Uganda
Uganda,UGA,2002,Country or economy,Total generation,True,1.72,0.13,8.176,100.0,0.0,0.3,0.055,0.005,10.0,100.169,31.977,Africa,Africa,False,False,False,False,False,Uganda
Uganda,UGA,2002,Country or economy,Demand,True,1.46,0.03,2.098,84.884,-5.053,,,,,,,Africa,Africa,False,False,False,False,False,Uganda
Uganda,UGA,2003,Country or economy,Solar,False,0.0,0.0,,0.0,0.0,0.0,0.0,0.0,,0.0,,Africa,Africa,False,False,False,False,False,Uganda
Uganda,UGA,2003,Country or economy,Wind,False,0.0,0.0,,0.0,0.0,0.0,0.0,0.0,,0.0,,Africa,Africa,False,False,False,False,False,Uganda
Uganda,UGA,2003,Country or economy,Hydro,False,1.75,0.08,4.79,97.222,0.129,0.3,0.042,0.002,5.0,73.933,24.0,Africa,Africa,False,False,False,False,False,Uganda
Uganda,UGA,2003,Country or economy,Bioenergy,False,0.04,0.0,0.0,2.222,-0.104,0.0,0.009,0.0,0.0,15.843,225.0,Africa,Africa,False,False,False,False,False,Uganda
Uganda,UGA,2003,Country or economy,Other renewables,False,0.0,0.0,,0.0,0.0,0.0,0.0,0.0,,0.0,,Africa,Africa,False,False,False,False,False,Uganda
Uganda,UGA,2003,Country or economy,Nuclear,False,0.0,0.0,,0.0,0.0,0.0,0.0,0.0,,0.0,,Africa,Africa,False,False,False,False,False,Uganda
Uganda,UGA,2003,Country or economy,Coal,False,0.0,0.0,,0.0,0.0,,0.0,0.0,,0.0,,Africa,Africa,False,False,False,False,False,Uganda
Uganda,UGA,2003,Country or economy,Gas,False,0.0,0.0,,0.0,0.0,,0.0,0.0,,0.0,,Africa,Africa,False,False,False,False,False,Uganda
Uganda,UGA,2003,Country or economy,Other fossil,False,0.01,0.0,0.0,0.556,-0.025,0.0,0.007,0.0,0.0,12.322,700.0,Africa,Africa,False,False,False,False,False,Uganda
Uganda,UGA,2003,Country or economy,Net imports,False,-0.21,0.05,-19.231,-11.667,3.449,,0.0,0.0,,0.0,0.0,Africa,Africa,False,False,False,False,False,Uganda
Uganda,UGA,2003,Country or economy,Wind and solar,True,0.0,0.0,,0.0,0.0,0.0,0.0,0.0,,0.0,,Africa,Africa,False,False,False,False,False,Uganda
Uganda,UGA,2003,Country or economy,"Hydro, bioenergy and other renewables",True,1.79,0.08,4.678,99.444,0.025,0.3,0.05,0.002,4.167,88.016,27.933,Africa,Africa,False,False,False,False,False,Uganda
Uganda,UGA,2003,Country or economy,Renewables,True,1.79,0.08,4.678,99.444,0.025,0.3,0.05,0.002,4.167,88.016,27.933,Africa,Africa,False,False,False,False,False,Uganda
Uganda,UGA,2003,Country or economy,Clean,True,1.79,0.08,4.678,99.444,0.025,0.3,0.05,0.002,4.167,88.016,27.933,Africa,Africa,False,False,False,False,False,Uganda
Uganda,UGA,2003,Country or economy,Fossil,True,0.01,0.0,0.0,0.556,-0.025,0.0,0.007,0.0,0.0,12.322,700.0,Africa,Africa,False,False,False,False,False,Uganda
Uganda,UGA,2003,Country or economy,Total generation,True,1.8,0.08,4.651,100.0,0.0,0.3,0.057,0.002,3.636,100.338,31.667,Africa,Africa,False,False,False,False,False,Uganda
Uganda,UGA,2003,Country or economy,Demand,True,1.59,0.13,8.904,88.333,3.449,,,,,,,Africa,Africa,False,False,False,False,False,Uganda
Uganda,UGA,2004,Country or economy,Solar,False,0.0,0.0,,0.0,0.0,0.0,0.0,0.0,,0.0,,Africa,Africa,False,False,False,False,False,Uganda
Uganda,UGA,2004,Country or economy,Wind,False,0.0,0.0,,0.0,0.0,0.0,0.0,0.0,,0.0,,Africa,Africa,False,False,False,False,False,Uganda
Uganda,UGA,2004,Country or economy,Hydro,False,1.89,0.14,8.0,97.423,0.201,0.3,0.045,0.003,7.143,80.766,23.81,Africa,Africa,False,False,False,False,False,Uganda
Uganda,UGA,2004,Country or economy,Bioenergy,False,0.05,0.01,25.0,2.577,0.355,0.0,0.011,0.002,22.222,19.743,220.0,Africa,Africa,False,False,False,False,False,Uganda
Uganda,UGA,2004,Country or economy,Other renewables,False,0.0,0.0,,0.0,0.0,0.0,0.0,0.0,,0.0,,Africa,Africa,False,False,False,False,False,Uganda
Uganda,UGA,2004,Country or economy,Nuclear,False,0.0,0.0,,0.0,0.0,0.0,0.0,0.0,,0.0,,Africa,Africa,False,False,False,False,False,Uganda
Uganda,UGA,2004,Country or economy,Coal,False,0.0,0.0,,0.0,0.0,,0.0,0.0,,0.0,,Africa,Africa,False,False,False,False,False,Uganda
Uganda,UGA,2004,Country or economy,Gas,False,0.0,0.0,,0.0,0.0,,0.0,0.0,,0.0,,Africa,Africa,False,False,False,False,False,Uganda
Uganda,UGA,2004,Country or economy,Other fossil,False,0.0,-0.01,-100.0,0.0,-0.556,0.0,0.0,-0.007,-100.0,0.0,,Africa,Africa,False,False,False,False,False,Uganda
Uganda,UGA,2004,Country or economy,Net imports,False,-0.19,0.02,-9.524,-9.794,1.873,,0.0,0.0,,0.0,0.0,Africa,Africa,False,False,False,False,False,Uganda
Uganda,UGA,2004,Country or economy,Wind and solar,True,0.0,0.0,,0.0,0.0,0.0,0.0,0.0,,0.0,,Africa,Africa,False,False,False,False,False,Uganda
Uganda,UGA,2004,Country or economy,"Hydro, bioenergy and other renewables",True,1.94,0.15,8.38,100.0,0.556,0.3,0.056,0.006,12.0,100.509,28.866,Africa,Africa,False,False,False,False,False,Uganda
Uganda,UGA,2004,Country or economy,Renewables,True,1.94,0.15,8.38,100.0,0.556,0.3,0.056,0.006,12.0,100.509,28.866,Africa,Africa,False,False,False,False,False,Uganda
Uganda,UGA,2004,Country or economy,Clean,True,1.94,0.15,8.38,100.0,0.556,0.3,0.056,0.006,12.0,100.509,28.866,Africa,Africa,False,False,False,False,False,Uganda
Uganda,UGA,2004,Country or economy,Fossil,True,0.0,-0.01,-100.0,0.0,-0.556,0.0,0.0,-0.007,-100.0,0.0,,Africa,Africa,False,False,False,False,False,Uganda
Uganda,UGA,2004,Country or economy,Total generation,True,1.94,0.14,7.778,100.0,0.0,0.3,0.056,-0.001,-1.754,100.509,28.866,Africa,Africa,False,False,False,False,False,Uganda
Uganda,UGA,2004,Country or economy,Demand,True,1.75,0.16,10.063,90.206,1.873,,,,,,,Africa,Africa,False,False,False,False,False,Uganda
Uganda,UGA,2005,Country or economy,Solar,False,0.0,0.0,,0.0,0.0,0.0,0.0,0.0,,0.0,,Africa,Africa,False,False,False,False,False,Uganda
Uganda,UGA,2005,Country or economy,Wind,False,0.0,0.0,,0.0,0.0,0.0,0.0,0.0,,0.0,,Africa,Africa,False,False,False,False,False,Uganda
Uganda,UGA,2005,Country or economy,Hydro,False,1.84,-0.05,-2.646,93.878,-3.545,0.31,0.044,-0.001,-2.222,43.743,23.913,Africa,Africa,False,False,False,False,False,Uganda
Uganda,UGA,2005,Country or economy,Bioenergy,False,0.05,0.0,0.0,2.551,-0.026,0.0,0.011,0.0,0.0,10.936,220.0,Africa,Africa,False,False,False,False,False,Uganda
Uganda,UGA,2005,Country or economy,Other renewables,False,0.0,0.0,,0.0,0.0,0.0,0.0,0.0,,0.0,,Africa,Africa,False,False,False,False,False,Uganda
Uganda,UGA,2005,Country or economy,Nuclear,False,0.0,0.0,,0.0,0.0,0.0,0.0,0.0,,0.0,,Africa,Africa,False,False,False,False,False,Uganda
Uganda,UGA,2005,Country or economy,Coal,False,0.0,0.0,,0.0,0.0,,0.0,0.0,,0.0,,Africa,Africa,False,False,False,False,False,Uganda
Uganda,UGA,2005,Country or economy,Gas,False,0.0,0.0,,0.0,0.0,,0.0,0.0,,0.0,,Africa,Africa,False,False,False,False,False,Uganda
Uganda,UGA,2005,Country or economy,Other fossil,False,0.07,0.07,,3.571,3.571,0.05,0.046,0.046,,45.731,657.143,Africa,Africa,False,False,False,False,False,Uganda
Uganda,UGA,2005,Country or economy,Net imports,False,-0.06,0.13,-68.421,-3.061,6.733,,0.0,0.0,,0.0,0.0,Africa,Africa,False,False,False,False,False,Uganda
Uganda,UGA,2005,Country or economy,Wind and solar,True,0.0,0.0,,0.0,0.0,0.0,0.0,0.0,,0.0,,Africa,Africa,False,False,False,False,False,Uganda
Uganda,UGA,2005,Country or economy,"Hydro, bioenergy and other renewables",True,1.89,-0.05,-2.577,96.429,-3.571,0.31,0.055,-0.001,-1.786,54.678,29.101,Africa,Africa,False,False,False,False,False,Uganda
Uganda,UGA,2005,Country or economy,Renewables,True,1.89,-0.05,-2.577,96.429,-3.571,0.31,0.055,-0.001,-1.786,54.678,29.101,Africa,Africa,False,False,False,False,False,Uganda
Uganda,UGA,2005,Country or economy,Clean,True,1.89,-0.05,-2.577,96.429,-3.571,0.31,0.055,-0.001,-1.786,54.678,29.101,Africa,Africa,False,False,False,False,False,Uganda
Uganda,UGA,2005,Country or economy,Fossil,True,0.07,0.07,,3.571,3.571,0.05,0.046,0.046,,45.731,657.143,Africa,Africa,False,False,False,False,False,Uganda
Uganda,UGA,2005,Country or economy,Total generation,True,1.96,0.02,1.031,100.0,0.0,0.36,0.101,0.045,80.357,100.409,51.531,Africa,Africa,False,False,False,False,False,Uganda
Uganda,UGA,2005,Country or economy,Demand,True,1.9,0.15,8.571,96.939,6.733,,,,,,,Africa,Africa,False,False,False,False,False,Uganda
Uganda,UGA,2006,Country or economy,Solar,False,0.01,0.01,,0.625,0.625,0.0,0.0,0.0,,0.0,0.0,Africa,Africa,False,False,False,False,False,Uganda
Uganda,UGA,2006,Country or economy,Wind,False,0.0,0.0,,0.0,0.0,0.0,0.0,0.0,,0.0,,Africa,Africa,False,False,False,False,False,Uganda
Uganda,UGA,2006,Country or economy,Hydro,False,1.16,-0.68,-36.957,72.5,-21.378,0.31,0.028,-0.016,-36.364,9.692,24.138,Africa,Africa,False,False,False,False,False,Uganda
Uganda,UGA,2006,Country or economy,Bioenergy,False,0.05,0.0,0.0,3.125,0.574,0.0,0.011,0.0,0.0,3.808,220.0,Africa,Africa,False,False,False,False,False,Uganda
Uganda,UGA,2006,Country or economy,Other renewables,False,0.0,0.0,,0.0,0.0,0.0,0.0,0.0,,0.0,,Africa,Africa,False,False,False,False,False,Uganda
Uganda,UGA,2006,Country or economy,Nuclear,False,0.0,0.0,,0.0,0.0,0.0,0.0,0.0,,0.0,,Africa,Africa,False,False,False,False,False,Uganda
Uganda,UGA,2006,Country or economy,Coal,False,0.0,0.0,,0.0,0.0,,0.0,0.0,,0.0,,Africa,Africa,False,False,False,False,False,Uganda
Uganda,UGA,2006,Country or economy,Gas,False,0.0,0.0,,0.0,0.0,,0.0,0.0,,0.0,,Africa,Africa,False,False,False,False,False,Uganda
Uganda,UGA,2006,Country or economy,Other fossil,False,0.38,0.31,442.857,23.75,20.179,0.1,0.25,0.204,443.478,86.539,657.895,Africa,Africa,False,False,False,False,False,Uganda
Uganda,UGA,2006,Country or economy,Net imports,False,0.0,0.06,-100.0,0.0,3.061,,0.0,0.0,,0.0,,Africa,Africa,False,False,False,False,False,Uganda
Uganda,UGA,2006,Country or economy,Wind and solar,True,0.01,0.01,,0.625,0.625,0.0,0.0,0.0,,0.0,0.0,Africa,Africa,False,False,False,False,False,Uganda
Uganda,UGA,2006,Country or economy,"Hydro, bioenergy and other renewables",True,1.21,-0.68,-35.979,75.625,-20.804,0.31,0.038,-0.017,-30.909,13.154,31.405,Africa,Africa,False,False,False,False,False,Uganda
Uganda,UGA,2006,Country or economy,Renewables,True,1.22,-0.67,-35.45,76.25,-20.179,0.31,0.039,-0.016,-29.091,13.5,31.967,Africa,Africa,False,False,False,False,False,Uganda
Uganda,UGA,2006,Country or economy,Clean,True,1.22,-0.67,-35.45,76.25,-20.179,0.31,0.039,-0.016,-29.091,13.5,31.967,Africa,Africa,False,False,False,False,False,Uganda
Uganda,UGA,2006,Country or economy,Fossil,True,0.38,0.31,442.857,23.75,20.179,0.1,0.25,0.204,443.478,86.539,657.895,Africa,Africa,False,False,False,False,False,Uganda
Uganda,UGA,2006,Country or economy,Total generation,True,1.6,-0.36,-18.367,100.0,0.0,0.41,0.289,0.188,186.139,100.039,180.625,Africa,Africa,False,False,False,False,False,Uganda
Uganda,UGA,2006,Country or economy,Demand,True,1.6,-0.3,-15.789,100.0,3.061,,,,,,,Africa,Africa,False,False,False,False,False,Uganda
Uganda,UGA,2007,Country or economy,Solar,False,0.01,0.0,0.0,0.5,-0.125,0.0,0.0,0.0,,0.0,0.0,Africa,Africa,False,False,False,False,False,Uganda
Uganda,UGA,2007,Country or economy,Wind,False,0.0,0.0,,0.0,0.0,0.0,0.0,0.0,,0.0,,Africa,Africa,False,False,False,False,False,Uganda
Uganda,UGA,2007,Country or economy,Hydro,False,1.4,0.24,20.69,70.0,-2.5,0.31,0.033,0.005,17.857,8.253,23.571,Africa,Africa,False,False,False,False,False,Uganda
Uganda,UGA,2007,Country or economy,Bioenergy,False,0.05,0.0,0.0,2.5,-0.625,0.0,0.011,0.0,0.0,2.751,220.0,Africa,Africa,False,False,False,False,False,Uganda
Uganda,UGA,2007,Country or economy,Other renewables,False,0.0,0.0,,0.0,0.0,0.0,0.0,0.0,,0.0,,Africa,Africa,False,False,False,False,False,Uganda
Uganda,UGA,2007,Country or economy,Nuclear,False,0.0,0.0,,0.0,0.0,0.0,0.0,0.0,,0.0,,Africa,Africa,False,False,False,False,False,Uganda
Uganda,UGA,2007,Country or economy,Coal,False,0.0,0.0,,0.0,0.0,,0.0,0.0,,0.0,,Africa,Africa,False,False,False,False,False,Uganda
Uganda,UGA,2007,Country or economy,Gas,False,0.0,0.0,,0.0,0.0,,0.0,0.0,,0.0,,Africa,Africa,False,False,False,False,False,Uganda
Uganda,UGA,2007,Country or economy,Other fossil,False,0.54,0.16,42.105,27.0,3.25,0.1,0.355,0.105,42.0,88.779,657.407,Africa,Africa,False,False,False,False,False,Uganda
Uganda,UGA,2007,Country or economy,Net imports,False,-0.01,-0.01,,-0.5,-0.5,,0.0,0.0,,0.0,0.0,Africa,Africa,False,False,False,False,False,Uganda
Uganda,UGA,2007,Country or economy,Wind and solar,True,0.01,0.0,0.0,0.5,-0.125,0.0,0.0,0.0,,0.0,0.0,Africa,Africa,False,False,False,False,False,Uganda
Uganda,UGA,2007,Country or economy,"Hydro, bioenergy and other renewables",True,1.45,0.24,19.835,72.5,-3.125,0.31,0.044,0.006,15.789,11.004,30.345,Africa,Africa,False,False,False,False,False,Uganda
Uganda,UGA,2007,Country or economy,Renewables,True,1.46,0.24,19.672,73.0,-3.25,0.31,0.045,0.006,15.385,11.254,30.822,Africa,Africa,False,False,False,False,False,Uganda
Uganda,UGA,2007,Country or economy,Clean,True,1.46,0.24,19.672,73.0,-3.25,0.31,0.045,0.006,15.385,11.254,30.822,Africa,Africa,False,False,False,False,False,Uganda
Uganda,UGA,2007,Country or economy,Fossil,True,0.54,0.16,42.105,27.0,3.25,0.1,0.355,0.105,42.0,88.779,657.407,Africa,Africa,False,False,False,False,False,Uganda
Uganda,UGA,2007,Country or economy,Total generation,True,2.0,0.4,25.0,100.0,0.0,0.41,0.4,0.111,38.408,100.033,200.0,Africa,Africa,False,False,False,False,False,Uganda
Uganda,UGA,2007,Country or economy,Demand,True,1.99,0.39,24.375,99.5,-0.5,,,,,,,Africa,Africa,False,False,False,False,False,Uganda
Uganda,UGA,2008,Country or economy,Solar,False,0.02,0.01,100.0,0.858,0.358,0.0,0.001,0.001,,0.221,50.0,Africa,Africa,False,False,False,False,False,Uganda
Uganda,UGA,2008,Country or economy,Wind,False,0.0,0.0,,0.0,0.0,0.0,0.0,0.0,,0.0,,Africa,Africa,False,False,False,False,False,Uganda
Uganda,UGA,2008,Country or economy,Hydro,False,1.63,0.23,16.429,69.957,-0.043,0.4,0.039,0.006,18.182,8.633,23.926,Africa,Africa,False,False,False,False,False,Uganda
Uganda,UGA,2008,Country or economy,Bioenergy,False,0.08,0.03,60.0,3.433,0.933,0.02,0.017,0.006,54.545,3.763,212.5,Africa,Africa,False,False,False,False,False,Uganda
Uganda,UGA,2008,Country or economy,Other renewables,False,0.0,0.0,,0.0,0.0,0.0,0.0,0.0,,0.0,,Africa,Africa,False,False,False,False,False,Uganda
Uganda,UGA,2008,Country or economy,Nuclear,False,0.0,0.0,,0.0,0.0,0.0,0.0,0.0,,0.0,,Africa,Africa,False,False,False,False,False,Uganda
Uganda,UGA,2008,Country or economy,Coal,False,0.0,0.0,,0.0,0.0,,0.0,0.0,,0.0,,Africa,Africa,False,False,False,False,False,Uganda
Uganda,UGA,2008,Country or economy,Gas,False,0.0,0.0,,0.0,0.0,,0.0,0.0,,0.0,,Africa,Africa,False,False,False,False,False,Uganda
Uganda,UGA,2008,Country or economy,Other fossil,False,0.6,0.06,11.111,25.751,-1.249,0.2,0.395,0.04,11.268,87.433,658.333,Africa,Africa,False,False,False,False,False,Uganda
Uganda,UGA,2008,Country or economy,Net imports,False,-0.02,-0.01,100.0,-0.858,-0.358,,0.0,0.0,,0.0,0.0,Africa,Africa,False,False,False,False,False,Uganda
Uganda,UGA,2008,Country or economy,Wind and solar,True,0.02,0.01,100.0,0.858,0.358,0.0,0.001,0.001,,0.221,50.0,Africa,Africa,False,False,False,False,False,Uganda
Uganda,UGA,2008,Country or economy,"Hydro, bioenergy and other renewables",True,1.71,0.26,17.931,73.391,0.891,0.42,0.056,0.012,27.273,12.396,32.749,Africa,Africa,False,False,False,False,False,Uganda
Uganda,UGA,2008,Country or economy,Renewables,True,1.73,0.27,18.493,74.249,1.249,0.42,0.057,0.012,26.667,12.617,32.948,Africa,Africa,False,False,False,False,False,Uganda
Uganda,UGA,2008,Country or economy,Clean,True,1.73,0.27,18.493,74.249,1.249,0.42,0.057,0.012,26.667,12.617,32.948,Africa,Africa,False,False,False,False,False,Uganda
Uganda,UGA,2008,Country or economy,Fossil,True,0.6,0.06,11.111,25.751,-1.249,0.2,0.395,0.04,11.268,87.433,658.333,Africa,Africa,False,False,False,False,False,Uganda
Uganda,UGA,2008,Country or economy,Total generation,True,2.33,0.33,16.5,100.0,0.0,0.6200000000000001,0.452,0.052,13.0,100.05,193.991,Africa,Africa,False,False,False,False,False,Uganda
Uganda,UGA,2008,Country or economy,Demand,True,2.31,0.32,16.08,99.142,-0.358,,,,,,,Africa,Africa,False,False,False,False,False,Uganda
Uganda,UGA,2009,Country or economy,Solar,False,0.02,0.0,0.0,0.826,-0.032,0.0,0.001,0.0,0.0,0.156,50.0,Africa,Africa,False,False,False,False,False,Uganda
Uganda,UGA,2009,Country or economy,Wind,False,0.0,0.0,,0.0,0.0,0.0,0.0,0.0,,0.0,,Africa,Africa,False,False,False,False,False,Uganda
Uganda,UGA,2009,Country or economy,Hydro,False,1.4,-0.23,-14.11,57.851,-12.106,0.41,0.033,-0.006,-15.385,5.163,23.571,Africa,Africa,False,False,False,False,False,Uganda
Uganda,UGA,2009,Country or economy,Bioenergy,False,0.12,0.04,50.0,4.959,1.526,0.02,0.026,0.009,52.941,4.068,216.667,Africa,Africa,False,False,False,False,False,Uganda
Uganda,UGA,2009,Country or economy,Other renewables,False,0.0,0.0,,0.0,0.0,0.0,0.0,0.0,,0.0,,Africa,Africa,False,False,False,False,False,Uganda
Uganda,UGA,2009,Country or economy,Nuclear,False,0.0,0.0,,0.0,0.0,0.0,0.0,0.0,,0.0,,Africa,Africa,False,False,False,False,False,Uganda
Uganda,UGA,2009,Country or economy,Coal,False,0.0,0.0,,0.0,0.0,,0.0,0.0,,0.0,,Africa,Africa,False,False,False,False,False,Uganda
Uganda,UGA,2009,Country or economy,Gas,False,0.0,0.0,,0.0,0.0,,0.0,0.0,,0.0,,Africa,Africa,False,False,False,False,False,Uganda
Uganda,UGA,2009,Country or economy,Other fossil,False,0.88,0.28,46.667,36.364,10.613,0.15,0.579,0.184,46.582,90.582,657.955,Africa,Africa,False,False,False,False,False,Uganda
Uganda,UGA,2009,Country or economy,Net imports,False,-0.05,-0.03,150.0,-2.066,-1.208,,0.0,0.0,,0.0,0.0,Africa,Africa,False,False,False,False,False,Uganda
Uganda,UGA,2009,Country or economy,Wind and solar,True,0.02,0.0,0.0,0.826,-0.032,0.0,0.001,0.0,0.0,0.156,50.0,Africa,Africa,False,False,False,False,False,Uganda
Uganda,UGA,2009,Country or economy,"Hydro, bioenergy and other renewables",True,1.52,-0.19,-11.111,62.81,-10.581,0.43,0.059,0.003,5.357,9.23,38.816,Africa,Africa,False,False,False,False,False,Uganda
Uganda,UGA,2009,Country or economy,Renewables,True,1.54,-0.19,-10.983,63.636,-10.613,0.43,0.06,0.003,5.263,9.387,38.961,Africa,Africa,False,False,False,False,False,Uganda
Uganda,UGA,2009,Country or economy,Clean,True,1.54,-0.19,-10.983,63.636,-10.613,0.43,0.06,0.003,5.263,9.387,38.961,Africa,Africa,False,False,False,False,False,Uganda
Uganda,UGA,2009,Country or economy,Fossil,True,0.88,0.28,46.667,36.364,10.613,0.15,0.579,0.184,46.582,90.582,657.955,Africa,Africa,False,False,False,False,False,Uganda
Uganda,UGA,2009,Country or economy,Total generation,True,2.42,0.09,3.863,100.0,0.0,0.58,0.639,0.187,41.372,99.969,264.05,Africa,Africa,False,False,False,False,False,Uganda
Uganda,UGA,2009,Country or economy,Demand,True,2.37,0.06,2.597,97.934,-1.208,,,,,,,Africa,Africa,False,False,False,False,False,Uganda
Uganda,UGA,2010,Country or economy,Solar,False,0.02,0.0,0.0,0.73,-0.096,0.0,0.001,0.0,0.0,0.126,50.0,Africa,Africa,False,False,False,False,False,Uganda
Uganda,UGA,2010,Country or economy,Wind,False,0.0,0.0,,0.0,0.0,0.0,0.0,0.0,,0.0,,Africa,Africa,False,False,False,False,False,Uganda
Uganda,UGA,2010,Country or economy,Hydro,False,1.49,0.09,6.429,54.38,-3.471,0.43,0.035,0.002,6.061,4.415,23.49,Africa,Africa,False,False,False,False,False,Uganda
Uganda,UGA,2010,Country or economy,Bioenergy,False,0.12,0.0,0.0,4.38,-0.579,0.02,0.026,0.0,0.0,3.28,216.667,Africa,Africa,False,False,False,False,False,Uganda
Uganda,UGA,2010,Country or economy,Other renewables,False,0.0,0.0,,0.0,0.0,0.0,0.0,0.0,,0.0,,Africa,Africa,False,False,False,False,False,Uganda
Uganda,UGA,2010,Country or economy,Nuclear,False,0.0,0.0,,0.0,0.0,0.0,0.0,0.0,,0.0,,Africa,Africa,False,False,False,False,False,Uganda
Uganda,UGA,2010,Country or economy,Coal,False,0.0,0.0,,0.0,0.0,,0.0,0.0,,0.0,,Africa,Africa,False,False,False,False,False,Uganda
Uganda,UGA,2010,Country or economy,Gas,False,0.0,0.0,,0.0,0.0,,0.0,0.0,,0.0,,Africa,Africa,False,False,False,False,False,Uganda
Uganda,UGA,2010,Country or economy,Other fossil,False,1.11,0.23,26.136,40.511,4.147,0.17,0.73,0.151,26.079,92.093,657.658,Africa,Africa,False,False,False,False,False,Uganda
Uganda,UGA,2010,Country or economy,Net imports,False,-0.04,0.01,-20.0,-1.46,0.606,,0.0,0.0,,0.0,0.0,Africa,Africa,False,False,False,False,False,Uganda
Uganda,UGA,2010,Country or economy,Wind and solar,True,0.02,0.0,0.0,0.73,-0.096,0.0,0.001,0.0,0.0,0.126,50.0,Africa,Africa,False,False,False,False,False,Uganda
Uganda,UGA,2010,Country or economy,"Hydro, bioenergy and other renewables",True,1.61,0.09,5.921,58.759,-4.051,0.45,0.061,0.002,3.39,7.695,37.888,Africa,Africa,False,False,False,False,False,Uganda
Uganda,UGA,2010,Country or economy,Renewables,True,1.63,0.09,5.844,59.489,-4.147,0.45,0.062,0.002,3.333,7.822,38.037,Africa,Africa,False,False,False,False,False,Uganda
Uganda,UGA,2010,Country or economy,Clean,True,1.63,0.09,5.844,59.489,-4.147,0.45,0.062,0.002,3.333,7.822,38.037,Africa,Africa,False,False,False,False,False,Uganda
Uganda,UGA,2010,Country or economy,Fossil,True,1.11,0.23,26.136,40.511,4.147,0.17,0.73,0.151,26.079,92.093,657.658,Africa,Africa,False,False,False,False,False,Uganda
Uganda,UGA,2010,Country or economy,Total generation,True,2.74,0.32,13.223,100.0,0.0,0.62,0.793,0.154,24.1,100.041,289.416,Africa,Africa,False,False,False,False,False,Uganda
Uganda,UGA,2010,Country or economy,Demand,True,2.7,0.33,13.924,98.54,0.606,,,,,,,Africa,Africa,False,False,False,False,False,Uganda
Uganda,UGA,2011,Country or economy,Solar,False,0.02,0.0,0.0,0.752,0.022,0.0,0.001,0.0,0.0,0.137,50.0,Africa,Africa,False,False,False,False,False,Uganda
Uganda,UGA,2011,Country or economy,Wind,False,0.0,0.0,,0.0,0.0,0.0,0.0,0.0,,0.0,,Africa,Africa,False,False,False,False,False,Uganda
Uganda,UGA,2011,Country or economy,Hydro,False,1.53,0.04,2.685,57.519,3.139,0.43,0.036,0.001,2.857,4.916,23.529,Africa,Africa,False,False,False,False,False,Uganda
Uganda,UGA,2011,Country or economy,Bioenergy,False,0.08,-0.04,-33.333,3.008,-1.372,0.02,0.017,-0.009,-34.615,2.321,212.5,Africa,Africa,False,False,False,False,False,Uganda
Uganda,UGA,2011,Country or economy,Other renewables,False,0.0,0.0,,0.0,0.0,0.0,0.0,0.0,,0.0,,Africa,Africa,False,False,False,False,False,Uganda
Uganda,UGA,2011,Country or economy,Nuclear,False,0.0,0.0,,0.0,0.0,0.0,0.0,0.0,,0.0,,Africa,Africa,False,False,False,False,False,Uganda
Uganda,UGA,2011,Country or economy,Coal,False,0.0,0.0,,0.0,0.0,,0.0,0.0,,0.0,,Africa,Africa,False,False,False,False,False,Uganda
Uganda,UGA,2011,Country or economy,Gas,False,0.0,0.0,,0.0,0.0,,0.0,0.0,,0.0,,Africa,Africa,False,False,False,False,False,Uganda
Uganda,UGA,2011,Country or economy,Other fossil,False,1.03,-0.08,-7.207,38.722,-1.789,0.17,0.678,-0.052,-7.123,92.58,658.252,Africa,Africa,False,False,False,False,False,Uganda
Uganda,UGA,2011,Country or economy,Net imports,False,-0.05,-0.01,25.0,-1.88,-0.42,,0.0,0.0,,0.0,0.0,Africa,Africa,False,False,False,False,False,Uganda
Uganda,UGA,2011,Country or economy,Wind and solar,True,0.02,0.0,0.0,0.752,0.022,0.0,0.001,0.0,0.0,0.137,50.0,Africa,Africa,False,False,False,False,False,Uganda
Uganda,UGA,2011,Country or economy,"Hydro, bioenergy and other renewables",True,1.61,0.0,0.0,60.526,1.767,0.45,0.054,-0.007,-11.475,7.374,33.54,Africa,Africa,False,False,False,False,False,Uganda
Uganda,UGA,2011,Country or economy,Renewables,True,1.63,0.0,0.0,61.278,1.789,0.45,0.055,-0.007,-11.29,7.51,33.742,Africa,Africa,False,False,False,False,False,Uganda
Uganda,UGA,2011,Country or economy,Clean,True,1.63,0.0,0.0,61.278,1.789,0.45,0.055,-0.007,-11.29,7.51,33.742,Africa,Africa,False,False,False,False,False,Uganda
Uganda,UGA,2011,Country or economy,Fossil,True,1.03,-0.08,-7.207,38.722,-1.789,0.17,0.678,-0.052,-7.123,92.58,658.252,Africa,Africa,False,False,False,False,False,Uganda
Uganda,UGA,2011,Country or economy,Total generation,True,2.66,-0.08,-2.92,100.0,0.0,0.62,0.732,-0.061,-7.692,99.954,275.188,Africa,Africa,False,False,False,False,False,Uganda
Uganda,UGA,2011,Country or economy,Demand,True,2.61,-0.09,-3.333,98.12,-0.42,,,,,,,Africa,Africa,False,False,False,False,False,Uganda
Uganda,UGA,2012,Country or economy,Solar,False,0.03,0.01,50.0,1.034,0.282,0.0,0.001,0.0,0.0,0.359,33.333,Africa,Africa,False,False,False,False,False,Uganda
Uganda,UGA,2012,Country or economy,Wind,False,0.0,0.0,,0.0,0.0,0.0,0.0,0.0,,0.0,,Africa,Africa,False,False,False,False,False,Uganda
Uganda,UGA,2012,Country or economy,Hydro,False,2.45,0.92,60.131,84.483,26.964,0.58,0.058,0.022,61.111,20.821,23.673,Africa,Africa,False,False,False,False,False,Uganda
Uganda,UGA,2012,Country or economy,Bioenergy,False,0.13,0.05,62.5,4.483,1.475,0.02,0.028,0.011,64.706,10.052,215.385,Africa,Africa,False,False,False,False,False,Uganda
Uganda,UGA,2012,Country or economy,Other renewables,False,0.0,0.0,,0.0,0.0,0.0,0.0,0.0,,0.0,,Africa,Africa,False,False,False,False,False,Uganda
Uganda,UGA,2012,Country or economy,Nuclear,False,0.0,0.0,,0.0,0.0,0.0,0.0,0.0,,0.0,,Africa,Africa,False,False,False,False,False,Uganda
Uganda,UGA,2012,Country or economy,Coal,False,0.0,0.0,,0.0,0.0,,0.0,0.0,,0.0,,Africa,Africa,False,False,False,False,False,Uganda
Uganda,UGA,2012,Country or economy,Gas,False,0.0,0.0,,0.0,0.0,,0.0,0.0,,0.0,,Africa,Africa,False,False,False,False,False,Uganda
Uganda,UGA,2012,Country or economy,Other fossil,False,0.29,-0.74,-71.845,10.0,-28.722,0.12,0.191,-0.487,-71.829,68.566,658.621,Africa,Africa,False,False,False,False,False,Uganda
Uganda,UGA,2012,Country or economy,Net imports,False,-0.06,-0.01,20.0,-2.069,-0.189,,0.0,0.0,,0.0,0.0,Africa,Africa,False,False,False,False,False,Uganda
Uganda,UGA,2012,Country or economy,Wind and solar,True,0.03,0.01,50.0,1.034,0.282,0.0,0.001,0.0,0.0,0.359,33.333,Africa,Africa,False,False,False,False,False,Uganda
Uganda,UGA,2012,Country or economy,"Hydro, bioenergy and other renewables",True,2.58,0.97,60.248,88.966,28.44,0.6,0.086,0.032,59.259,30.873,33.333,Africa,Africa,False,False,False,False,False,Uganda
Uganda,UGA,2012,Country or economy,Renewables,True,2.61,0.98,60.123,90.0,28.722,0.6,0.088,0.033,60.0,31.591,33.716,Africa,Africa,False,False,False,False,False,Uganda
Uganda,UGA,2012,Country or economy,Clean,True,2.61,0.98,60.123,90.0,28.722,0.6,0.088,0.033,60.0,31.591,33.716,Africa,Africa,False,False,False,False,False,Uganda
Uganda,UGA,2012,Country or economy,Fossil,True,0.29,-0.74,-71.845,10.0,-28.722,0.12,0.191,-0.487,-71.829,68.566,658.621,Africa,Africa,False,False,False,False,False,Uganda
Uganda,UGA,2012,Country or economy,Total generation,True,2.9,0.24,9.023,100.0,0.0,0.72,0.279,-0.453,-61.885,100.157,96.207,Africa,Africa,False,False,False,False,False,Uganda
Uganda,UGA,2012,Country or economy,Demand,True,2.84,0.23,8.812,97.931,-0.189,,,,,,,Africa,Africa,False,False,False,False,False,Uganda
Uganda,UGA,2013,Country or economy,Solar,False,0.03,0.0,0.0,0.977,-0.057,0.0,0.001,0.0,0.0,0.94,33.333,Africa,Africa,False,False,False,False,False,Uganda
Uganda,UGA,2013,Country or economy,Wind,False,0.0,0.0,,0.0,0.0,0.0,0.0,0.0,,0.0,,Africa,Africa,False,False,False,False,False,Uganda
Uganda,UGA,2013,Country or economy,Hydro,False,2.87,0.42,17.143,93.485,9.002,0.69,0.068,0.01,17.241,63.927,23.693,Africa,Africa,False,False,False,False,False,Uganda
Uganda,UGA,2013,Country or economy,Bioenergy,False,0.17,0.04,30.769,5.537,1.054,0.04,0.037,0.009,32.143,34.784,217.647,Africa,Africa,False,False,False,False,False,Uganda
Uganda,UGA,2013,Country or economy,Other renewables,False,0.0,0.0,,0.0,0.0,0.0,0.0,0.0,,0.0,,Africa,Africa,False,False,False,False,False,Uganda
Uganda,UGA,2013,Country or economy,Nuclear,False,0.0,0.0,,0.0,0.0,0.0,0.0,0.0,,0.0,,Africa,Africa,False,False,False,False,False,Uganda
Uganda,UGA,2013,Country or economy,Coal,False,0.0,0.0,,0.0,0.0,,0.0,0.0,,0.0,,Africa,Africa,False,False,False,False,False,Uganda
Uganda,UGA,2013,Country or economy,Gas,False,0.0,0.0,,0.0,0.0,,0.0,0.0,,0.0,,Africa,Africa,False,False,False,False,False,Uganda
Uganda,UGA,2013,Country or economy,Other fossil,False,0.0,-0.29,-100.0,0.0,-10.0,0.1,0.0,-0.191,-100.0,0.0,,Africa,Africa,False,False,False,False,False,Uganda
Uganda,UGA,2013,Country or economy,Net imports,False,-0.06,0.0,0.0,-1.954,0.115,,0.0,0.0,,0.0,0.0,Africa,Africa,False,False,False,False,False,Uganda
Uganda,UGA,2013,Country or economy,Wind and solar,True,0.03,0.0,0.0,0.977,-0.057,0.0,0.001,0.0,0.0,0.94,33.333,Africa,Africa,False,False,False,False,False,Uganda
Uganda,UGA,2013,Country or economy,"Hydro, bioenergy and other renewables",True,3.04,0.46,17.829,99.023,10.057,0.73,0.105,0.019,22.093,98.711,34.539,Africa,Africa,False,False,False,False,False,Uganda
Uganda,UGA,2013,Country or economy,Renewables,True,3.07,0.46,17.625,100.0,10.0,0.73,0.106,0.018,20.455,99.651,34.528,Africa,Africa,False,False,False,False,False,Uganda
Uganda,UGA,2013,Country or economy,Clean,True,3.07,0.46,17.625,100.0,10.0,0.73,0.106,0.018,20.455,99.651,34.528,Africa,Africa,False,False,False,False,False,Uganda
Uganda,UGA,2013,Country or economy,Fossil,True,0.0,-0.29,-100.0,0.0,-10.0,0.1,0.0,-0.191,-100.0,0.0,,Africa,Africa,False,False,False,False,False,Uganda
Uganda,UGA,2013,Country or economy,Total generation,True,3.07,0.17,5.862,100.0,0.0,0.83,0.106,-0.173,-62.007,99.651,34.528,Africa,Africa,False,False,False,False,False,Uganda
Uganda,UGA,2013,Country or economy,Demand,True,3.01,0.17,5.986,98.046,0.115,,,,,,,Africa,Africa,False,False,False,False,False,Uganda
Uganda,UGA,2014,Country or economy,Solar,False,0.03,0.0,0.0,0.929,-0.048,0.0,0.001,0.0,0.0,0.553,33.333,Africa,Africa,False,False,False,False,False,Uganda
Uganda,UGA,2014,Country or economy,Wind,False,0.0,0.0,,0.0,0.0,0.0,0.0,0.0,,0.0,,Africa,Africa,False,False,False,False,False,Uganda
Uganda,UGA,2014,Country or economy,Hydro,False,2.87,0.0,0.0,88.854,-4.631,0.69,0.068,0.0,0.0,37.626,23.693,Africa,Africa,False,False,False,False,False,Uganda
Uganda,UGA,2014,Country or economy,Bioenergy,False,0.24,0.07,41.176,7.43,1.893,0.05,0.052,0.015,40.541,28.773,216.667,Africa,Africa,False,False,False,False,False,Uganda
Uganda,UGA,2014,Country or economy,Other renewables,False,0.0,0.0,,0.0,0.0,0.0,0.0,0.0,,0.0,,Africa,Africa,False,False,False,False,False,Uganda
Uganda,UGA,2014,Country or economy,Nuclear,False,0.0,0.0,,0.0,0.0,0.0,0.0,0.0,,0.0,,Africa,Africa,False,False,False,False,False,Uganda
Uganda,UGA,2014,Country or economy,Coal,False,0.0,0.0,,0.0,0.0,,0.0,0.0,,0.0,,Africa,Africa,False,False,False,False,False,Uganda
Uganda,UGA,2014,Country or economy,Gas,False,0.0,0.0,,0.0,0.0,,0.0,0.0,,0.0,,Africa,Africa,False,False,False,False,False,Uganda
Uganda,UGA,2014,Country or economy,Other fossil,False,0.09,0.09,,2.786,2.786,0.14,0.059,0.059,,32.646,655.556,Africa,Africa,False,False,False,False,False,Uganda
Uganda,UGA,2014,Country or economy,Net imports,False,-0.13,-0.07,116.667,-4.025,-2.071,,0.0,0.0,,0.0,0.0,Africa,Africa,False,False,False,False,False,Uganda
Uganda,UGA,2014,Country or economy,Wind and solar,True,0.03,0.0,0.0,0.929,-0.048,0.0,0.001,0.0,0.0,0.553,33.333,Africa,Africa,False,False,False,False,False,Uganda
Uganda,UGA,2014,Country or economy,"Hydro, bioenergy and other renewables",True,3.11,0.07,2.303,96.285,-2.738,0.74,0.12,0.015,14.286,66.399,38.585,Africa,Africa,False,False,False,False,False,Uganda
Uganda,UGA,2014,Country or economy,Renewables,True,3.14,0.07,2.28,97.214,-2.786,0.74,0.122,0.016,15.094,67.506,38.854,Africa,Africa,False,False,False,False,False,Uganda
Uganda,UGA,2014,Country or economy,Clean,True,3.14,0.07,2.28,97.214,-2.786,0.74,0.122,0.016,15.094,67.506,38.854,Africa,Africa,False,False,False,False,False,Uganda
Uganda,UGA,2014,Country or economy,Fossil,True,0.09,0.09,,2.786,2.786,0.14,0.059,0.059,,32.646,655.556,Africa,Africa,False,False,False,False,False,Uganda
Uganda,UGA,2014,Country or economy,Total generation,True,3.23,0.16,5.212,100.0,0.0,0.88,0.181,0.075,70.755,100.152,56.037,Africa,Africa,False,False,False,False,False,Uganda
Uganda,UGA,2014,Country or economy,Demand,True,3.1,0.09,2.99,95.975,-2.071,,,,,,,Africa,Africa,False,False,False,False,False,Uganda
Uganda,UGA,2015,Country or economy,Solar,False,0.03,0.0,0.0,0.845,-0.084,0.0,0.001,0.0,0.0,0.492,33.333,Africa,Africa,False,False,False,False,False,Uganda
Uganda,UGA,2015,Country or economy,Wind,False,0.0,0.0,,0.0,0.0,0.0,0.0,0.0,,0.0,,Africa,Africa,False,False,False,False,False,Uganda
Uganda,UGA,2015,Country or economy,Hydro,False,3.09,0.22,7.666,87.042,-1.812,0.69,0.073,0.005,7.353,35.933,23.625,Africa,Africa,False,False,False,False,False,Uganda
Uganda,UGA,2015,Country or economy,Bioenergy,False,0.35,0.11,45.833,9.859,2.429,0.06,0.076,0.024,46.154,37.41,217.143,Africa,Africa,False,False,False,False,False,Uganda
Uganda,UGA,2015,Country or economy,Other renewables,False,0.0,0.0,,0.0,0.0,0.0,0.0,0.0,,0.0,,Africa,Africa,False,False,False,False,False,Uganda
Uganda,UGA,2015,Country or economy,Nuclear,False,0.0,0.0,,0.0,0.0,0.0,0.0,0.0,,0.0,,Africa,Africa,False,False,False,False,False,Uganda
Uganda,UGA,2015,Country or economy,Coal,False,0.0,0.0,,0.0,0.0,,0.0,0.0,,0.0,,Africa,Africa,False,False,False,False,False,Uganda
Uganda,UGA,2015,Country or economy,Gas,False,0.0,0.0,,0.0,0.0,,0.0,0.0,,0.0,,Africa,Africa,False,False,False,False,False,Uganda
Uganda,UGA,2015,Country or economy,Other fossil,False,0.08,-0.01,-11.111,2.254,-0.532,0.14,0.053,-0.006,-10.169,26.089,662.5,Africa,Africa,False,False,False,False,False,Uganda
Uganda,UGA,2015,Country or economy,Net imports,False,-0.07,0.06,-46.154,-1.972,2.053,,0.0,0.0,,0.0,0.0,Africa,Africa,False,False,False,False,False,Uganda
Uganda,UGA,2015,Country or economy,Wind and solar,True,0.03,0.0,0.0,0.845,-0.084,0.0,0.001,0.0,0.0,0.492,33.333,Africa,Africa,False,False,False,False,False,Uganda
Uganda,UGA,2015,Country or economy,"Hydro, bioenergy and other renewables",True,3.44,0.33,10.611,96.901,0.616,0.75,0.149,0.029,24.167,73.343,43.314,Africa,Africa,False,False,False,False,False,Uganda
Uganda,UGA,2015,Country or economy,Renewables,True,3.47,0.33,10.51,97.746,0.532,0.75,0.151,0.029,23.77,74.328,43.516,Africa,Africa,False,False,False,False,False,Uganda
Uganda,UGA,2015,Country or economy,Clean,True,3.47,0.33,10.51,97.746,0.532,0.75,0.151,0.029,23.77,74.328,43.516,Africa,Africa,False,False,False,False,False,Uganda
Uganda,UGA,2015,Country or economy,Fossil,True,0.08,-0.01,-11.111,2.254,-0.532,0.14,0.053,-0.006,-10.169,26.089,662.5,Africa,Africa,False,False,False,False,False,Uganda
Uganda,UGA,2015,Country or economy,Total generation,True,3.55,0.32,9.907,100.0,0.0,0.89,0.203,0.022,12.155,99.924,57.183,Africa,Africa,False,False,False,False,False,Uganda
Uganda,UGA,2015,Country or economy,Demand,True,3.48,0.38,12.258,98.028,2.053,,,,,,,Africa,Africa,False,False,False,False,False,Uganda
Uganda,UGA,2016,Country or economy,Solar,False,0.04,0.01,33.333,1.061,0.216,0.01,0.002,0.001,100.0,0.979,50.0,Africa,Africa,False,False,False,False,False,Uganda
Uganda,UGA,2016,Country or economy,Wind,False,0.0,0.0,,0.0,0.0,0.0,0.0,0.0,,0.0,,Africa,Africa,False,False,False,False,False,Uganda
Uganda,UGA,2016,Country or economy,Hydro,False,3.3,0.21,6.796,87.533,0.491,0.69,0.078,0.005,6.849,38.198,23.636,Africa,Africa,False,False,False,False,False,Uganda
Uganda,UGA,2016,Country or economy,Bioenergy,False,0.36,0.01,2.857,9.549,-0.31,0.06,0.078,0.002,2.632,38.198,216.667,Africa,Africa,False,False,False,False,False,Uganda
Uganda,UGA,2016,Country or economy,Other renewables,False,0.0,0.0,,0.0,0.0,0.0,0.0,0.0,,0.0,,Africa,Africa,False,False,False,False,False,Uganda
Uganda,UGA,2016,Country or economy,Nuclear,False,0.0,0.0,,0.0,0.0,0.0,0.0,0.0,,0.0,,Africa,Africa,False,False,False,False,False,Uganda
Uganda,UGA,2016,Country or economy,Coal,False,0.0,0.0,,0.0,0.0,,0.0,0.0,,0.0,,Africa,Africa,False,False,False,False,False,Uganda
Uganda,UGA,2016,Country or economy,Gas,False,0.0,0.0,,0.0,0.0,,0.0,0.0,,0.0,,Africa,Africa,False,False,False,False,False,Uganda
Uganda,UGA,2016,Country or economy,Other fossil,False,0.07,-0.01,-12.5,1.857,-0.397,0.14,0.046,-0.007,-13.208,22.527,657.143,Africa,Africa,False,False,False,False,False,Uganda
Uganda,UGA,2016,Country or economy,Net imports,False,-0.12,-0.05,71.429,-3.183,-1.211,,0.0,0.0,,0.0,0.0,Africa,Africa,False,False,False,False,False,Uganda
Uganda,UGA,2016,Country or economy,Wind and solar,True,0.04,0.01,33.333,1.061,0.216,0.01,0.002,0.001,100.0,0.979,50.0,Africa,Africa,False,False,False,False,False,Uganda
Uganda,UGA,2016,Country or economy,"Hydro, bioenergy and other renewables",True,3.66,0.22,6.395,97.082,0.181,0.75,0.156,0.007,4.698,76.395,42.623,Africa,Africa,False,False,False,False,False,Uganda
Uganda,UGA,2016,Country or economy,Renewables,True,3.7,0.23,6.628,98.143,0.397,0.76,0.158,0.007,4.636,77.375,42.703,Africa,Africa,False,False,False,False,False,Uganda
Uganda,UGA,2016,Country or economy,Clean,True,3.7,0.23,6.628,98.143,0.397,0.76,0.158,0.007,4.636,77.375,42.703,Africa,Africa,False,False,False,False,False,Uganda
Uganda,UGA,2016,Country or economy,Fossil,True,0.07,-0.01,-12.5,1.857,-0.397,0.14,0.046,-0.007,-13.208,22.527,657.143,Africa,Africa,False,False,False,False,False,Uganda
Uganda,UGA,2016,Country or economy,Total generation,True,3.77,0.22,6.197,100.0,0.0,0.9,0.204,0.001,0.493,99.902,54.111,Africa,Africa,False,False,False,False,False,Uganda
Uganda,UGA,2016,Country or economy,Demand,True,3.65,0.17,4.885,96.817,-1.211,,,,,,,Africa,Africa,False,False,False,False,False,Uganda
Uganda,UGA,2017,Country or economy,Solar,False,0.06,0.02,50.0,1.587,0.526,0.03,0.003,0.001,50.0,1.704,50.0,Africa,Africa,False,False,False,False,False,Uganda
Uganda,UGA,2017,Country or economy,Wind,False,0.0,0.0,,0.0,0.0,0.0,0.0,0.0,,0.0,,Africa,Africa,False,False,False,False,False,Uganda
Uganda,UGA,2017,Country or economy,Hydro,False,3.44,0.14,4.242,91.005,3.472,0.71,0.082,0.004,5.128,46.578,23.837,Africa,Africa,False,False,False,False,False,Uganda
Uganda,UGA,2017,Country or economy,Bioenergy,False,0.21,-0.15,-41.667,5.556,-3.993,0.08,0.045,-0.033,-42.308,25.561,214.286,Africa,Africa,False,False,False,False,False,Uganda
Uganda,UGA,2017,Country or economy,Other renewables,False,0.0,0.0,,0.0,0.0,0.0,0.0,0.0,,0.0,,Africa,Africa,False,False,False,False,False,Uganda
Uganda,UGA,2017,Country or economy,Nuclear,False,0.0,0.0,,0.0,0.0,0.0,0.0,0.0,,0.0,,Africa,Africa,False,False,False,False,False,Uganda
Uganda,UGA,2017,Country or economy,Coal,False,0.0,0.0,,0.0,0.0,,0.0,0.0,,0.0,,Africa,Africa,False,False,False,False,False,Uganda
Uganda,UGA,2017,Country or economy,Gas,False,0.0,0.0,,0.0,0.0,,0.0,0.0,,0.0,,Africa,Africa,False,False,False,False,False,Uganda
Uganda,UGA,2017,Country or economy,Other fossil,False,0.07,0.0,0.0,1.852,-0.005,0.14,0.046,0.0,0.0,26.129,657.143,Africa,Africa,False,False,False,False,False,Uganda
Uganda,UGA,2017,Country or economy,Net imports,False,-0.29,-0.17,141.667,-7.672,-4.489,,0.0,0.0,,0.0,0.0,Africa,Africa,False,False,False,False,False,Uganda
Uganda,UGA,2017,Country or economy,Wind and solar,True,0.06,0.02,50.0,1.587,0.526,0.03,0.003,0.001,50.0,1.704,50.0,Africa,Africa,False,False,False,False,False,Uganda
Uganda,UGA,2017,Country or economy,"Hydro, bioenergy and other renewables",True,3.65,-0.01,-0.273,96.561,-0.521,0.7899999999999999,0.127,-0.029,-18.59,72.14,34.795,Africa,Africa,False,False,False,False,False,Uganda
Uganda,UGA,2017,Country or economy,Renewables,True,3.71,0.01,0.27,98.148,0.005,0.82,0.13,-0.028,-17.722,73.844,35.04,Africa,Africa,False,False,False,False,False,Uganda
Uganda,UGA,2017,Country or economy,Clean,True,3.71,0.01,0.27,98.148,0.005,0.82,0.13,-0.028,-17.722,73.844,35.04,Africa,Africa,False,False,False,False,False,Uganda
Uganda,UGA,2017,Country or economy,Fossil,True,0.07,0.0,0.0,1.852,-0.005,0.14,0.046,0.0,0.0,26.129,657.143,Africa,Africa,False,False,False,False,False,Uganda
Uganda,UGA,2017,Country or economy,Total generation,True,3.78,0.01,0.265,100.0,0.0,0.96,0.176,-0.028,-13.725,99.973,46.561,Africa,Africa,False,False,False,False,False,Uganda
Uganda,UGA,2017,Country or economy,Demand,True,3.49,-0.16,-4.384,92.328,-4.489,,,,,,,Africa,Africa,False,False,False,False,False,Uganda
Uganda,UGA,2018,Country or economy,Solar,False,0.07,0.01,16.667,1.628,0.041,0.05,0.003,0.0,0.0,0.847,42.857,Africa,Africa,False,False,False,False,False,Uganda
Uganda,UGA,2018,Country or economy,Wind,False,0.0,0.0,,0.0,0.0,0.0,0.0,0.0,,0.0,,Africa,Africa,False,False,False,False,False,Uganda
Uganda,UGA,2018,Country or economy,Hydro,False,3.64,0.2,5.814,84.651,-6.354,0.74,0.086,0.004,4.878,24.271,23.626,Africa,Africa,False,False,False,False,False,Uganda
Uganda,UGA,2018,Country or economy,Bioenergy,False,0.28,0.07,33.333,6.512,0.956,0.1,0.061,0.016,35.556,17.216,217.857,Africa,Africa,False,False,False,False,False,Uganda
Uganda,UGA,2018,Country or economy,Other renewables,False,0.0,0.0,,0.0,0.0,0.0,0.0,0.0,,0.0,,Africa,Africa,False,False,False,False,False,Uganda
Uganda,UGA,2018,Country or economy,Nuclear,False,0.0,0.0,,0.0,0.0,0.0,0.0,0.0,,0.0,,Africa,Africa,False,False,False,False,False,Uganda
Uganda,UGA,2018,Country or economy,Coal,False,0.0,0.0,,0.0,0.0,,0.0,0.0,,0.0,,Africa,Africa,False,False,False,False,False,Uganda
Uganda,UGA,2018,Country or economy,Gas,False,0.0,0.0,,0.0,0.0,,0.0,0.0,,0.0,,Africa,Africa,False,False,False,False,False,Uganda
Uganda,UGA,2018,Country or economy,Other fossil,False,0.31,0.24,342.857,7.209,5.357,0.1,0.204,0.158,343.478,57.574,658.065,Africa,Africa,False,False,False,False,False,Uganda
Uganda,UGA,2018,Country or economy,Net imports,False,-0.2,0.09,-31.034,-4.651,3.021,,0.0,0.0,,0.0,0.0,Africa,Africa,False,False,False,False,False,Uganda
Uganda,UGA,2018,Country or economy,Wind and solar,True,0.07,0.01,16.667,1.628,0.041,0.05,0.003,0.0,0.0,0.847,42.857,Africa,Africa,False,False,False,False,False,Uganda
Uganda,UGA,2018,Country or economy,"Hydro, bioenergy and other renewables",True,3.92,0.27,7.397,91.163,-5.398,0.84,0.147,0.02,15.748,41.487,37.5,Africa,Africa,False,False,False,False,False,Uganda
Uganda,UGA,2018,Country or economy,Renewables,True,3.99,0.28,7.547,92.791,-5.357,0.89,0.15,0.02,15.385,42.334,37.594,Africa,Africa,False,False,False,False,False,Uganda
Uganda,UGA,2018,Country or economy,Clean,True,3.99,0.28,7.547,92.791,-5.357,0.89,0.15,0.02,15.385,42.334,37.594,Africa,Africa,False,False,False,False,False,Uganda
Uganda,UGA,2018,Country or economy,Fossil,True,0.31,0.24,342.857,7.209,5.357,0.1,0.204,0.158,343.478,57.574,658.065,Africa,Africa,False,False,False,False,False,Uganda
Uganda,UGA,2018,Country or economy,Total generation,True,4.3,0.52,13.757,100.0,0.0,0.99,0.354,0.178,101.136,99.907,82.326,Africa,Africa,False,False,False,False,False,Uganda
Uganda,UGA,2018,Country or economy,Demand,True,4.1,0.61,17.479,95.349,3.021,,,,,,,Africa,Africa,False,False,False,False,False,Uganda
Uganda,UGA,2019,Country or economy,Solar,False,0.13,0.06,85.714,2.838,1.21,0.06,0.006,0.003,100.0,2.375,46.154,Africa,Africa,False,False,False,False,False,Uganda
Uganda,UGA,2019,Country or economy,Wind,False,0.0,0.0,,0.0,0.0,0.0,0.0,0.0,,0.0,,Africa,Africa,False,False,False,False,False,Uganda
Uganda,UGA,2019,Country or economy,Hydro,False,4.04,0.4,10.989,88.21,3.559,1.0,0.096,0.01,11.628,37.995,23.762,Africa,Africa,False,False,False,False,False,Uganda
Uganda,UGA,2019,Country or economy,Bioenergy,False,0.27,-0.01,-3.571,5.895,-0.617,0.1,0.058,-0.003,-4.918,22.956,214.815,Africa,Africa,False,False,False,False,False,Uganda
Uganda,UGA,2019,Country or economy,Other renewables,False,0.0,0.0,,0.0,0.0,0.0,0.0,0.0,,0.0,,Africa,Africa,False,False,False,False,False,Uganda
Uganda,UGA,2019,Country or economy,Nuclear,False,0.0,0.0,,0.0,0.0,0.0,0.0,0.0,,0.0,,Africa,Africa,False,False,False,False,False,Uganda
Uganda,UGA,2019,Country or economy,Coal,False,0.0,0.0,,0.0,0.0,,0.0,0.0,,0.0,,Africa,Africa,False,False,False,False,False,Uganda
Uganda,UGA,2019,Country or economy,Gas,False,0.0,0.0,,0.0,0.0,,0.0,0.0,,0.0,,Africa,Africa,False,False,False,False,False,Uganda
Uganda,UGA,2019,Country or economy,Other fossil,False,0.14,-0.17,-54.839,3.057,-4.152,0.1,0.092,-0.112,-54.902,36.412,657.143,Africa,Africa,False,False,False,False,False,Uganda
Uganda,UGA,2019,Country or economy,Net imports,False,-0.28,-0.08,40.0,-6.114,-1.463,,0.0,0.0,,0.0,0.0,Africa,Africa,False,False,False,False,False,Uganda
Uganda,UGA,2019,Country or economy,Wind and solar,True,0.13,0.06,85.714,2.838,1.21,0.06,0.006,0.003,100.0,2.375,46.154,Africa,Africa,False,False,False,False,False,Uganda
Uganda,UGA,2019,Country or economy,"Hydro, bioenergy and other renewables",True,4.31,0.39,9.949,94.105,2.942,1.1,0.154,0.007,4.762,60.951,35.731,Africa,Africa,False,False,False,False,False,Uganda
Uganda,UGA,2019,Country or economy,Renewables,True,4.44,0.45,11.278,96.943,4.152,1.16,0.161,0.011,7.333,63.721,36.261,Africa,Africa,False,False,False,False,False,Uganda
Uganda,UGA,2019,Country or economy,Clean,True,4.44,0.45,11.278,96.943,4.152,1.16,0.161,0.011,7.333,63.721,36.261,Africa,Africa,False,False,False,False,False,Uganda
Uganda,UGA,2019,Country or economy,Fossil,True,0.14,-0.17,-54.839,3.057,-4.152,0.1,0.092,-0.112,-54.902,36.412,657.143,Africa,Africa,False,False,False,False,False,Uganda
Uganda,UGA,2019,Country or economy,Total generation,True,4.58,0.28,6.512,100.0,0.0,1.2600000000000002,0.253,-0.101,-28.531,100.134,55.24,Africa,Africa,False,False,False,False,False,Uganda
Uganda,UGA,2019,Country or economy,Demand,True,4.3,0.2,4.878,93.886,-1.463,,,,,,,Africa,Africa,False,False,False,False,False,Uganda
Uganda,UGA,2020,Country or economy,Solar,False,0.14,0.01,7.692,3.043,0.205,0.07,0.007,0.001,16.667,2.932,50.0,Africa,Africa,False,False,False,False,False,Uganda
Uganda,UGA,2020,Country or economy,Wind,False,0.0,0.0,,0.0,0.0,0.0,0.0,0.0,,0.0,,Africa,Africa,False,False,False,False,False,Uganda
Uganda,UGA,2020,Country or economy,Hydro,False,4.08,0.04,0.99,88.696,0.486,1.02,0.097,0.001,1.042,40.626,23.775,Africa,Africa,False,False,False,False,False,Uganda
Uganda,UGA,2020,Country or economy,Bioenergy,False,0.26,-0.01,-3.704,5.652,-0.243,0.11,0.056,-0.002,-3.448,23.454,215.385,Africa,Africa,False,False,False,False,False,Uganda
Uganda,UGA,2020,Country or economy,Other renewables,False,0.0,0.0,,0.0,0.0,0.0,0.0,0.0,,0.0,,Africa,Africa,False,False,False,False,False,Uganda
Uganda,UGA,2020,Country or economy,Nuclear,False,0.0,0.0,,0.0,0.0,0.0,0.0,0.0,,0.0,,Africa,Africa,False,False,False,False,False,Uganda
Uganda,UGA,2020,Country or economy,Coal,False,0.0,0.0,,0.0,0.0,,0.0,0.0,,0.0,,Africa,Africa,False,False,False,False,False,Uganda
Uganda,UGA,2020,Country or economy,Gas,False,0.0,0.0,,0.0,0.0,,0.0,0.0,,0.0,,Africa,Africa,False,False,False,False,False,Uganda
Uganda,UGA,2020,Country or economy,Other fossil,False,0.12,-0.02,-14.286,2.609,-0.448,0.1,0.079,-0.013,-14.13,33.087,658.333,Africa,Africa,False,False,False,False,False,Uganda
Uganda,UGA,2020,Country or economy,Net imports,False,-0.2,0.08,-28.571,-4.348,1.766,,0.0,0.0,,0.0,0.0,Africa,Africa,False,False,False,False,False,Uganda
Uganda,UGA,2020,Country or economy,Wind and solar,True,0.14,0.01,7.692,3.043,0.205,0.07,0.007,0.001,16.667,2.932,50.0,Africa,Africa,False,False,False,False,False,Uganda
Uganda,UGA,2020,Country or economy,"Hydro, bioenergy and other renewables",True,4.34,0.03,0.696,94.348,0.243,1.13,0.153,-0.001,-0.649,64.08,35.253,Africa,Africa,False,False,False,False,False,Uganda
Uganda,UGA,2020,Country or economy,Renewables,True,4.48,0.04,0.901,97.391,0.448,1.2000000000000002,0.16,-0.001,-0.621,67.011,35.714,Africa,Africa,False,False,False,False,False,Uganda
Uganda,UGA,2020,Country or economy,Clean,True,4.48,0.04,0.901,97.391,0.448,1.2000000000000002,0.16,-0.001,-0.621,67.011,35.714,Africa,Africa,False,False,False,False,False,Uganda
Uganda,UGA,2020,Country or economy,Fossil,True,0.12,-0.02,-14.286,2.609,-0.448,0.1,0.079,-0.013,-14.13,33.087,658.333,Africa,Africa,False,False,False,False,False,Uganda
Uganda,UGA,2020,Country or economy,Total generation,True,4.6,0.02,0.437,100.0,0.0,1.3000000000000005,0.239,-0.014,-5.534,100.098,51.957,Africa,Africa,False,False,False,False,False,Uganda
Uganda,UGA,2020,Country or economy,Demand,True,4.4,0.1,2.326,95.652,1.766,,,,,,,Africa,Africa,False,False,False,False,False,Uganda
Uganda,UGA,2021,Country or economy,Solar,False,0.13,-0.01,-7.143,2.467,-0.576,0.08,0.006,-0.001,-14.286,2.128,46.154,Africa,Africa,False,False,False,False,False,Uganda
Uganda,UGA,2021,Country or economy,Wind,False,0.0,0.0,,0.0,0.0,0.0,0.0,0.0,,0.0,,Africa,Africa,False,False,False,False,False,Uganda
Uganda,UGA,2021,Country or economy,Hydro,False,4.64,0.56,13.725,88.046,-0.65,1.07,0.11,0.013,13.402,39.013,23.707,Africa,Africa,False,False,False,False,False,Uganda
Uganda,UGA,2021,Country or economy,Bioenergy,False,0.37,0.11,42.308,7.021,1.369,0.11,0.08,0.024,42.857,28.373,216.216,Africa,Africa,False,False,False,False,False,Uganda
Uganda,UGA,2021,Country or economy,Other renewables,False,0.0,0.0,,0.0,0.0,0.0,0.0,0.0,,0.0,,Africa,Africa,False,False,False,False,False,Uganda
Uganda,UGA,2021,Country or economy,Nuclear,False,0.0,0.0,,0.0,0.0,0.0,0.0,0.0,,0.0,,Africa,Africa,False,False,False,False,False,Uganda
Uganda,UGA,2021,Country or economy,Coal,False,0.0,0.0,,0.0,0.0,,0.0,0.0,,0.0,,Africa,Africa,False,False,False,False,False,Uganda
Uganda,UGA,2021,Country or economy,Gas,False,0.0,0.0,,0.0,0.0,,0.0,0.0,,0.0,,Africa,Africa,False,False,False,False,False,Uganda
Uganda,UGA,2021,Country or economy,Other fossil,False,0.13,0.01,8.333,2.467,-0.142,0.1,0.086,0.007,8.861,30.501,661.538,Africa,Africa,False,False,False,False,False,Uganda
Uganda,UGA,2021,Country or economy,Net imports,False,-0.37,-0.17,85.0,-7.021,-2.673,,0.0,0.0,,0.0,0.0,Africa,Africa,False,False,False,False,False,Uganda
Uganda,UGA,2021,Country or economy,Wind and solar,True,0.13,-0.01,-7.143,2.467,-0.576,0.08,0.006,-0.001,-14.286,2.128,46.154,Africa,Africa,False,False,False,False,False,Uganda
Uganda,UGA,2021,Country or economy,"Hydro, bioenergy and other renewables",True,5.01,0.67,15.438,95.066,0.718,1.1800000000000002,0.19,0.037,24.183,67.386,37.924,Africa,Africa,False,False,False,False,False,Uganda
Uganda,UGA,2021,Country or economy,Renewables,True,5.14,0.66,14.732,97.533,0.142,1.2600000000000002,0.196,0.036,22.5,69.514,38.132,Africa,Africa,False,False,False,False,False,Uganda
Uganda,UGA,2021,Country or economy,Clean,True,5.14,0.66,14.732,97.533,0.142,1.2600000000000002,0.196,0.036,22.5,69.514,38.132,Africa,Africa,False,False,False,False,False,Uganda
Uganda,UGA,2021,Country or economy,Fossil,True,0.13,0.01,8.333,2.467,-0.142,0.1,0.086,0.007,8.861,30.501,661.538,Africa,Africa,False,False,False,False,False,Uganda
Uganda,UGA,2021,Country or economy,Total generation,True,5.27,0.67,14.565,100.0,0.0,1.3600000000000003,0.282,0.043,17.992,100.015,53.51,Africa,Africa,False,False,False,False,False,Uganda
Uganda,UGA,2021,Country or economy,Demand,True,4.9,0.5,11.364,92.979,-2.673,,,,,,,Africa,Africa,False,False,False,False,False,Uganda
Uganda,UGA,2022,Country or economy,Solar,False,0.15,0.02,15.385,2.609,0.142,0.08,0.007,0.001,16.667,2.149,46.667,Africa,Africa,False,False,False,False,False,Uganda
Uganda,UGA,2022,Country or economy,Wind,False,0.0,0.0,,0.0,0.0,0.0,0.0,0.0,,0.0,,Africa,Africa,False,False,False,False,False,Uganda
Uganda,UGA,2022,Country or economy,Hydro,False,4.98,0.34,7.328,86.609,-1.437,1.1,0.118,0.008,7.273,36.222,23.695,Africa,Africa,False,False,False,False,False,Uganda
Uganda,UGA,2022,Country or economy,Bioenergy,False,0.47,0.1,27.027,8.174,1.153,0.11,0.102,0.022,27.5,31.311,217.021,Africa,Africa,False,False,False,False,False,Uganda
Uganda,UGA,2022,Country or economy,Other renewables,False,0.0,0.0,,0.0,0.0,0.0,0.0,0.0,,0.0,,Africa,Africa,False,False,False,False,False,Uganda
Uganda,UGA,2022,Country or economy,Nuclear,False,0.0,0.0,,0.0,0.0,0.0,0.0,0.0,,0.0,,Africa,Africa,False,False,False,False,False,Uganda
Uganda,UGA,2022,Country or economy,Coal,False,0.0,0.0,,0.0,0.0,,0.0,0.0,,0.0,,Africa,Africa,False,False,False,False,False,Uganda
Uganda,UGA,2022,Country or economy,Gas,False,0.0,0.0,,0.0,0.0,,0.0,0.0,,0.0,,Africa,Africa,False,False,False,False,False,Uganda
Uganda,UGA,2022,Country or economy,Other fossil,False,0.15,0.02,15.385,2.609,0.142,0.1,0.099,0.013,15.116,30.39,660.0,Africa,Africa,False,False,False,False,False,Uganda
Uganda,UGA,2022,Country or economy,Net imports,False,-0.41,-0.04,10.811,-7.13,-0.109,,0.0,0.0,,0.0,0.0,Africa,Africa,False,False,False,False,False,Uganda
Uganda,UGA,2022,Country or economy,Wind and solar,True,0.15,0.02,15.385,2.609,0.142,0.08,0.007,0.001,16.667,2.149,46.667,Africa,Africa,False,False,False,False,False,Uganda
Uganda,UGA,2022,Country or economy,"Hydro, bioenergy and other renewables",True,5.45,0.44,8.782,94.783,-0.283,1.2100000000000002,0.22,0.03,15.789,67.533,40.367,Africa,Africa,False,False,False,False,False,Uganda
Uganda,UGA,2022,Country or economy,Renewables,True,5.6,0.46,8.949,97.391,-0.142,1.2900000000000005,0.227,0.031,15.816,69.682,40.536,Africa,Africa,False,False,False,False,False,Uganda
Uganda,UGA,2022,Country or economy,Clean,True,5.6,0.46,8.949,97.391,-0.142,1.2900000000000005,0.227,0.031,15.816,69.682,40.536,Africa,Africa,False,False,False,False,False,Uganda
Uganda,UGA,2022,Country or economy,Fossil,True,0.15,0.02,15.385,2.609,0.142,0.1,0.099,0.013,15.116,30.39,660.0,Africa,Africa,False,False,False,False,False,Uganda
Uganda,UGA,2022,Country or economy,Total generation,True,5.75,0.48,9.108,100.0,0.0,1.3900000000000003,0.326,0.044,15.603,100.072,56.696,Africa,Africa,False,False,False,False,False,Uganda
Uganda,UGA,2022,Country or economy,Demand,True,5.34,0.44,8.98,92.87,-0.109,,,,,,,Africa,Africa,False,False,False,False,False,Uganda
Uganda,UGA,2023,Country or economy,Solar,False,0.15,0.0,0.0,2.6,-0.009,0.1,0.007,0.0,0.0,2.065,46.667,Africa,Africa,False,False,False,False,False,Uganda
Uganda,UGA,2023,Country or economy,Wind,False,0.0,0.0,,0.0,0.0,0.0,0.0,0.0,,0.0,,Africa,Africa,False,False,False,False,False,Uganda
Uganda,UGA,2023,Country or economy,Hydro,False,4.98,0.0,0.0,86.308,-0.301,1.51,0.118,0.0,0.0,34.816,23.695,Africa,Africa,False,False,False,False,False,Uganda
Uganda,UGA,2023,Country or economy,Bioenergy,False,0.47,0.0,0.0,8.146,-0.028,0.11,0.102,0.0,0.0,30.095,217.021,Africa,Africa,False,False,False,False,False,Uganda
Uganda,UGA,2023,Country or economy,Other renewables,False,0.0,0.0,,0.0,0.0,0.0,0.0,0.0,,0.0,,Africa,Africa,False,False,False,False,False,Uganda
Uganda,UGA,2023,Country or economy,Nuclear,False,0.0,0.0,,0.0,0.0,0.0,0.0,0.0,,0.0,,Africa,Africa,False,False,False,False,False,Uganda
Uganda,UGA,2023,Country or economy,Coal,False,0.0,0.0,,0.0,0.0,,0.0,0.0,,0.0,,Africa,Africa,False,False,False,False,False,Uganda
Uganda,UGA,2023,Country or economy,Gas,False,0.0,0.0,,0.0,0.0,,0.0,0.0,,0.0,,Africa,Africa,False,False,False,False,False,Uganda
Uganda,UGA,2023,Country or economy,Other fossil,False,0.17,0.02,13.333,2.946,0.337,0.1,0.112,0.013,13.131,33.045,658.824,Africa,Africa,False,False,False,False,False,Uganda
Uganda,UGA,2023,Country or economy,Net imports,False,-0.44,-0.03,7.317,-7.626,-0.496,,0.0,0.0,,0.0,0.0,Africa,Africa,False,False,False,False,False,Uganda
Uganda,UGA,2023,Country or economy,Wind and solar,True,0.15,0.0,0.0,2.6,-0.009,0.1,0.007,0.0,0.0,2.065,46.667,Africa,Africa,False,False,False,False,False,Uganda
Uganda,UGA,2023,Country or economy,"Hydro, bioenergy and other renewables",True,5.45,0.0,0.0,94.454,-0.329,1.62,0.22,0.0,0.0,64.911,40.367,Africa,Africa,False,False,False,False,False,Uganda
Uganda,UGA,2023,Country or economy,Renewables,True,5.6,0.0,0.0,97.054,-0.337,1.7200000000000002,0.227,0.0,0.0,66.976,40.536,Africa,Africa,False,False,False,False,False,Uganda
Uganda,UGA,2023,Country or economy,Clean,True,5.6,0.0,0.0,97.054,-0.337,1.7200000000000002,0.227,0.0,0.0,66.976,40.536,Africa,Africa,False,False,False,False,False,Uganda
Uganda,UGA,2023,Country or economy,Fossil,True,0.17,0.02,13.333,2.946,0.337,0.1,0.112,0.013,13.131,33.045,658.824,Africa,Africa,False,False,False,False,False,Uganda
Uganda,UGA,2023,Country or economy,Total generation,True,5.77,0.02,0.348,100.0,0.0,1.8200000000000005,0.339,0.013,3.988,100.022,58.752,Africa,Africa,False,False,False,False,False,Uganda
Uganda,UGA,2023,Country or economy,Demand,True,5.33,-0.01,-0.187,92.374,-0.496,,,,,,,Africa,Africa,False,False,False,False,False,Uganda
Uganda,UGA,2024,Country or economy,Solar,False,0.17,0.02,13.333,2.926,0.326,0.1,0.008,0.001,14.286,2.351,47.059,Africa,Africa,False,False,False,False,False,Uganda
Uganda,UGA,2024,Country or economy,Wind,False,0.0,0.0,,0.0,0.0,0.0,0.0,0.0,,0.0,,Africa,Africa,False,False,False,False,False,Uganda
Uganda,UGA,2024,Country or economy,Hydro,False,5.0,0.02,0.402,86.059,-0.249,1.71,0.119,0.001,0.847,34.964,23.8,Africa,Africa,False,False,False,False,False,Uganda
Uganda,UGA,2024,Country or economy,Bioenergy,False,0.47,0.0,0.0,8.09,-0.056,0.11,0.102,0.0,0.0,29.969,217.021,Africa,Africa,False,False,False,False,False,Uganda
Uganda,UGA,2024,Country or economy,Other renewables,False,0.0,0.0,,0.0,0.0,0.0,0.0,0.0,,0.0,,Africa,Africa,False,False,False,False,False,Uganda
Uganda,UGA,2024,Country or economy,Nuclear,False,0.0,0.0,,0.0,0.0,0.0,0.0,0.0,,0.0,,Africa,Africa,False,False,False,False,False,Uganda
Uganda,UGA,2024,Country or economy,Coal,False,0.0,0.0,,0.0,0.0,,0.0,0.0,,0.0,,Africa,Africa,False,False,False,False,False,Uganda
Uganda,UGA,2024,Country or economy,Gas,False,0.0,0.0,,0.0,0.0,,0.0,0.0,,0.0,,Africa,Africa,False,False,False,False,False,Uganda
Uganda,UGA,2024,Country or economy,Other fossil,False,0.17,0.0,0.0,2.926,-0.02,0.1,0.112,0.0,0.0,32.907,658.824,Africa,Africa,False,False,False,False,False,Uganda
Uganda,UGA,2024,Country or economy,Net imports,False,-0.44,0.0,0.0,-7.573,0.053,,0.0,0.0,,0.0,0.0,Africa,Africa,False,False,False,False,False,Uganda
Uganda,UGA,2024,Country or economy,Wind and solar,True,0.17,0.02,13.333,2.926,0.326,0.1,0.008,0.001,14.286,2.351,47.059,Africa,Africa,False,False,False,False,False,Uganda
Uganda,UGA,2024,Country or economy,"Hydro, bioenergy and other renewables",True,5.47,0.02,0.367,94.148,-0.306,1.82,0.22,0.0,0.0,64.639,40.219,Africa,Africa,False,False,False,False,False,Uganda
Uganda,UGA,2024,Country or economy,Renewables,True,5.64,0.04,0.714,97.074,0.02,1.92,0.228,0.001,0.441,66.989,40.426,Africa,Africa,False,False,False,False,False,Uganda
Uganda,UGA,2024,Country or economy,Clean,True,5.64,0.04,0.714,97.074,0.02,1.92,0.228,0.001,0.441,66.989,40.426,Africa,Africa,False,False,False,False,False,Uganda
Uganda,UGA,2024,Country or economy,Fossil,True,0.17,0.0,0.0,2.926,-0.02,0.1,0.112,0.0,0.0,32.907,658.824,Africa,Africa,False,False,False,False,False,Uganda
Uganda,UGA,2024,Country or economy,Total generation,True,5.81,0.04,0.693,100.0,0.0,2.02,0.34,0.001,0.295,99.896,58.52,Africa,Africa,False,False,False,False,False,Uganda
Uganda,UGA,2024,Country or economy,Demand,True,5.37,0.04,0.75,92.427,0.053,,,,,,,Africa,Africa,False,False,False,False,False,Uganda
